index,depth,bvid,aid,title,source_comment_count,exported_root_count,exported_reply_count,root_rpid,parent_rpid,rpid,author_mid,author_name,like,reply_count,ctime,send_date,send_datetime,message
1,0,BV1dvfsBrEFJ,116129188025616,央视一句话定调：这不是互殴，是正当防卫,650,323,327,301830876848,0,301830876848,3546577815734327,mm9527_,1,0,1778321780,2026-05-09,2026-05-09 18:16:20,"这事的问题是帽子不分对错，不看起因简单粗暴认定动手就算互殴。
最后能改正的主要原因是，1有完整监控，证明了2老板娘没惹他，他先找事，再加上最重要的3老板娘的啤酒瓶没造成严重后果（无证据证明是啤酒瓶造成的伤口，而更像是他自己碰的暖气片），和赶上了4手机上网且自媒体繁荣的时代（视频能传播开）。

如果没监控和有效证人，各执一词，最后起因争论不清，但都承认还手了，你是帽子你怎么定？又没有上帝视角，只能认定是口角之后互殴啊，然后没伤的赔有伤的，伤轻的赔伤重的。
如果有监控证明他先找事，但是清楚拍到老板娘啤酒瓶击打他太阳穴把他打死了，或者没监控，但是法医验尸报告证明是被啤酒瓶打死的，如果在没有自媒体的年代，大概率是防卫过当。
还有昆山龙哥，如果嘎他的不是他自己拿刀出来，而是空拳对当事人自己随身携带的螺丝刀，没有监控和互联网传播，按照之前那么多判防卫过当的例子，有多少可能会认定正当防卫？

什么叫防卫过当？就是知道你是被攻击后有正当理由防卫的，但是你还手后给对方造成的伤害，超过了他想对你的加害程度。
他酒后看你不顺眼，空手扇你脸几巴掌，结果你持菜刀卸了他一条腿，哪怕不是一条腿，只是砍断一根手指，也是妥妥的过当。

所以正当防卫条款一直都在，一直有问题的是，出于压制暴力行为的目的，对合理还击的认定太苛刻。
怕认定宽松了，会有人利用这个条款去挑衅别人先动手，再以正当防卫的名义将其致伤致死致残。

所以老板娘幸运的是，没证据证明是她啤酒瓶弄伤的，且更像是自己碰暖气片；
昆山当事人幸运的是，刀是龙哥的。

也就是说，如果没有暖气片和龙刀、监控和互联网自媒体繁荣，这俩即使认定是出于正当理由防卫，按照以前大量案例，大概率也是防卫过当。"
2,0,BV1dvfsBrEFJ,116129188025616,央视一句话定调：这不是互殴，是正当防卫,650,323,327,298682974577,0,298682974577,3436688,陶诺斯的BGM,0,0,1778133251,2026-05-07,2026-05-07 13:54:11,语言挑衅，推搡呢？
3,0,BV1dvfsBrEFJ,116129188025616,央视一句话定调：这不是互殴，是正当防卫,650,323,327,298682650225,0,298682650225,3436688,陶诺斯的BGM,0,0,1778132972,2026-05-07,2026-05-07 13:49:32,碎酒瓶造成的伤害和暖气片造成的伤害接近？？？？？
4,0,BV1dvfsBrEFJ,116129188025616,央视一句话定调：这不是互殴，是正当防卫,650,323,327,301595184912,0,301595184912,8529246,刀劍1993,0,0,1778124992,2026-05-07,2026-05-07 11:36:32,男子没有寻衅滋事罪吗？
5,0,BV1dvfsBrEFJ,116129188025616,央视一句话定调：这不是互殴，是正当防卫,650,323,327,301386322256,0,301386322256,1278422688,seebana,0,0,1777954642,2026-05-05,2026-05-05 12:17:22,就想问高院开始干啥去了！
6,0,BV1dvfsBrEFJ,116129188025616,央视一句话定调：这不是互殴，是正当防卫,650,323,327,298436369073,0,298436369073,99956969,安德沃特,0,0,1777919239,2026-05-05,2026-05-05 02:27:19,一审也是神人能判互殴
7,0,BV1dvfsBrEFJ,116129188025616,央视一句话定调：这不是互殴，是正当防卫,650,323,327,298279124145,0,298279124145,386543082,赫萝德,0,0,1777811912,2026-05-03,2026-05-03 20:38:32,你可以告他酒后滋事，民事诉讼，故意殴殴打人，破坏破坏营商环境故意，故意扰乱扰乱地方性地方性文明秩序，你可以试一试，你可你可以告他去
8,0,BV1dvfsBrEFJ,116129188025616,央视一句话定调：这不是互殴，是正当防卫,650,323,327,298110365473,0,298110365473,453259084,bili_63043840917,2,0,1777698755,2026-05-02,2026-05-02 13:12:35,终审结果让人欣慰，认定理由让人心寒
9,0,BV1dvfsBrEFJ,116129188025616,央视一句话定调：这不是互殴，是正当防卫,650,323,327,300869235648,0,300869235648,483930309,沉默的大考拉,0,2,1777605416,2026-05-01,2026-05-01 11:16:56,刑事案件，竟然要电视台（中央电视台）来定性。
10,1,BV1dvfsBrEFJ,116129188025616,央视一句话定调：这不是互殴，是正当防卫,650,323,327,300869235648,300899287824,298492470161,589237571,蛇缠兔结猴,0,0,1777969327,2026-05-05,2026-05-05 16:22:07,回复 @沉沦一生1987 :嘿嘿，四川的事有云南贵州的媒体观察[吃瓜]
11,1,BV1dvfsBrEFJ,116129188025616,央视一句话定调：这不是互殴，是正当防卫,650,323,327,300869235648,300869235648,300899287824,45920404,沉沦一生1987,0,0,1777621804,2026-05-01,2026-05-01 15:50:04,知足吧，新闻媒体能监督，还有异地监督，比如四川观察除了四川全国他都观察[笑哭]
12,0,BV1dvfsBrEFJ,116129188025616,央视一句话定调：这不是互殴，是正当防卫,650,323,327,297847120193,0,297847120193,17513074,野牛大陀螺,0,0,1777484828,2026-04-30,2026-04-30 01:47:08,这事不简单。
13,0,BV1dvfsBrEFJ,116129188025616,央视一句话定调：这不是互殴，是正当防卫,650,323,327,300461148256,0,300461148256,29968246,暮雨霖瀮,2,0,1777303823,2026-04-27,2026-04-27 23:30:23,受害人付出了多大代价才得到的正义？谁来为这个代价买单？
14,0,BV1dvfsBrEFJ,116129188025616,央视一句话定调：这不是互殴，是正当防卫,650,323,327,300378968864,0,300378968864,1212152713,大眼TV,2,0,1777253801,2026-04-27,2026-04-27 09:36:41,法治的落实之路还任重道远，那些扰民的邻居至今也没法治理
15,0,BV1dvfsBrEFJ,116129188025616,央视一句话定调：这不是互殴，是正当防卫,650,323,327,300240866160,0,300240866160,1082451618,夢幻之翼,1,0,1777163018,2026-04-26,2026-04-26 08:23:38,这真的太气人了，这喝了酒，寻衅滋事还有理了
16,0,BV1dvfsBrEFJ,116129188025616,央视一句话定调：这不是互殴，是正当防卫,650,323,327,297335475249,0,297335475249,92045080,俊男仔_,0,0,1777090900,2026-04-25,2026-04-25 12:21:40,漫漫长路，正气在心中
17,0,BV1dvfsBrEFJ,116129188025616,央视一句话定调：这不是互殴，是正当防卫,650,323,327,300080282960,0,300080282960,622403518,黑衣小魔王,0,0,1777049298,2026-04-25,2026-04-25 00:48:18,女方是正当防卫  男的就拘留了   拘留了吗
18,0,BV1dvfsBrEFJ,116129188025616,央视一句话定调：这不是互殴，是正当防卫,650,323,327,297237482545,0,297237482545,35712253,带你冲进垃圾堆yhd,1,0,1777012622,2026-04-24,2026-04-24 14:37:02,应该问问那派出所民警，如果是他他该怎么办
19,0,BV1dvfsBrEFJ,116129188025616,央视一句话定调：这不是互殴，是正当防卫,650,323,327,297237176177,0,297237176177,35712253,带你冲进垃圾堆yhd,0,0,1777012327,2026-04-24,2026-04-24 14:32:07,这也不公平啊，
20,0,BV1dvfsBrEFJ,116129188025616,央视一句话定调：这不是互殴，是正当防卫,650,323,327,299978818480,0,299978818480,135220815,东晋人,1,0,1776986710,2026-04-24,2026-04-24 07:25:10,也就是说如果伤是女的打的还是不算正当防卫?一个女人被壮汉骑着打，还不能找东西砸他?
21,0,BV1dvfsBrEFJ,116129188025616,央视一句话定调：这不是互殴，是正当防卫,650,323,327,297124871953,0,297124871953,3546616197810393,男铜辛吉飞,0,1,1776917974,2026-04-23,2026-04-23 12:19:34,主要是如果对方已经停手了，你这个时候再打的话就叫互殴了。
22,1,BV1dvfsBrEFJ,116129188025616,央视一句话定调：这不是互殴，是正当防卫,650,323,327,297124871953,297124871953,297218651409,1143562358,ang21ang,0,0,1776999648,2026-04-24,2026-04-24 11:00:48,从龙哥案开始我就一直这个观点，你一旦开始动手，不管停不停手，只要没有明确表示停止侵害的意图或行为，就应该认定为持续侵害的状态，对应的反击则是为了使对方失去侵害能力或打消侵害意图，都是正当防卫。龙哥案判决也符合我的观点。
23,0,BV1dvfsBrEFJ,116129188025616,央视一句话定调：这不是互殴，是正当防卫,650,323,327,297114130753,0,297114130753,35554152,林宣辞,0,0,1776909744,2026-04-23,2026-04-23 10:02:24,要是没暖气片那还手就算互殴吗，有点可怕了吧，在明显对方先挑事，先动手而且对方压着打没啥反抗能力的情况下，被打的还手还要求要注意分寸，那跟直接说被打不能还手没差别[捂脸]
24,0,BV1dvfsBrEFJ,116129188025616,央视一句话定调：这不是互殴，是正当防卫,650,323,327,299849353328,0,299849353328,386365848,jannysnake,0,0,1776872720,2026-04-22,2026-04-22 23:45:20,顶上去！！！！！！！
25,0,BV1dvfsBrEFJ,116129188025616,央视一句话定调：这不是互殴，是正当防卫,650,323,327,297062762481,0,297062762481,518370098,回首往昔看锤子,1,0,1776857962,2026-04-22,2026-04-22 19:39:22,那么，公安和法院算不算履职不当？
26,0,BV1dvfsBrEFJ,116129188025616,央视一句话定调：这不是互殴，是正当防卫,650,323,327,296896681937,0,296896681937,671027259,栖霞山大桥桥长,2,0,1776715876,2026-04-21,2026-04-21 04:11:16,说个题外话，醉酒从来都不会让一个好人变坏，只是放大了一个人内心的坏
27,0,BV1dvfsBrEFJ,116129188025616,央视一句话定调：这不是互殴，是正当防卫,650,323,327,296882706625,0,296882706625,2367398,小菜菜と顾之之,0,0,1776699802,2026-04-20,2026-04-20 23:43:22,所以要还手就得下死手，不然归治安管还是麻烦，得升级到刑法管才更好认定正当防卫
28,0,BV1dvfsBrEFJ,116129188025616,央视一句话定调：这不是互殴，是正当防卫,650,323,327,296827862049,0,296827862049,1042682491,非常业余吉他手,0,0,1776668801,2026-04-20,2026-04-20 15:06:41,如果大姐忽然说自己是外国国籍，事情会不会不一样
29,0,BV1dvfsBrEFJ,116129188025616,央视一句话定调：这不是互殴，是正当防卫,650,323,327,296799812465,0,296799812465,352137284,我贱犹怜,3,0,1776649356,2026-04-20,2026-04-20 09:42:36,这种在被别人暴力行为，不知道对方的伤害会什么时候停止，出于保护自己的目的攻击对方肯定是正当防卫构不成互殴，有录像，有个正常律师都构不成互殴，派出所确实不够负责图省事了
30,0,BV1dvfsBrEFJ,116129188025616,央视一句话定调：这不是互殴，是正当防卫,650,323,327,299504199808,0,299504199808,10204086,妈妈再来一碗,1,0,1776613276,2026-04-19,2026-04-19 23:41:16,这个视频看了容易高血压，这么多围观的看着一个男的打女的
31,0,BV1dvfsBrEFJ,116129188025616,央视一句话定调：这不是互殴，是正当防卫,650,323,327,296745971201,0,296745971201,516084486,比你贱,0,0,1776599833,2026-04-19,2026-04-19 19:57:13,看笑了这个风气还需要先驱人改善
32,0,BV1dvfsBrEFJ,116129188025616,央视一句话定调：这不是互殴，是正当防卫,650,323,327,296700168593,0,296700168593,2116439359,殷商大叔,0,0,1776574542,2026-04-19,2026-04-19 12:55:42,互殴这个定义就是个错误。谁先动手谁承担全部责任。两国纷争，先发动战争的那一方就是赤裸裸的侵略，保家卫国的那一方难道算互殴？可笑
33,0,BV1dvfsBrEFJ,116129188025616,央视一句话定调：这不是互殴，是正当防卫,650,323,327,299415032544,0,299415032544,351935322,不知道起什么名字jk,0,0,1776568307,2026-04-19,2026-04-19 11:11:47,拉倒吧，说1000道1万还是和稀泥挨打还手还是判互殴？
34,0,BV1dvfsBrEFJ,116129188025616,央视一句话定调：这不是互殴，是正当防卫,650,323,327,299406743840,0,299406743840,23888118,BIGONH,2,0,1776563305,2026-04-19,2026-04-19 09:48:25,[笑哭][笑哭]跟酒驾一样，喝了酒闹事就是全责[doge][doge]【玩笑】
35,0,BV1dvfsBrEFJ,116129188025616,央视一句话定调：这不是互殴，是正当防卫,650,323,327,296651428353,0,296651428353,3368280,B站小韭菜,2,0,1776528778,2026-04-19,2026-04-19 00:12:58,法治进程还得加强
36,0,BV1dvfsBrEFJ,116129188025616,央视一句话定调：这不是互殴，是正当防卫,650,323,327,299367386352,0,299367386352,2001443809,枫叶伴随,0,0,1776525782,2026-04-18,2026-04-18 23:23:02,这么看我小时候还挺好的，我哥脾气不好，没事就爱欺负我，就好像控制不住自己，看到我出现就跟捕食者看到猎物一样，本能想动手动脚的...我有时候实在受不了了就会反抗，事后再告诉我爸，我就会得到正义判决。
37,0,BV1dvfsBrEFJ,116129188025616,央视一句话定调：这不是互殴，是正当防卫,650,323,327,299361532816,0,299361532816,12212696,开拓者二十年老粉,1,1,1776522980,2026-04-18,2026-04-18 22:36:20,我一直觉得部分法官的判罚跟AI一样，只会往以前已有的判罚上靠[笑哭]
38,1,BV1dvfsBrEFJ,116129188025616,央视一句话定调：这不是互殴，是正当防卫,650,323,327,299361532816,299361532816,296884901265,2367398,小菜菜と顾之之,0,0,1776701138,2026-04-21,2026-04-21 00:05:38,不要侮辱AI，我是说GPT-5
39,0,BV1dvfsBrEFJ,116129188025616,央视一句话定调：这不是互殴，是正当防卫,650,323,327,299359901184,0,299359901184,12212696,开拓者二十年老粉,0,0,1776522275,2026-04-18,2026-04-18 22:24:35,这居然还能判过互殴吗[笑哭]
40,0,BV1dvfsBrEFJ,116129188025616,央视一句话定调：这不是互殴，是正当防卫,650,323,327,296607868401,0,296607868401,1263909194,远山和晨曦,0,0,1776506138,2026-04-18,2026-04-18 17:55:38,如果不是因为有监控可以判断额头的伤是因为磕到暖气片，那肯定就翻案无望了！在自己店铺这种情形哪怕多两个酒瓶下去也应该定性为正当防卫！
41,0,BV1dvfsBrEFJ,116129188025616,央视一句话定调：这不是互殴，是正当防卫,650,323,327,296583317985,0,296583317985,72137567,yanganjun1980,14,0,1776490732,2026-04-18,2026-04-18 13:38:52,只要喝了酒打人，就像酒驾一样，直接就是全责
42,0,BV1dvfsBrEFJ,116129188025616,央视一句话定调：这不是互殴，是正当防卫,650,323,327,299281412336,0,299281412336,431998808,帅萌的酷boy,3,0,1776480045,2026-04-18,2026-04-18 10:40:45,这个世界还是犯错成本太低了，好人难做
43,0,BV1dvfsBrEFJ,116129188025616,央视一句话定调：这不是互殴，是正当防卫,650,323,327,299274005760,0,299274005760,268452400,椒盐排骨油爆虾,2,1,1776474694,2026-04-18,2026-04-18 09:11:34,被打就躺下才是正确的吗？
44,1,BV1dvfsBrEFJ,116129188025616,央视一句话定调：这不是互殴，是正当防卫,650,323,327,299274005760,299274005760,299399792176,325243806,远古大色魔,0,0,1776558227,2026-04-19,2026-04-19 08:23:47,能解决大部分纷争。
45,0,BV1dvfsBrEFJ,116129188025616,央视一句话定调：这不是互殴，是正当防卫,650,323,327,299268403360,0,299268403360,40916111,东北K老,0,0,1776469338,2026-04-18,2026-04-18 07:42:18,按理说，互殴的前提是暴力冲突发生前，双方均有主动升级冲突意愿，才可能认定为互殴。如果一方首先使用暴力或以暴力进行威慑后，导致另一方认为自己收到威胁而升级冲突，则不应该视为主动升级冲突，就不应该认定为互殴。
46,0,BV1dvfsBrEFJ,116129188025616,央视一句话定调：这不是互殴，是正当防卫,650,323,327,296412114689,0,296412114689,614310162,貂蝉含布丁,4,1,1776343685,2026-04-16,2026-04-16 20:48:05,伊朗和以色列是互殴还是正当防卫?
47,1,BV1dvfsBrEFJ,116129188025616,央视一句话定调：这不是互殴，是正当防卫,650,323,327,296412114689,296412114689,299118923120,491379621,五月烟雨,0,0,1776347131,2026-04-16,2026-04-16 21:45:31,这是典型的互殴！
48,0,BV1dvfsBrEFJ,116129188025616,央视一句话定调：这不是互殴，是正当防卫,650,323,327,299071554352,0,299071554352,3546833544546428,说实话就风毫,0,0,1776316259,2026-04-16,2026-04-16 13:10:59,所有还是要持枪，你打死对面就算判互殴，大不了一命换一命，最起码不受窝囊气
49,0,BV1dvfsBrEFJ,116129188025616,央视一句话定调：这不是互殴，是正当防卫,650,323,327,296341542929,0,296341542929,233449792,看山0911,0,0,1776275678,2026-04-16,2026-04-16 01:54:38,喝了酒地球都是他的，这种酒疯子看着都烦
50,0,BV1dvfsBrEFJ,116129188025616,央视一句话定调：这不是互殴，是正当防卫,650,323,327,296324876129,0,296324876129,229002456,阿思兰,0,0,1776263701,2026-04-15,2026-04-15 22:35:01,山东的朋友们 遇到坏人知道怎么干了吗？你后手就是互殴哦[doge_金箍]
51,0,BV1dvfsBrEFJ,116129188025616,央视一句话定调：这不是互殴，是正当防卫,650,323,327,298996372784,0,298996372784,171252306,大雷音寺DJ可汗,3,0,1776251552,2026-04-15,2026-04-15 19:12:32,想起朋友和我说过的一个事情，他哥们一大家都是在司法界混的，体制内外的都有，关系很硬到北京都有关系，但是他哥们是做教培的，虽然收入还行但在家里就很一般，有一次他们吃饭时那哥们感叹起家里的关系一点没能用上，朋友问他为什么不在家里的行业混，他说了一句没办法我心不够黑干不了……
52,0,BV1dvfsBrEFJ,116129188025616,央视一句话定调：这不是互殴，是正当防卫,650,323,327,296246363489,0,296246363489,493102765,一群吕小布哦,4,2,1776203937,2026-04-15,2026-04-15 05:58:57,"其实正当防卫有个前提，就是无过错认定。两个人吵架，他打你，你还手打他，就是互殴。
你和他讲道理，像唐僧那样唧唧歪歪，他打你，你还手，就是正当防卫。"
53,1,BV1dvfsBrEFJ,116129188025616,央视一句话定调：这不是互殴，是正当防卫,650,323,327,296246363489,296246363489,296994868433,3546828828052271,小趴菜走遍人间,0,0,1776791952,2026-04-22,2026-04-22 01:19:12,证据  证据   证据 ，这是重点
54,1,BV1dvfsBrEFJ,116129188025616,央视一句话定调：这不是互殴，是正当防卫,650,323,327,296246363489,296246363489,296885485377,2367398,小菜菜と顾之之,0,0,1776701497,2026-04-21,2026-04-21 00:11:37,真正的前提是，这事归谁管，归治安管，那妥妥的互殴，归刑法管，倒是有希望正当防卫
55,0,BV1dvfsBrEFJ,116129188025616,央视一句话定调：这不是互殴，是正当防卫,650,323,327,296243390961,0,296243390961,580553653,laysinger,0,0,1776194236,2026-04-15,2026-04-15 03:17:16,都被人推到角落了怎么跑？等着让人打死才能还手吗？
56,0,BV1dvfsBrEFJ,116129188025616,央视一句话定调：这不是互殴，是正当防卫,650,323,327,298869992896,0,298869992896,13625016,是我别开枪突突突,3,7,1776155124,2026-04-14,2026-04-14 16:25:24,这个要学下日本，不存在互殴这个情况，拍到谁先动手就罚谁，所以在日本马路上的暴走族和别人吵架都是把手高举过头，用肚子顶你不停骂你就等你先动手打第一下，然后他就能名正言顺的揍你还不会被抓
57,1,BV1dvfsBrEFJ,116129188025616,央视一句话定调：这不是互殴，是正当防卫,650,323,327,298869992896,298869992896,296497418529,109803785,bili_109803785,1,0,1776421479,2026-04-17,2026-04-17 18:24:39,肚子已经故意顶上就应当已经算动手了吧，包括恶意向他人吐口水也是，不动手的认定应当是没有身体和附带东西的物理接触。
58,1,BV1dvfsBrEFJ,116129188025616,央视一句话定调：这不是互殴，是正当防卫,650,323,327,298869992896,296497418529,299217357984,13625016,是我别开枪突突突,0,0,1776426800,2026-04-17,2026-04-17 19:53:20,回复 @bili_109803785 :在日本顶人和吐口水不算打架
59,1,BV1dvfsBrEFJ,116129188025616,央视一句话定调：这不是互殴，是正当防卫,650,323,327,298869992896,299217357984,296507838881,109803785,bili_109803785,1,0,1776427317,2026-04-17,2026-04-17 20:01:57,回复 @是我别开枪突突突 :主要是一方顶人顶倒另一方，另一方可能摔倒摔伤，就涉及人身健康安全受损害了。总之我认为正在发生的语言争论和身体侵害不是一个层级。
60,1,BV1dvfsBrEFJ,116129188025616,央视一句话定调：这不是互殴，是正当防卫,650,323,327,298869992896,296507838881,299230112160,13625016,是我别开枪突突突,0,0,1776433291,2026-04-17,2026-04-17 21:41:31,回复 @bili_109803785 :顶到摔倒的判决和动手的判决不是一个量级的，动手的赔偿金额都是天价
61,1,BV1dvfsBrEFJ,116129188025616,央视一句话定调：这不是互殴，是正当防卫,650,323,327,298869992896,299230112160,296519757889,109803785,bili_109803785,0,0,1776433704,2026-04-17,2026-04-17 21:48:24,回复 @是我别开枪突突突 :那我觉得挺好的 早日更新早日引进
62,1,BV1dvfsBrEFJ,116129188025616,央视一句话定调：这不是互殴，是正当防卫,650,323,327,298869992896,296519757889,299232026656,13625016,是我别开枪突突突,0,0,1776434255,2026-04-17,2026-04-17 21:57:35,回复 @bili_109803785 :之前看过一个日本华侨的采访，他就是这么说的，日本黑社会在马路上拿个伞当武器，但他并不会打你，故意找一些中国人在街边碰撞一下，然后挑衅骂街，如果搭理了他他就趁机过来拿着伞高举双手用肚子顶你做出要攻击你的动作，但怎么都不会打你引你上钩，你一旦先动手了被拍下来了他们就可以名正言顺的打你，小弟也会从暗处跑出来帮忙，然后把你送警署拿出视频让你赔，不然你就坐牢，而且人家黑社会都是有公司的，法务律师一堆，你只要动手根本不可能搞的赢他们
63,1,BV1dvfsBrEFJ,116129188025616,央视一句话定调：这不是互殴，是正当防卫,650,323,327,298869992896,299232026656,296723545921,109803785,bili_109803785,0,0,1776587682,2026-04-19,2026-04-19 16:34:42,回复 @是我别开枪突突突 :坚决不动手 直接走人。语言侮辱开录音存证据提告要赔偿，限制自由不让走正好就是非法限制人身自由。
64,0,BV1dvfsBrEFJ,116129188025616,央视一句话定调：这不是互殴，是正当防卫,650,323,327,298863360480,0,298863360480,175017844,Super菜腿强,0,0,1776149799,2026-04-14,2026-04-14 14:56:39,法院一直纠结这个头？难道这男的不是肇事者？就该有一条法律规定，但凡闹事者，打死不论[OK]
65,0,BV1dvfsBrEFJ,116129188025616,央视一句话定调：这不是互殴，是正当防卫,650,323,327,296168340321,0,296168340321,1567258,舞榭冷不被,0,0,1776140563,2026-04-14,2026-04-14 12:22:43,还是互殴吧，要不然遇到杨景媛那样的，打都不能打，那男生一定会采取更加极端的方式
66,0,BV1dvfsBrEFJ,116129188025616,央视一句话定调：这不是互殴，是正当防卫,650,323,327,296150523169,0,296150523169,512079419,bili_22768033397,0,0,1776125262,2026-04-14,2026-04-14 08:07:42,所以这俩山东法院的人员对法律的阅读在什么级别呢？  初学者？
67,0,BV1dvfsBrEFJ,116129188025616,央视一句话定调：这不是互殴，是正当防卫,650,323,327,296148163185,0,296148163185,482768852,青椒柳柳,0,0,1776121548,2026-04-14,2026-04-14 07:05:48,所以还是判互殴简单啊。其他的我也不敢多说了😰
68,0,BV1dvfsBrEFJ,116129188025616,央视一句话定调：这不是互殴，是正当防卫,650,323,327,298823615248,0,298823615248,442503434,哥哥哪天不快乐,0,0,1776110948,2026-04-14,2026-04-14 04:09:08,那肯定是正当防卫了。别人来入侵我们了，我们反击还有啥可讲的。
69,0,BV1dvfsBrEFJ,116129188025616,央视一句话定调：这不是互殴，是正当防卫,650,323,327,298815098112,0,298815098112,33115439,unhealthy,0,0,1776100192,2026-04-14,2026-04-14 01:09:52,如此艰难！
70,0,BV1dvfsBrEFJ,116129188025616,央视一句话定调：这不是互殴，是正当防卫,650,323,327,298783470656,0,298783470656,389685337,浪味鲜虾片,0,0,1776083311,2026-04-13,2026-04-13 20:28:31,正方防卫是由法官判的，不是法条
71,0,BV1dvfsBrEFJ,116129188025616,央视一句话定调：这不是互殴，是正当防卫,650,323,327,298766122576,0,298766122576,285628016,liujinti,6,3,1776074534,2026-04-13,2026-04-13 18:02:14,别让人当法官了，ai 怎么判我都没意见
72,1,BV1dvfsBrEFJ,116129188025616,央视一句话定调：这不是互殴，是正当防卫,650,323,327,298766122576,298766122576,299114556864,1585949743,bili_94315034102,0,0,1776344886,2026-04-16,2026-04-16 21:08:06,你狠狠拷问ai，想要什么有什么
73,1,BV1dvfsBrEFJ,116129188025616,央视一句话定调：这不是互殴，是正当防卫,650,323,327,298766122576,298766122576,299161398000,585306222,圆斧岛,3,0,1776391240,2026-04-17,2026-04-17 10:00:40,这么相信ai？百度竞价的歪风课上已经流入ai了
74,1,BV1dvfsBrEFJ,116129188025616,央视一句话定调：这不是互殴，是正当防卫,650,323,327,298766122576,298766122576,296994593265,3546828828052271,小趴菜走遍人间,1,0,1776791585,2026-04-22,2026-04-22 01:13:05,你知不知道  有一个方法是  给AI投毒。。
75,0,BV1dvfsBrEFJ,116129188025616,央视一句话定调：这不是互殴，是正当防卫,650,323,327,298738714208,0,298738714208,349998914,路痴橙橙,0,0,1776056736,2026-04-13,2026-04-13 13:05:36,崂山路虎女打人事件，小林就该还手的！当时没还手，现在一毛钱赔偿没得到
76,0,BV1dvfsBrEFJ,116129188025616,央视一句话定调：这不是互殴，是正当防卫,650,323,327,296062813345,0,296062813345,505857066,营养痴线,1,0,1776051067,2026-04-13,2026-04-13 11:31:07,这不是醉酒闹事嘛？
77,0,BV1dvfsBrEFJ,116129188025616,央视一句话定调：这不是互殴，是正当防卫,650,323,327,298728786576,0,298728786576,52916827,德彪-我都帮你想好了,0,0,1776050746,2026-04-13,2026-04-13 11:25:46,我还是那么喜欢看他们用（虽然……但是）造句
78,0,BV1dvfsBrEFJ,116129188025616,央视一句话定调：这不是互殴，是正当防卫,650,323,327,298686840080,0,298686840080,5960019,千夏夜集,0,0,1776005545,2026-04-12,2026-04-12 22:52:25,这种包在里面有关系的啊[笑哭]
79,0,BV1dvfsBrEFJ,116129188025616,央视一句话定调：这不是互殴，是正当防卫,650,323,327,298645142064,0,298645142064,72947048,swsj10000,1,0,1775983760,2026-04-12,2026-04-12 16:49:20,定义互殴多方便啊
80,0,BV1dvfsBrEFJ,116129188025616,央视一句话定调：这不是互殴，是正当防卫,650,323,327,295972332945,0,295972332945,32837470,余辜是个der,0,0,1775975701,2026-04-12,2026-04-12 14:35:01,这里面最离谱的不应该是那男的居然还回去要赔偿吗
81,0,BV1dvfsBrEFJ,116129188025616,央视一句话定调：这不是互殴，是正当防卫,650,323,327,298629371760,0,298629371760,394748407,雨风飞的影分身,17,5,1775974560,2026-04-12,2026-04-12 14:16:00,我住院的时候别的病房的一个病友，半夜发神经，跑到我病房打我，值班医生对方那个人的主治医生，然后他打我，我还手，我拿东西砸他，还踹了他一脚，那个值班医生上来就扣帽子，说我互殴，白天之后我直接摇人，带家属来医院闹，主任客客气气的代表病人，还赔了我钱 后来我就没追究了。
82,1,BV1dvfsBrEFJ,116129188025616,央视一句话定调：这不是互殴，是正当防卫,650,323,327,298629371760,298629371760,295996398641,483669994,乘风---,3,0,1775989922,2026-04-12,2026-04-12 18:32:02,[doge]真理只有武力证明
83,1,BV1dvfsBrEFJ,116129188025616,央视一句话定调：这不是互殴，是正当防卫,650,323,327,298629371760,295996398641,298663080688,394748407,雨风飞的影分身,1,0,1775993190,2026-04-12,2026-04-12 19:26:30,回复 @乘风--- :反正横竖我没输，而且我还占理了，还得到了赔偿。他一个别的病房的人跑到我这里来纯纯找虐，就是开头骂了我几句，我还没记住他骂的啥。伤害为0
84,1,BV1dvfsBrEFJ,116129188025616,央视一句话定调：这不是互殴，是正当防卫,650,323,327,298629371760,295996398641,298663280288,394748407,雨风飞的影分身,1,0,1775993251,2026-04-12,2026-04-12 19:27:31,回复 @乘风--- :往大了说，我说我吃了安眠药，我睡着了，他想掐死我。往小了说，他就是纯纯殴打。坐不了牢也记录个在案
85,1,BV1dvfsBrEFJ,116129188025616,央视一句话定调：这不是互殴，是正当防卫,650,323,327,298629371760,298629371760,297237378385,35712253,带你冲进垃圾堆yhd,0,0,1777012413,2026-04-24,2026-04-24 14:33:33,民营医院
86,1,BV1dvfsBrEFJ,116129188025616,央视一句话定调：这不是互殴，是正当防卫,650,323,327,298629371760,297237378385,300025565888,394748407,雨风飞的影分身,1,0,1777021708,2026-04-24,2026-04-24 17:08:28,回复 @带你冲进垃圾堆yhd :不是，是人民医院。
87,0,BV1dvfsBrEFJ,116129188025616,央视一句话定调：这不是互殴，是正当防卫,650,323,327,295958441489,0,295958441489,8493657,石头剪刀布-RSP,0,0,1775967957,2026-04-12,2026-04-12 12:25:57,拘留和店面装修呢？
88,0,BV1dvfsBrEFJ,116129188025616,央视一句话定调：这不是互殴，是正当防卫,650,323,327,295938149553,0,295938149553,429608597,尼就像阿菠萝登球,0,0,1775954785,2026-04-12,2026-04-12 08:46:25,这正当防卫是哪一年修订的？
89,0,BV1dvfsBrEFJ,116129188025616,央视一句话定调：这不是互殴，是正当防卫,650,323,327,298594692912,0,298594692912,65553218,浑身是肉的瘦次,0,0,1775954777,2026-04-12,2026-04-12 08:46:17,罗翔还是眼光犀利，去年就提出了 治安管理法的不足[笑哭]
90,0,BV1dvfsBrEFJ,116129188025616,央视一句话定调：这不是互殴，是正当防卫,650,323,327,298585902640,0,298585902640,392759319,7度晚风,0,0,1775940807,2026-04-12,2026-04-12 04:53:27,直接谁先动手谁全责呗[嫌弃]
91,0,BV1dvfsBrEFJ,116129188025616,央视一句话定调：这不是互殴，是正当防卫,650,323,327,298564943696,0,298564943696,1013161924,夜深了该睡觉了,0,1,1775921649,2026-04-11,2026-04-11 23:34:09,律师费估计花了不少
92,0,BV1dvfsBrEFJ,116129188025616,央视一句话定调：这不是互殴，是正当防卫,650,323,327,295853552049,0,295853552049,432136591,大胖猴梓,0,0,1775889888,2026-04-11,2026-04-11 14:44:48,请问和暖气片互殴的赔偿责任，应该如何赔偿？暖气片不会说话，他的赔偿检察院是否受理？
93,0,BV1dvfsBrEFJ,116129188025616,央视一句话定调：这不是互殴，是正当防卫,650,323,327,298467621600,0,298467621600,436876421,Whistle520,0,0,1775867340,2026-04-11,2026-04-11 08:29:00,只能说太牛了
94,0,BV1dvfsBrEFJ,116129188025616,央视一句话定调：这不是互殴，是正当防卫,650,323,327,298450640416,0,298450640416,398647207,CarlJoy,8,1,1775841279,2026-04-11,2026-04-11 01:14:39,这种被拘留了 5 天一点赔偿都没有吗？
95,1,BV1dvfsBrEFJ,116129188025616,央视一句话定调：这不是互殴，是正当防卫,650,323,327,298450640416,298450640416,298031275649,1229435388,flowYKM3,0,0,1777635818,2026-05-01,2026-05-01 19:43:38,可以申请国家赔偿，是按当地工资每天工资标准来算了，5天，满打满算就是2000块左右[笑哭]
96,0,BV1dvfsBrEFJ,116129188025616,央视一句话定调：这不是互殴，是正当防卫,650,323,327,295772257377,0,295772257377,27354952,在吾乡心安,0,0,1775821658,2026-04-10,2026-04-10 19:47:38,挑衅骂人在前，动手在前，这都能算是互殴?
97,0,BV1dvfsBrEFJ,116129188025616,央视一句话定调：这不是互殴，是正当防卫,650,323,327,298412435744,0,298412435744,261264627,百无一用百晓生,0,0,1775819697,2026-04-10,2026-04-10 19:14:57,"他打了你一下  然后不打你了  我觉得就不打他报警就好了     
他打了你  后面还准备继续打你 那你就正当防卫"
98,0,BV1dvfsBrEFJ,116129188025616,央视一句话定调：这不是互殴，是正当防卫,650,323,327,298401096720,0,298401096720,284207213,沉睡的羊羊,1,0,1775813551,2026-04-10,2026-04-10 17:32:31,这不明显酒后寻衅滋事吗？怎么可能跟互殴沾边
99,0,BV1dvfsBrEFJ,116129188025616,央视一句话定调：这不是互殴，是正当防卫,650,323,327,298387527856,0,298387527856,7639541,心雨芳菲,1,0,1775804063,2026-04-10,2026-04-10 14:54:23,【大学生遭遇校园霸凌，失手反杀两人，法官：挨打为什么还手-哔哩哔哩】 https://b23.tv/KzmvBSq
100,0,BV1dvfsBrEFJ,116129188025616,央视一句话定调：这不是互殴，是正当防卫,650,323,327,298194915408,0,298194915408,317826141,刘有为君,0,0,1775649126,2026-04-08,2026-04-08 19:52:06,其实只要规定谁先动手谁负主要责任，这不是很简单吗
101,0,BV1dvfsBrEFJ,116129188025616,央视一句话定调：这不是互殴，是正当防卫,650,323,327,295475900545,0,295475900545,443267577,枯荣微尘,1,0,1775558820,2026-04-07,2026-04-07 18:47:00,这里女老板还手不算互殴的原因因该是女性处于弱势一方，如果是男老板势均力敌就不一定了。
102,0,BV1dvfsBrEFJ,116129188025616,央视一句话定调：这不是互殴，是正当防卫,650,323,327,298081683376,0,298081683376,360776845,最能吃辣的福建人,0,0,1775557717,2026-04-07,2026-04-07 18:28:37,有没有当律师的大白话说说被打怎么办，是默默接受呢还是自卫
103,0,BV1dvfsBrEFJ,116129188025616,央视一句话定调：这不是互殴，是正当防卫,650,323,327,295472217873,0,295472217873,188666685,风吹屁屁粱,0,0,1775556559,2026-04-07,2026-04-07 18:09:19,这男的一看就寻衅滋事啊
104,0,BV1dvfsBrEFJ,116129188025616,央视一句话定调：这不是互殴，是正当防卫,650,323,327,298029491376,0,298029491376,610004,堕落V9,0,0,1775518055,2026-04-07,2026-04-07 07:27:35,要用和侵害人相当程度的方式反击才算正当防卫，那侵害人都不能阻止被侵害人反击，这样的反击怎么能制止侵害人，那不才是真正的发展成互殴
105,0,BV1dvfsBrEFJ,116129188025616,央视一句话定调：这不是互殴，是正当防卫,650,323,327,295383139953,0,295383139953,1692667362,时间挠过谁,0,0,1775475738,2026-04-06,2026-04-06 19:42:18,这个新闻应该上春晚，没有小品新闻凑。
106,0,BV1dvfsBrEFJ,116129188025616,央视一句话定调：这不是互殴，是正当防卫,650,323,327,295371317217,0,295371317217,411647368,民间高手讨论台湾问题,1,10,1775468994,2026-04-06,2026-04-06 17:49:54,不小心碰对方一下，他上来就骂脏话，这种情况怎么回应合法不吃亏又顺气
107,1,BV1dvfsBrEFJ,116129188025616,央视一句话定调：这不是互殴，是正当防卫,650,323,327,295371317217,295371317217,295398909377,66895980,蟛蜞蟛蜞,2,0,1775484550,2026-04-06,2026-04-06 22:09:10,直接死那然后对方过失致人死亡
108,1,BV1dvfsBrEFJ,116129188025616,央视一句话定调：这不是互殴，是正当防卫,650,323,327,295371317217,295371317217,298025187264,389011632,实名认证王超域,7,0,1775507746,2026-04-07,2026-04-07 04:35:46,怎么也是因为自己先不小心的，道歉然后离开。为出口气起冲突，那非常不理智了。得学会接受承认自己的过失，其实能问出这个问题，哥们你估计是骂脏话的那个。
109,1,BV1dvfsBrEFJ,116129188025616,央视一句话定调：这不是互殴，是正当防卫,650,323,327,295371317217,298025187264,298068521600,82477237,挚爱萨博,0,0,1775548947,2026-04-07,2026-04-07 16:02:27,回复 @实名认证王超域 :正确的
110,1,BV1dvfsBrEFJ,116129188025616,央视一句话定调：这不是互殴，是正当防卫,650,323,327,295371317217,298068521600,295504907425,411647368,民间高手讨论台湾问题,0,0,1775575786,2026-04-07,2026-04-07 23:29:46,回复 @挚爱萨博 :正个6
111,1,BV1dvfsBrEFJ,116129188025616,央视一句话定调：这不是互殴，是正当防卫,650,323,327,295371317217,298025187264,299000521648,35726432,咻咻咻猪刀,0,0,1776253902,2026-04-15,2026-04-15 19:51:42,回复 @实名认证王超域 :人最容易暴怒的时候就是自己很有礼貌地待人却被对方无礼羞辱。
112,1,BV1dvfsBrEFJ,116129188025616,央视一句话定调：这不是互殴，是正当防卫,650,323,327,295371317217,295371317217,296883850097,2367398,小菜菜と顾之之,1,0,1776700398,2026-04-20,2026-04-20 23:53:18,简单来讲就是受着，没有其他办法
113,1,BV1dvfsBrEFJ,116129188025616,央视一句话定调：这不是互殴，是正当防卫,650,323,327,295371317217,295371317217,297218902657,1143562358,ang21ang,1,0,1776999844,2026-04-24,2026-04-24 11:04:04,对骂，骂不过受着。
114,1,BV1dvfsBrEFJ,116129188025616,央视一句话定调：这不是互殴，是正当防卫,650,323,327,295371317217,297218902657,297221927809,411647368,民间高手讨论台湾问题,0,0,1777002067,2026-04-24,2026-04-24 11:41:07,回复 @ang21ang :不好意思，公共场所丢人，还担心会升级动手，惹祸上身，唉😮‍💨，忍过了几次
115,1,BV1dvfsBrEFJ,116129188025616,央视一句话定调：这不是互殴，是正当防卫,650,323,327,295371317217,297221927809,297240030801,1143562358,ang21ang,0,0,1777014500,2026-04-24,2026-04-24 15:08:20,回复 @三亚晒太阳 :骂不要紧，就当神经病。动手就不一样，会伤人，必须反击。
116,1,BV1dvfsBrEFJ,116129188025616,央视一句话定调：这不是互殴，是正当防卫,650,323,327,295371317217,297240030801,297246461473,411647368,民间高手讨论台湾问题,0,0,1777019479,2026-04-24,2026-04-24 16:31:19,回复 @ang21ang :更怕的是伤对方，看守所那地方一秒钟都待不了
117,0,BV1dvfsBrEFJ,116129188025616,央视一句话定调：这不是互殴，是正当防卫,650,323,327,295357807761,0,295357807761,474717881,ibf8799,0,1,1775460676,2026-04-06,2026-04-06 15:31:16,罚款是退了，拘留的那几日为什么不追究国家赔偿？
118,0,BV1dvfsBrEFJ,116129188025616,央视一句话定调：这不是互殴，是正当防卫,650,323,327,295353015409,0,295353015409,3546387318835953,Gulliver东经北纬,3,1,1775457672,2026-04-06,2026-04-06 14:41:12,好漫长的维权
119,0,BV1dvfsBrEFJ,116129188025616,央视一句话定调：这不是互殴，是正当防卫,650,323,327,297935373920,0,297935373920,471380507,翠儿上下分,1,0,1775448977,2026-04-06,2026-04-06 12:16:17,反正再有哪儿打进来了，都带路，别去互殴
120,0,BV1dvfsBrEFJ,116129188025616,央视一句话定调：这不是互殴，是正当防卫,650,323,327,297925289152,0,297925289152,627295309,果汁终弃,0,1,1775443374,2026-04-06,2026-04-06 10:42:54,公检法是不是都不看《第二十条》，建议全国公检法逐帧学习
121,1,BV1dvfsBrEFJ,116129188025616,央视一句话定调：这不是互殴，是正当防卫,650,323,327,297925289152,297925289152,299161895136,585306222,圆斧岛,1,0,1776391694,2026-04-17,2026-04-17 10:08:14,有一说一 那片子难看的很 我在半河绿后又相信了张艺谋一次 然后就彻底不看他的片子了 今年就没上当
122,0,BV1dvfsBrEFJ,116129188025616,央视一句话定调：这不是互殴，是正当防卫,650,323,327,295319389969,0,295319389969,98695175,一天天就知道吃什么,0,0,1775436413,2026-04-06,2026-04-06 08:46:53,法律是道德的底线，没有道德的审判，就是社会对立的根源。
123,0,BV1dvfsBrEFJ,116129188025616,央视一句话定调：这不是互殴，是正当防卫,650,323,327,295282309441,0,295282309441,34779972,DunnoC,2,0,1775397036,2026-04-05,2026-04-05 21:50:36,要到正规法院
124,0,BV1dvfsBrEFJ,116129188025616,央视一句话定调：这不是互殴，是正当防卫,650,323,327,295229867313,0,295229867313,522714070,tianlx2020,1,0,1775367098,2026-04-05,2026-04-05 13:31:38,有没有那么复杂，就问法官你被打要不要还手？
125,0,BV1dvfsBrEFJ,116129188025616,央视一句话定调：这不是互殴，是正当防卫,650,323,327,295197553361,0,295197553361,3546386354145598,徐小样的瓜,0,0,1775343188,2026-04-05,2026-04-05 06:53:08,别搞人家一个弱女子了，直接算互殴还能少损失点时间精力跟钱财，你这样折腾人家干什么？？？这么明确的正当防卫，非要折腾人家！
126,0,BV1dvfsBrEFJ,116129188025616,央视一句话定调：这不是互殴，是正当防卫,650,323,327,297715818928,0,297715818928,2037170946,宇宙小我,1,0,1775291197,2026-04-04,2026-04-04 16:26:37,孩子当时得多恐惧啊
127,0,BV1dvfsBrEFJ,116129188025616,央视一句话定调：这不是互殴，是正当防卫,650,323,327,295131476417,0,295131476417,1090470151,bili_54718321574,0,0,1775290307,2026-04-04,2026-04-04 16:11:47,这玩笑开大了！
128,0,BV1dvfsBrEFJ,116129188025616,央视一句话定调：这不是互殴，是正当防卫,650,323,327,297678835648,0,297678835648,20156317,不敢想象有多舒服,3,0,1775268889,2026-04-04,2026-04-04 10:14:49,原来是因为施暴者自己弄伤了自己才搞成了正当防卫，这是什么逻辑？只要把施暴者打伤就是互殴，没打伤就是正当防卫？那别人拿镐把打我，我只能用小拳拳锤他胸口？
129,0,BV1dvfsBrEFJ,116129188025616,央视一句话定调：这不是互殴，是正当防卫,650,323,327,297648634304,0,297648634304,3546880212470313,WO6X_,0,1,1775233360,2026-04-04,2026-04-04 00:22:40,看笑了
130,1,BV1dvfsBrEFJ,116129188025616,央视一句话定调：这不是互殴，是正当防卫,650,323,327,297648634304,297648634304,298178141776,315241,17岁的美坂栞,0,0,1775639567,2026-04-08,2026-04-08 17:12:47,说气笑了的弹幕，中国的法治进步就是这样一个个的案例不断积累起来的，从这点来说龙哥真的为中国的法治进步做出了巨大贡献，名垂青史的那种
131,0,BV1dvfsBrEFJ,116129188025616,央视一句话定调：这不是互殴，是正当防卫,650,323,327,297610040848,0,297610040848,378485249,旧梦浮生m,0,0,1775212227,2026-04-03,2026-04-03 18:30:27,真的太绝望了
132,0,BV1dvfsBrEFJ,116129188025616,央视一句话定调：这不是互殴，是正当防卫,650,323,327,295033593745,0,295033593745,178149993,叼你蕾姆,0,0,1775211789,2026-04-03,2026-04-03 18:23:09,维权成本太高，我宁愿不还手，最好别我打残了，让他进去多关几年
133,0,BV1dvfsBrEFJ,116129188025616,央视一句话定调：这不是互殴，是正当防卫,650,323,327,297600218592,0,297600218592,382459148,業余黑店,0,0,1775206504,2026-04-03,2026-04-03 16:55:04,挨打不能还手，别人打你你躲开了他扑空摔伤也要你负责，所以挨打不仅不能还手，还要尽量保证行凶者打的舒畅，打的顺手，避免对方行凶过程中受伤。
134,0,BV1dvfsBrEFJ,116129188025616,央视一句话定调：这不是互殴，是正当防卫,650,323,327,295018978657,0,295018978657,515859688,情深似海王,9,0,1775202055,2026-04-03,2026-04-03 15:40:55,这个案件那么明显，是那公狗自己马尿喝多了，去到人家店里闹事，而且情绪激动，先动手暴力攻击，人家店主是无缘无故被暴力攻击，且喝醉的公狗都没有理智的，谁知道会不会被打死，被按到地上了还手也只是为了保护自己，怎么就三次驳回上诉呢
135,0,BV1dvfsBrEFJ,116129188025616,央视一句话定调：这不是互殴，是正当防卫,650,323,327,297576407616,0,297576407616,342237544,a157398197,18,0,1775190283,2026-04-03,2026-04-03 12:24:43,有这么清楚的监控，都是互殴，要是没有这么清楚的监控，普通人会被这些人欺负死了！
136,0,BV1dvfsBrEFJ,116129188025616,央视一句话定调：这不是互殴，是正当防卫,650,323,327,297454480464,0,297454480464,37406126,红糖贰阶丸,0,0,1775093542,2026-04-02,2026-04-02 09:32:22,有没有学法的来聊五块钱的
137,0,BV1dvfsBrEFJ,116129188025616,央视一句话定调：这不是互殴，是正当防卫,650,323,327,297381168304,0,297381168304,1672313744,TotoWolff1997,0,0,1775030612,2026-04-01,2026-04-01 16:03:32,互殴感受过 ，怎么能这样……过去了六年多，就像昨天一样
138,0,BV1dvfsBrEFJ,116129188025616,央视一句话定调：这不是互殴，是正当防卫,650,323,327,294821399825,0,294821399825,51673885,gpf0206,0,0,1775030406,2026-04-01,2026-04-01 16:00:06,有没有双方都是男的的案例？
139,0,BV1dvfsBrEFJ,116129188025616,央视一句话定调：这不是互殴，是正当防卫,650,323,327,294811653025,0,294811653025,31621478,青無,7,0,1775022480,2026-04-01,2026-04-01 13:48:00,"把当事人双方性别换一下，最后结果绝不可能给你翻过来。
张女士能得到正当防卫的认定，女性身份、施暴者的男性身份都必不可少。"
140,0,BV1dvfsBrEFJ,116129188025616,央视一句话定调：这不是互殴，是正当防卫,650,323,327,297370640928,0,297370640928,176721237,我即强风,0,0,1775022409,2026-04-01,2026-04-01 13:46:49,这种事情居然是央视定调？央视有资格定这个调？应该是最高人民法院来定调啊。
141,0,BV1dvfsBrEFJ,116129188025616,央视一句话定调：这不是互殴，是正当防卫,650,323,327,297368608432,0,297368608432,3546843698956705,爱国但不爱硕鼠,3,0,1775021060,2026-04-01,2026-04-01 13:24:20,有多少人能这么幸运，能在三审败诉后，被检察院驳回
142,0,BV1dvfsBrEFJ,116129188025616,央视一句话定调：这不是互殴，是正当防卫,650,323,327,297363808736,0,297363808736,1598436638,机电剩鸽,0,0,1775018262,2026-04-01,2026-04-01 12:37:42,中国人的血性被专家们的互殴定义终于掐灭了！！！
143,0,BV1dvfsBrEFJ,116129188025616,央视一句话定调：这不是互殴，是正当防卫,650,323,327,294803825697,0,294803825697,73510533,铭渊93720,1,0,1775017512,2026-04-01,2026-04-01 12:25:12,不赔偿了？白拘留了？误工费各种呢。给有判决。
144,0,BV1dvfsBrEFJ,116129188025616,央视一句话定调：这不是互殴，是正当防卫,650,323,327,297358045280,0,297358045280,242885215,旺旺叫的猫,1,0,1775015055,2026-04-01,2026-04-01 11:44:15,这种事不是说为啥不能直接定性为正当防卫而是互殴，因为只要不涉及判刑只是处罚教育罚款的话这样更省力快捷，而裁定正当防卫需要调查取证互相掰扯耗时耗力，公平吗？确实不公平，但是你的想想中国多少人，民警才多少，一天要处理多少案子，不是不想而是没办法，除非跟这老板娘一样坚持上诉大部分老百姓都是自认倒霉算了算了，如果老板娘没有抄啤酒瓶砸那一下，那不用说直接是醉酒的闹事殴打他人改罚款罚款改拘留拘留，就因为老板娘也还手了还把人头打破构成轻微伤了，警察都是会算互殴的，这不关正义，而是全部都这样处理的，不服就只能上诉，正当防卫的判罚很难的，如果每个打架事件都按正当防卫去查那警察一天到晚就别干其他了。个人观点非喜勿喷
145,0,BV1dvfsBrEFJ,116129188025616,央视一句话定调：这不是互殴，是正当防卫,650,323,327,297355431168,0,297355431168,507813638,shadow277,2,0,1775013296,2026-04-01,2026-04-01 11:14:56,那么当事民警和两审法官要不要拘留5日呢？
146,0,BV1dvfsBrEFJ,116129188025616,央视一句话定调：这不是互殴，是正当防卫,650,323,327,294783077185,0,294783077185,6566062,荷尔德林,3,0,1774999796,2026-04-01,2026-04-01 07:29:56,唉，不容易~~
147,0,BV1dvfsBrEFJ,116129188025616,央视一句话定调：这不是互殴，是正当防卫,650,323,327,294766217137,0,294766217137,441633160,我是最爱国的,1,1,1774972633,2026-03-31,2026-03-31 23:57:13,记住被打要立正。
148,0,BV1dvfsBrEFJ,116129188025616,央视一句话定调：这不是互殴，是正当防卫,650,323,327,297317129712,0,297317129712,45900241,一半金鱼一半木鱼,3,0,1774970520,2026-03-31,2026-03-31 23:22:00,我觉得昆山龙哥被反杀案应该是一个转折点，这件案子激起了当时社会舆论的高度关注和讨论，包括对正当防卫的讨论，并且最终的判决也是一个放在以前绝不可能有的结果。
149,0,BV1dvfsBrEFJ,116129188025616,央视一句话定调：这不是互殴，是正当防卫,650,323,327,294737480641,0,294737480641,6718398,钱钱钱moneymoney,35,2,1774955914,2026-03-31,2026-03-31 19:18:34,即是撩事者，又是先动手的，而且明显的强势方。这都不能还手？难道要打到受伤之后才能还手？受伤了还有能力去制止犯罪吗？
150,1,BV1dvfsBrEFJ,116129188025616,央视一句话定调：这不是互殴，是正当防卫,650,323,327,294737480641,294737480641,296886440737,2367398,小菜菜と顾之之,0,0,1776702111,2026-04-21,2026-04-21 00:21:51,能还手，而且不能打轻了，打轻了这事就是警察管，就算是治安管理条例有修改的情况下，大概率还是算互殴
151,1,BV1dvfsBrEFJ,116129188025616,央视一句话定调：这不是互殴，是正当防卫,650,323,327,294737480641,294737480641,297679286944,20156317,不敢想象有多舒服,0,0,1775269133,2026-04-04,2026-04-04 10:18:53,不啊，受伤之后还手还不能把施暴者打成轻微伤，打成轻微伤就是互殴
152,0,BV1dvfsBrEFJ,116129188025616,央视一句话定调：这不是互殴，是正当防卫,650,323,327,297288384240,0,297288384240,317363623,小雪的小橘猫,0,0,1774954819,2026-03-31,2026-03-31 19:00:19,那个坐着打电话的客人实在叫人看不明白：就是打人男子将女老板推倒在坐着打电话的客人身上时，打人男子扑着过去打女老板，坐着的客人将两人一起按了下去
153,0,BV1dvfsBrEFJ,116129188025616,央视一句话定调：这不是互殴，是正当防卫,650,323,327,294731880737,0,294731880737,208221570,豌豆颠不癫,0,0,1774952621,2026-03-31,2026-03-31 18:23:41,这下真成了你有狼牙棒我有天灵盖了
154,0,BV1dvfsBrEFJ,116129188025616,央视一句话定调：这不是互殴，是正当防卫,650,323,327,297283377520,0,297283377520,7609807,风一样的嵇康,0,0,1774952028,2026-03-31,2026-03-31 18:13:48,这个儿子不错
155,0,BV1dvfsBrEFJ,116129188025616,央视一句话定调：这不是互殴，是正当防卫,650,323,327,297281736432,0,297281736432,93315443,PeterZhang13,0,1,1774951211,2026-03-31,2026-03-31 18:00:11,是不是正当防卫跟损伤大小有啥关系？
156,0,BV1dvfsBrEFJ,116129188025616,央视一句话定调：这不是互殴，是正当防卫,650,323,327,297281073504,0,297281073504,219467611,曼妮Mars,80,1,1774950792,2026-03-31,2026-03-31 17:53:12,“还手即互殴，不是你撞的为什么要扶”这两个是我长这么大最觉得可笑的事情，社会风气都被带歪了
157,1,BV1dvfsBrEFJ,116129188025616,央视一句话定调：这不是互殴，是正当防卫,650,323,327,297281073504,297281073504,295907782161,434548394,雪中悍刀刀行,2,0,1775919507,2026-04-11,2026-04-11 22:58:27,后面那个是断章取义，主要推手是媒体，之前风气一直都是歪的，直到这两年媒体态度才集体转向，本来就有败坏风气的目的
158,0,BV1dvfsBrEFJ,116129188025616,央视一句话定调：这不是互殴，是正当防卫,650,323,327,297280294576,0,297280294576,32043213,-Rorschach---,2,0,1774950422,2026-03-31,2026-03-31 17:47:02,好无力啊[辣眼睛]
159,0,BV1dvfsBrEFJ,116129188025616,央视一句话定调：这不是互殴，是正当防卫,650,323,327,297276368624,0,297276368624,1430805,花痴了那只猫,36,0,1774947987,2026-03-31,2026-03-31 17:06:27,"这6年只证明了一点，之前所有判她败诉的人都是草包，都不配那个职位，都应该给予她补偿。
当不需要暖气片充当队友，也能判做正当防卫的时候，才是真正的进步。6年时间多次败诉，谁能保证每个被害人都能坚持到最后。
就算最后胜诉了又如何？她只是证明了她没错。可她本来就没错呀，如果没人去他店里耍酒疯，没人破坏他桌子，没人打她，她只是一个本分的生意人。"
160,0,BV1dvfsBrEFJ,116129188025616,央视一句话定调：这不是互殴，是正当防卫,650,323,327,297273283440,0,297273283440,361831600,大萝卜Lw,0,0,1774945779,2026-03-31,2026-03-31 16:29:39,哈哈哈哈哈
161,0,BV1dvfsBrEFJ,116129188025616,央视一句话定调：这不是互殴，是正当防卫,650,323,327,297259222448,0,297259222448,371736838,艾丝可莉姆,2,0,1774934851,2026-03-31,2026-03-31 13:27:31,好人唯唯诺诺，坏人为非作歹
162,0,BV1dvfsBrEFJ,116129188025616,央视一句话定调：这不是互殴，是正当防卫,650,323,327,297232785968,0,297232785968,669275484,还是刚刚开始,1,0,1774913953,2026-03-31,2026-03-31 07:39:13,互殴   那名男子是否拘留了   判完正当防卫  那名男子是否有判罚
163,0,BV1dvfsBrEFJ,116129188025616,央视一句话定调：这不是互殴，是正当防卫,650,323,327,297231885440,0,297231885440,95459622,谨言慎行-慎,1,1,1774912687,2026-03-31,2026-03-31 07:18:07,闫芳，打你为什么还手
164,1,BV1dvfsBrEFJ,116129188025616,央视一句话定调：这不是互殴，是正当防卫,650,323,327,297231885440,297231885440,294775277457,694048060,0o海o0,0,0,1774980163,2026-04-01,2026-04-01 02:02:43,国家教我要还手，对越自卫反击战和对印自卫反击战国家为什么要还手？国家为什么要叫自卫反击战？
165,0,BV1dvfsBrEFJ,116129188025616,央视一句话定调：这不是互殴，是正当防卫,650,323,327,297202150240,0,297202150240,317443632,ghostjump,0,0,1774879343,2026-03-30,2026-03-30 22:02:23,骂归骂，但看看人家的正当防卫【三女两男上门寻衅 16岁女孩开启MMA反击-哔哩哔哩】 https://b23.tv/lvVfAUC
166,0,BV1dvfsBrEFJ,116129188025616,央视一句话定调：这不是互殴，是正当防卫,650,323,327,294654460193,0,294654460193,493173590,弹幕滚动不动了,17,0,1774878234,2026-03-30,2026-03-30 21:43:54,对认定案件性质错误、判刑错误的警察和法官应该处理
167,0,BV1dvfsBrEFJ,116129188025616,央视一句话定调：这不是互殴，是正当防卫,650,323,327,297197080592,0,297197080592,12815319,-赝坊-,1,0,1774876620,2026-03-30,2026-03-30 21:17:00,我没看视频的具体内容，以我多年挨揍的经验来看，双方发生争执，一方动手，另一方还手，双方打斗的程度，没有达到危及生命的程度。   判互殴一点问题没有。       个人观点  都别回复了
168,0,BV1dvfsBrEFJ,116129188025616,央视一句话定调：这不是互殴，是正当防卫,650,323,327,294648076225,0,294648076225,27990685,差不离儿先生,1,0,1774874490,2026-03-30,2026-03-30 20:41:30,弱势群体永远都是被动的
169,0,BV1dvfsBrEFJ,116129188025616,央视一句话定调：这不是互殴，是正当防卫,650,323,327,294639794449,0,294639794449,2056132497,liug26555,0,0,1774869479,2026-03-30,2026-03-30 19:17:59,央视定调，央视在这件事里起一丁点用了吗？
170,0,BV1dvfsBrEFJ,116129188025616,央视一句话定调：这不是互殴，是正当防卫,650,323,327,297173602400,0,297173602400,439983721,细罗罗,0,0,1774863042,2026-03-30,2026-03-30 17:30:42,不是说持续受到伤害的反击算正当防卫吗？
171,0,BV1dvfsBrEFJ,116129188025616,央视一句话定调：这不是互殴，是正当防卫,650,323,327,297161724944,0,297161724944,431038624,o0断陳疯0o,0,0,1774853948,2026-03-30,2026-03-30 14:59:08,我有过同样的经历，没动手背叛互殴，而且我还住了一周的医院，缝了13针，下半身当时动不了。施暴者逍遥法外，最可恨还没赔钱
172,0,BV1dvfsBrEFJ,116129188025616,央视一句话定调：这不是互殴，是正当防卫,650,323,327,297152609344,0,297152609344,265488237,尼鸭梨达摩,1,0,1774847089,2026-03-30,2026-03-30 13:04:49,"被打不还手才能不互殴 这就是纵容犯罪
这种能平反的案例又有几个呢 你再看看整个维权的过程又是多么的艰难"
173,0,BV1dvfsBrEFJ,116129188025616,央视一句话定调：这不是互殴，是正当防卫,650,323,327,294604657953,0,294604657953,2026772871,专骂卖国贼,0,0,1774844014,2026-03-30,2026-03-30 12:13:34,不是去年就终审了吗
174,0,BV1dvfsBrEFJ,116129188025616,央视一句话定调：这不是互殴，是正当防卫,650,323,327,297141275312,0,297141275312,502996005,lickie,0,0,1774839903,2026-03-30,2026-03-30 11:05:03,现在也有这种说法，只要还手就是互殴
175,0,BV1dvfsBrEFJ,116129188025616,央视一句话定调：这不是互殴，是正当防卫,650,323,327,294595801985,0,294595801985,32934496,躺平的牧羊人,0,0,1774837145,2026-03-30,2026-03-30 10:19:05,解释权裁定权是多么重要呀
176,0,BV1dvfsBrEFJ,116129188025616,央视一句话定调：这不是互殴，是正当防卫,650,323,327,297137102208,0,297137102208,645380334,hellowintele,0,0,1774836531,2026-03-30,2026-03-30 10:08:51,多学习点法律常识吧
177,0,BV1dvfsBrEFJ,116129188025616,央视一句话定调：这不是互殴，是正当防卫,650,323,327,294594101841,0,294594101841,353005096,hidocchanjien,0,0,1774835530,2026-03-30,2026-03-30 09:52:10,陪审员制度的含金量还在增加
178,0,BV1dvfsBrEFJ,116129188025616,央视一句话定调：这不是互殴，是正当防卫,650,323,327,297134238928,0,297134238928,493762400,DAYZ萌新班长,4,11,1774834089,2026-03-30,2026-03-30 09:28:09,打我的话，我就直接躺下，“哎呦！背疼，肚子疼，脑壳疼”。[滑稽]
179,1,BV1dvfsBrEFJ,116129188025616,央视一句话定调：这不是互殴，是正当防卫,650,323,327,297134238928,297134238928,297152486320,2117530438,阿卡姆的点子王,9,0,1774846945,2026-03-30,2026-03-30 13:02:25,然后我直接给你一个足球踢，最后周边没监控[doge_金箍]
180,1,BV1dvfsBrEFJ,116129188025616,央视一句话定调：这不是互殴，是正当防卫,650,323,327,297134238928,297152486320,297171697792,493762400,DAYZ萌新班长,0,0,1774861743,2026-03-30,2026-03-30 17:09:03,回复 @阿卡姆的点子王 :没监控？你早说啊[滑稽]
181,1,BV1dvfsBrEFJ,116129188025616,央视一句话定调：这不是互殴，是正当防卫,650,323,327,297134238928,297152486320,297173677456,395995439,戏菌与荼酱,0,0,1774863182,2026-03-30,2026-03-30 17:33:02,回复 @阿卡姆的点子王 :没监控啊？那我可还手了
182,1,BV1dvfsBrEFJ,116129188025616,央视一句话定调：这不是互殴，是正当防卫,650,323,327,297134238928,297152486320,294653420449,403932392,F1蜗牛,4,0,1774877578,2026-03-30,2026-03-30 21:32:58,回复 @阿卡姆的点子王 :然后让醉汉拿酒瓶敲头进icu吗？然后对方被判有罪，官司赢了，赔偿拿不到没钱赔，你咋办？
183,1,BV1dvfsBrEFJ,116129188025616,央视一句话定调：这不是互殴，是正当防卫,650,323,327,297134238928,297134238928,297223441024,26890124,克己_远志,1,0,1774893567,2026-03-31,2026-03-31 01:59:27,然后开始选车是吧[笑哭]
184,1,BV1dvfsBrEFJ,116129188025616,央视一句话定调：这不是互殴，是正当防卫,650,323,327,297134238928,297134238928,297232878496,431031339,紧固件丢失侦探社,1,0,1774914260,2026-03-31,2026-03-31 07:44:20,先躺医院，半个月
185,1,BV1dvfsBrEFJ,116129188025616,央视一句话定调：这不是互殴，是正当防卫,650,323,327,297134238928,297134238928,297345159200,30853813,少妖爸,0,0,1775005158,2026-04-01,2026-04-01 08:59:18,别躺，小心对方下死手，到时候有钱赚没命花啊
186,1,BV1dvfsBrEFJ,116129188025616,央视一句话定调：这不是互殴，是正当防卫,650,323,327,297134238928,297345159200,297346019744,493762400,DAYZ萌新班长,0,0,1775005836,2026-04-01,2026-04-01 09:10:36,回复 @少妖爸 :他如果拿家伙我直接跑，空着手打就躺下
187,1,BV1dvfsBrEFJ,116129188025616,央视一句话定调：这不是互殴，是正当防卫,650,323,327,297134238928,297134238928,297745450736,143632714,吴说不在,0,0,1775307717,2026-04-04,2026-04-04 21:01:57,你最少需要2个以上证人。如果没监控，你再打滚也没用。[呲牙]
188,1,BV1dvfsBrEFJ,116129188025616,央视一句话定调：这不是互殴，是正当防卫,650,323,327,297134238928,297745450736,297778081168,493762400,DAYZ萌新班长,0,0,1775328424,2026-04-05,2026-04-05 02:47:04,回复 @吴说不在 :你这话等于没说，真要是没监控没路人，他最好是练过的
189,1,BV1dvfsBrEFJ,116129188025616,央视一句话定调：这不是互殴，是正当防卫,650,323,327,297134238928,294653420449,295315979361,1174283658,你真想,0,0,1775432463,2026-04-06,2026-04-06 07:41:03,回复 @F1蜗牛 :人没了，还有媳妇呢，媳妇戴着孩子改嫁了，有人替他花[tv_斜眼笑]
190,0,BV1dvfsBrEFJ,116129188025616,央视一句话定调：这不是互殴，是正当防卫,650,323,327,294572524433,0,294572524433,627548360,甘草板蓝根,7,2,1774800979,2026-03-30,2026-03-30 00:16:19,谁tm规定还手就是互殴的，双方相同体格，年龄的情况下，即单方面先动手不会对对方造成太大伤害，这时对方还手你说互殴还能勉强接受，强男对弱女，大人vs小孩，持械VS空手，多人vs1人，这还不还手怕就没机会了
191,1,BV1dvfsBrEFJ,116129188025616,央视一句话定调：这不是互殴，是正当防卫,650,323,327,294572524433,294572524433,296247931297,388309165,滨幺游记,0,0,1776207805,2026-04-15,2026-04-15 07:03:25,这也是这个案子改判的重要原因，试想如果瘦弱女老板改为和闹事酒鬼一样强壮的男老板肯定不能改判
192,1,BV1dvfsBrEFJ,116129188025616,央视一句话定调：这不是互殴，是正当防卫,650,323,327,294572524433,294572524433,296251397537,413648894,妖刀-星碎,0,0,1776212904,2026-04-15,2026-04-15 08:28:24,我也觉得，主要是双方力量悬殊的问题
193,0,BV1dvfsBrEFJ,116129188025616,央视一句话定调：这不是互殴，是正当防卫,650,323,327,297104841312,0,297104841312,22244435,肥爸瘦崽,0,0,1774796877,2026-03-29,2026-03-29 23:07:57,如果你不幸碰到类似或刑事案件，如果你是对的，一定要在一审就让这个判决结果是对的。别指望二审能改。不是说二审不会改，是别指望二审能改。不论你是闹，还是找媒体或者自媒体进行曝光，总之必须让你的案子在舆论监督下，怎么能闹大怎么闹。想否定的你随意，相信我的一定要记住了，闹大了，舆论监督。
194,0,BV1dvfsBrEFJ,116129188025616,央视一句话定调：这不是互殴，是正当防卫,650,323,327,297099601312,0,297099601312,3546836998556301,清甜绾绾,2,0,1774794044,2026-03-29,2026-03-29 22:20:44,违法成本低，维权成本过高、难度还大，这种不对称，多数人耗不起，最终都是吃哑巴亏。
195,0,BV1dvfsBrEFJ,116129188025616,央视一句话定调：这不是互殴，是正当防卫,650,323,327,297063200912,0,297063200912,1027340505,冠纪年,1,0,1774773451,2026-03-29,2026-03-29 16:37:31,司法部门对法条的解读会严重影响社会的风气。
196,0,BV1dvfsBrEFJ,116129188025616,央视一句话定调：这不是互殴，是正当防卫,650,323,327,296999168960,0,296999168960,1986012,骨头家肉品冷库,3,1,1774718212,2026-03-29,2026-03-29 01:16:52,那为什么一审二审不能好好的判正当防卫，非要这么困难得过程。
197,1,BV1dvfsBrEFJ,116129188025616,央视一句话定调：这不是互殴，是正当防卫,650,323,327,296999168960,296999168960,294552750913,201711858,当今之士,4,0,1774789393,2026-03-29,2026-03-29 21:03:13,因为这样判案的没风险，可以一刀切，反正又不是判案的去坐牢。互殴是定量分析，只要你还手，就是0和1，好认定。但是防卫要定性分析，太主观[doge]
198,0,BV1dvfsBrEFJ,116129188025616,央视一句话定调：这不是互殴，是正当防卫,650,323,327,294445193345,0,294445193345,517527798,睡觉急什么,1,0,1774705035,2026-03-28,2026-03-28 21:37:15,要是能把喝酒全责入治安条例就简单多了，和酒后闹事的还讲什么道理，纯属浪费司法资源
199,0,BV1dvfsBrEFJ,116129188025616,央视一句话定调：这不是互殴，是正当防卫,650,323,327,294434800689,0,294434800689,368806484,12号到期时间,2,2,1774699132,2026-03-28,2026-03-28 19:58:52,正当防卫另一个意思就是合法伤人，不严格判别的话就会有人故意挑事合法伤人了，碰上这样的正确做法就是跑再报警
200,1,BV1dvfsBrEFJ,116129188025616,央视一句话定调：这不是互殴，是正当防卫,650,323,327,294434800689,294434800689,297343826016,57140,賢狼赫萝,0,0,1775003938,2026-04-01,2026-04-01 08:38:58,正当防卫还有一个结果就是防卫过当，并不是能合法伤人就没有过错了，降低正当防卫判定标准，提高防卫过当处罚力度才是合适的处理办法，都决定先动手了那就要承担被反击的后果。
201,1,BV1dvfsBrEFJ,116129188025616,央视一句话定调：这不是互殴，是正当防卫,650,323,327,294434800689,294434800689,294730511841,208221570,豌豆颠不癫,0,0,1774951761,2026-03-31,2026-03-31 18:09:21,如果没有跑的空间了又咋办，总不能你有狼牙棒我有天灵盖嘛
202,0,BV1dvfsBrEFJ,116129188025616,央视一句话定调：这不是互殴，是正当防卫,650,323,327,294434500225,0,294434500225,1843461458,娗伊,0,0,1774698964,2026-03-28,2026-03-28 19:56:04,这流氓当的太丢人
203,0,BV1dvfsBrEFJ,116129188025616,央视一句话定调：这不是互殴，是正当防卫,650,323,327,296915119232,0,296915119232,23538848,安狞的,0,0,1774669912,2026-03-28,2026-03-28 11:51:52,好事呀。很多人都不明白为什么实践中倾向于各打50大板。假如没有法律没有公安，别人打得过你，你就没人权。各打50等于把强者的一半利益分给了你，等于他没打赢。但是这依旧不是我们的最终目的，我们的目的在于公正。所以如今又进了一步，不是挺好的吗
204,0,BV1dvfsBrEFJ,116129188025616,央视一句话定调：这不是互殴，是正当防卫,650,323,327,296900357152,0,296900357152,15026743,索罗巷圆圆的蒜苗,1,0,1774659760,2026-03-28,2026-03-28 09:02:40,太不容易了
205,0,BV1dvfsBrEFJ,116129188025616,央视一句话定调：这不是互殴，是正当防卫,650,323,327,294300607457,0,294300607457,15302382,只发广告的顾老师,1,0,1774593192,2026-03-27,2026-03-27 14:33:12,感觉施暴者先动手的被打，都应该被认定为正当防卫
206,0,BV1dvfsBrEFJ,116129188025616,央视一句话定调：这不是互殴，是正当防卫,650,323,327,293634397504,0,293634397504,379698614,愿吾与子共适,1,1,1772095172,2026-02-26,2026-02-26 16:39:32,你这个标题有错误，央视做为一个电视台，是没有司法权，凭什么来一句话定调是正当防卫，定调的是法院啊，新闻里说的很清楚，是法院定的，希望改正一下[辣眼睛][辣眼睛]
207,0,BV1dvfsBrEFJ,116129188025616,央视一句话定调：这不是互殴，是正当防卫,650,323,327,291346317857,0,291346317857,4130070,Souki丶,3,0,1772094184,2026-02-26,2026-02-26 16:23:04,应该立法 杀死喝醉的人不犯法 因为喝醉的人无法控制自己的意识和行为 那么这个状态就不能算是人 那么一个不算人的生物自然也就不应该受到人类法律的保护
208,0,BV1dvfsBrEFJ,116129188025616,央视一句话定调：这不是互殴，是正当防卫,650,323,327,291291869825,0,291291869825,284258156,刺客大魔王1,3,10,1772047855,2026-02-26,2026-02-26 03:30:55,评论区一群大聪明   知道为什么治安案件里正当防卫这么难定义吗（看清楚 我说的是治安案件），因为中国从古至今的处理事情的观念是大事化小小事化了，中国人口众多 稳定是最重要的。而这种正当防卫的观念一旦形成，以后造成的结果就是  本来起摩擦的双方可以从一方动手 另一方往地上一躺 最后赔钱息事演变成 一方动手 另一方就会跟着动手 从而冲突升级变成刑事案件 到时候就是人人自危
209,1,BV1dvfsBrEFJ,116129188025616,央视一句话定调：这不是互殴，是正当防卫,650,323,327,291291869825,291291869825,296036881601,354076975,梁小同学233,4,0,1776012868,2026-04-13,2026-04-13 00:54:28,都欺负到头上了 是你脾气也暴 正确的做法是对动手者重罚加赔偿 而不是互殴 不然 貌似先动手还有利点就更加容易起冲突了
210,1,BV1dvfsBrEFJ,116129188025616,央视一句话定调：这不是互殴，是正当防卫,650,323,327,291291869825,291291869825,296054017697,336360198,稠鱼烧和猫,0,0,1776043309,2026-04-13,2026-04-13 09:21:49,如果你作为正常人有应激反应 别人过来要干你 请问怎么判断他是想取你性命还是只是过来摸摸你的脸蛋儿 当时你的条件反射是国家大义还是别被弄死？
211,1,BV1dvfsBrEFJ,116129188025616,央视一句话定调：这不是互殴，是正当防卫,650,323,327,291291869825,291291869825,298720646128,36751300,傻猫快下来,3,0,1776044176,2026-04-13,2026-04-13 09:36:16,你一躺对方就不打你了吗，唐山烧烤案还记得吗
212,1,BV1dvfsBrEFJ,116129188025616,央视一句话定调：这不是互殴，是正当防卫,650,323,327,291291869825,291291869825,296240716481,6079984,Luei,3,0,1776189641,2026-04-15,2026-04-15 02:00:41,这不是更好，先动手的人就该吃亏，大家就都不做第一个动手的人这样冲突才会少吧。真正需要考虑界定的范围应该是正当防卫与防卫过当，而不是互殴还是正当防卫
213,1,BV1dvfsBrEFJ,116129188025616,央视一句话定调：这不是互殴，是正当防卫,650,323,327,291291869825,291291869825,296247585953,388309165,滨幺游记,0,0,1776207585,2026-04-15,2026-04-15 06:59:45,现在就是动手的赔钱，不动手的获得赔偿，一巴掌几千块，深圳还有乘客打伤滴滴司机赔了二十多万的
214,1,BV1dvfsBrEFJ,116129188025616,央视一句话定调：这不是互殴，是正当防卫,650,323,327,291291869825,298720646128,296247840273,388309165,滨幺游记,0,0,1776207668,2026-04-15,2026-04-15 07:01:08,回复 @傻猫快下来 :法律是适应普遍情况的，现在是动手就要赔钱，所以很多冲突中宁愿吐口水都不动手了
215,1,BV1dvfsBrEFJ,116129188025616,央视一句话定调：这不是互殴，是正当防卫,650,323,327,291291869825,291291869825,296251426881,413648894,妖刀-星碎,2,0,1776212979,2026-04-15,2026-04-15 08:29:39,我觉得这件事里面主要是双方力量悬殊，一个男的打一个女的，如果双方都是差不多的体格你看还有没有这个新闻
216,1,BV1dvfsBrEFJ,116129188025616,央视一句话定调：这不是互殴，是正当防卫,650,323,327,291291869825,298720646128,298986565040,320819733,和包子的未来2,0,0,1776246030,2026-04-15,2026-04-15 17:40:30,回复 @傻猫快下来 :所以烧烤案主角被判那么重
217,1,BV1dvfsBrEFJ,116129188025616,央视一句话定调：这不是互殴，是正当防卫,650,323,327,291291869825,291291869825,296884104737,2367398,小菜菜と顾之之,0,0,1776700561,2026-04-20,2026-04-20 23:56:01,所以如果我遇到，我还手直接下死手，这样就能升级成刑事案件，反而更好判正当防卫
218,1,BV1dvfsBrEFJ,116129188025616,央视一句话定调：这不是互殴，是正当防卫,650,323,327,291291869825,291291869825,297219673249,1143562358,ang21ang,0,0,1777000486,2026-04-24,2026-04-24 11:14:46,动物界的规矩是逃跑示弱会激发捕猎本能。失去理智的人同理。
219,0,BV1dvfsBrEFJ,116129188025616,央视一句话定调：这不是互殴，是正当防卫,650,323,327,293565440448,0,293565440448,387585708,馬家GP,4,6,1772038203,2026-02-26,2026-02-26 00:50:03,"其實很簡單,誰先動手被殺對方都無罪,這種判例下來,以後沒人敢先動手"
220,1,BV1dvfsBrEFJ,116129188025616,央视一句话定调：这不是互殴，是正当防卫,650,323,327,293565440448,293565440448,294221633201,347747566,大羊尾,0,0,1774518542,2026-03-26,2026-03-26 17:49:02,那以后就不好管理了[doge]
221,1,BV1dvfsBrEFJ,116129188025616,央视一句话定调：这不是互殴，是正当防卫,650,323,327,293565440448,293565440448,296881664000,48962011,狸狸园上草,4,0,1774631118,2026-03-28,2026-03-28 01:05:18,那我故意激怒你，就等你先动手呢[笑哭]
222,1,BV1dvfsBrEFJ,116129188025616,央视一句话定调：这不是互殴，是正当防卫,650,323,327,293565440448,293565440448,294773889921,694048060,0o海o0,0,0,1774978678,2026-04-01,2026-04-01 01:37:58,最后不就没有互殴一说了不是吗？
223,1,BV1dvfsBrEFJ,116129188025616,央视一句话定调：这不是互殴，是正当防卫,650,323,327,293565440448,296881664000,297340423424,387585708,馬家GP,1,0,1775000087,2026-04-01,2026-04-01 07:34:47,"回复 @狸狸园上草 : 那你要確定我一下手不是直接下死手,畢竟一時衝動很大機率不會死刑"
224,1,BV1dvfsBrEFJ,116129188025616,央视一句话定调：这不是互殴，是正当防卫,650,323,327,293565440448,296881664000,297344113248,57140,賢狼赫萝,1,0,1775004210,2026-04-01,2026-04-01 08:43:30,回复 @狸狸园上草 :忍不住先动手就要承担动手的后果，这没问题吧？
225,1,BV1dvfsBrEFJ,116129188025616,央视一句话定调：这不是互殴，是正当防卫,650,323,327,293565440448,293565440448,298597680224,388437225,一天不学习会die,0,0,1775957059,2026-04-12,2026-04-12 09:24:19,定法律不是这么定的，拍个脑袋就定了。量刑更是非常复杂和严谨的事情。
226,0,BV1dvfsBrEFJ,116129188025616,央视一句话定调：这不是互殴，是正当防卫,650,323,327,293565231648,0,293565231648,49810808,生旦净末-,7,3,1772038108,2026-02-26,2026-02-26 00:48:28,这类事情个人主张无互殴或正当防卫的划分，先动手全责或80%以上主责，先动手就意味着思维上的主观意识，和被打时身体被动BUFF肾上腺素的反击有明显区别。
227,1,BV1dvfsBrEFJ,116129188025616,央视一句话定调：这不是互殴，是正当防卫,650,323,327,293565231648,293565231648,298860564784,104628637,42682394423661,0,0,1776147600,2026-04-14,2026-04-14 14:20:00,这是谁啊
228,1,BV1dvfsBrEFJ,116129188025616,央视一句话定调：这不是互殴，是正当防卫,650,323,327,293565231648,298860564784,297211496449,16942250,啊亨君,2,0,1776993595,2026-04-24,2026-04-24 09:19:55,回复 @42682394423661 :他打你你为什么还手
229,1,BV1dvfsBrEFJ,116129188025616,央视一句话定调：这不是互殴，是正当防卫,650,323,327,293565231648,293565231648,301385573808,1278422688,seebana,1,0,1777954335,2026-05-05,2026-05-05 12:12:15,看到这个就忍不住想扇它
230,0,BV1dvfsBrEFJ,116129188025616,央视一句话定调：这不是互殴，是正当防卫,650,323,327,293565089920,0,293565089920,1454829,夕惕若厉,0,1,1772038074,2026-02-26,2026-02-26 00:47:54,什么叫央视定调？媒体能当判官了？法院定调，最高法、最高检、公安部那可以叫定调，现在好多媒体、自媒体发酵舆论、网上判案，那叫造谣
231,0,BV1dvfsBrEFJ,116129188025616,央视一句话定调：这不是互殴，是正当防卫,650,323,327,291282271953,0,291282271953,179642568,kene101,2,0,1772037793,2026-02-26,2026-02-26 00:43:13,4年啊，还是监督申请硬扣出对方自己磕到暖气才能抗诉，普通人有几个四年？她的饭店能开几个四年？
232,0,BV1dvfsBrEFJ,116129188025616,央视一句话定调：这不是互殴，是正当防卫,650,323,327,291282259409,0,291282259409,321046982,cnarnoldyang,6,0,1772037769,2026-02-26,2026-02-26 00:42:49,从受害者的采访发言来看，认定正当防卫还是任重道远的。因为受害者一直在用谨慎的语言表达自己被人打以后是近乎无意识的状态，来解释之后的防卫动作，而且见到加害者头上有血竟然还要表示惊讶，为什么这样说？我想大家都明白。什么时候受害者被采访的时候可以义正言辞地说：他突然动手打我，我必须马上还击不然就会一直被他打，他不但没有停止而且还连续出手，我只好拿起东西进行反击。如此，所谓的正当防卫才不是一句停留在书面的话，才符合人民群众的朴素正义观。现在弄得受害者还要唯唯诺诺战战兢兢，简直就是倒反天罡。难道正当防卫的人不是英雄吗？对于无视他人人身安全的人，用自己的行为及时使这种人停止侵害举动，就是英雄，而英雄是应该坦坦荡荡说话的，只有干了坏事的小人才会唯唯诺诺战战兢兢。
233,0,BV1dvfsBrEFJ,116129188025616,央视一句话定调：这不是互殴，是正当防卫,650,323,327,293561731680,0,293561731680,643517,象牙&黑檀木,0,0,1772036076,2026-02-26,2026-02-26 00:14:36,你打我一下，我认为你是一时冲动，但你继续打我，那我就认为你是想要继续侵害我了
234,0,BV1dvfsBrEFJ,116129188025616,央视一句话定调：这不是互殴，是正当防卫,650,323,327,291279242897,0,291279242897,393289994,喵了个咪的入戏太深,1,0,1772036016,2026-02-26,2026-02-26 00:13:36,【很多刑事案子都是“一错再错”，硬做出来的】https://www.bilibili.com/video/BV1y2Nqz5E8j?vd_source=5c36f0b873b4a7f4ae8f1d3607dfec7d
235,0,BV1dvfsBrEFJ,116129188025616,央视一句话定调：这不是互殴，是正当防卫,650,323,327,293561085136,0,293561085136,405609318,加普兰,1,0,1772035767,2026-02-26,2026-02-26 00:09:27,看视频就明白是那男的挑事，不能说是互殴
236,0,BV1dvfsBrEFJ,116129188025616,央视一句话定调：这不是互殴，是正当防卫,650,323,327,291278487329,0,291278487329,2116948761,朱红本尊,0,0,1772035558,2026-02-26,2026-02-26 00:05:58,互欧这个东东，早就该T出治安案件中了！
237,0,BV1dvfsBrEFJ,116129188025616,央视一句话定调：这不是互殴，是正当防卫,650,323,327,291278350401,0,291278350401,3493259091380475,万丈红尘皆过客,7,1,1772035518,2026-02-26,2026-02-26 00:05:18,中日互殴八年
238,1,BV1dvfsBrEFJ,116129188025616,央视一句话定调：这不是互殴，是正当防卫,650,323,327,291278350401,291278350401,294775647121,694048060,0o海o0,1,0,1774980779,2026-04-01,2026-04-01 02:12:59,前面六年单纯的被打，然后互殴8年总共14年[笑哭]
239,0,BV1dvfsBrEFJ,116129188025616,央视一句话定调：这不是互殴，是正当防卫,650,323,327,291277625505,0,291277625505,314740292,有好事者表示,11,0,1772035141,2026-02-25,2026-02-25 23:59:01,"本地人，全程关注了此事。首先案件最初认定的是醉酒男“寻衅滋事”，女老板用酒瓶“殴打他人”，原因是醉酒男脸上有个开放伤口，行政处罚决定书和两审的判决书，都提到：张女士有防卫性质，但超出了必要限度。
实际上，各自行拘以后，本来是没啥事了，但是醉酒男过了一阵回来要求女老板赔偿医药费，狮子大开口4万块，这才逼得女老板提起行政诉讼，要求撤销最初的行政处罚决定书。之所以一审二审都败诉，就是因为这个伤口存在。女老板申请检察监督以后，检察官认为醉酒男脸上的伤口，像是醉酒男自己一头扎到了暖气片产生的，然后申请了司法鉴定，法医认为就是他自己碰到了暖气片，这才是终审改判的原因。
此案已经成为本地司法系统指导案例，按照区法院的一个人民陪审员的说法，即使这个伤口是张女士用酒瓶砸出来的，以后这类案件，也大概率会按照正当防卫处理。实际上他说的比较复杂，但大致就是这个意思。"
240,0,BV1dvfsBrEFJ,116129188025616,央视一句话定调：这不是互殴，是正当防卫,650,323,327,291277428481,0,291277428481,414415068,糯米姜丝儿,1,0,1772035085,2026-02-25,2026-02-25 23:58:05,这都能定性为互殴[辣眼睛][辣眼睛][辣眼睛]
241,0,BV1dvfsBrEFJ,116129188025616,央视一句话定调：这不是互殴，是正当防卫,650,323,327,291277292513,0,291277292513,33240983,语嫣梦尘,1,0,1772034910,2026-02-25,2026-02-25 23:55:10,龙哥还在发力[花园花铃表情包_喝茶]
242,0,BV1dvfsBrEFJ,116129188025616,央视一句话定调：这不是互殴，是正当防卫,650,323,327,293559465728,0,293559465728,38436747,CFDH021,0,0,1772034869,2026-02-25,2026-02-25 23:54:29,互殴还是正当防卫由媒体来定调？
243,0,BV1dvfsBrEFJ,116129188025616,央视一句话定调：这不是互殴，是正当防卫,650,323,327,291277004161,0,291277004161,202380996,fcsfm,1,0,1772034809,2026-02-25,2026-02-25 23:53:29,这个新的线索也只能证明刘某额头的伤是碰到暖气片导致的，免去了张女士的赔偿责任，但根本的问题是，当一方先实施暴力侵害时，被施暴一方反击到底属互殴还是正当防卫？这点在法律上不明确不行，任由法官自行模糊的判罚是对当事人极其不负责任的做法，也是对社会所倡导的公平正义价值观的亵渎。
244,0,BV1dvfsBrEFJ,116129188025616,央视一句话定调：这不是互殴，是正当防卫,650,323,327,293559157536,0,293559157536,383499033,CZ的夏天,1,1,1772034723,2026-02-25,2026-02-25 23:52:03,这种判互殴不觉得很反人类吗？
245,0,BV1dvfsBrEFJ,116129188025616,央视一句话定调：这不是互殴，是正当防卫,650,323,327,293559203808,0,293559203808,1951683831,霞飞路23号,0,0,1772034695,2026-02-25,2026-02-25 23:51:35,当年的法治环境没有现在这么完善，龙哥案出来后就好很多了。
246,0,BV1dvfsBrEFJ,116129188025616,央视一句话定调：这不是互殴，是正当防卫,650,323,327,293559063504,0,293559063504,35318047,关东唐i,16,2,1772034635,2026-02-25,2026-02-25 23:50:35,为什么新闻联播后的广告最贵，因为能把新闻联播看完的人，基本你说啥他都信。
247,1,BV1dvfsBrEFJ,116129188025616,央视一句话定调：这不是互殴，是正当防卫,650,323,327,293559063504,293559063504,293567215376,386448846,深夜222,1,0,1772039489,2026-02-26,2026-02-26 01:11:29,受教了，评论区人才多
248,1,BV1dvfsBrEFJ,116129188025616,央视一句话定调：这不是互殴，是正当防卫,650,323,327,293559063504,293559063504,293586987200,3104112,南瓜1223,2,0,1772068965,2026-02-26,2026-02-26 09:22:45,哦，原来是觉醒者
249,0,BV1dvfsBrEFJ,116129188025616,央视一句话定调：这不是互殴，是正当防卫,650,323,327,291276525073,0,291276525073,351183783,jiyuan45,0,0,1772034576,2026-02-25,2026-02-25 23:49:36,祥林嫂
250,0,BV1dvfsBrEFJ,116129188025616,央视一句话定调：这不是互殴，是正当防卫,650,323,327,293558386368,0,293558386368,1859013,梦如旧,0,0,1772034353,2026-02-25,2026-02-25 23:45:53,看了个寂寞
251,0,BV1dvfsBrEFJ,116129188025616,央视一句话定调：这不是互殴，是正当防卫,650,323,327,291276117313,0,291276117313,138796,双马尾傲娇萝莉,0,0,1772034351,2026-02-25,2026-02-25 23:45:51,故意殴打他人，迫使他人还击，只要不是学法的人都会这么认为吧
252,0,BV1dvfsBrEFJ,116129188025616,央视一句话定调：这不是互殴，是正当防卫,650,323,327,293558417456,0,293558417456,291485247,eliel1,0,0,1772034320,2026-02-25,2026-02-25 23:45:20,昆山龙哥案是推动刑法领域正当防卫的重要节点。这个案子明显是被当作治安处罚领域正当防卫适用的典型案列了。
253,0,BV1dvfsBrEFJ,116129188025616,央视一句话定调：这不是互殴，是正当防卫,650,323,327,293557994560,0,293557994560,3493126213732435,土豆不想努力,0,0,1772034132,2026-02-25,2026-02-25 23:42:12,看身份的
254,0,BV1dvfsBrEFJ,116129188025616,央视一句话定调：这不是互殴，是正当防卫,650,323,327,291275487601,0,291275487601,15254254,pbhbt,0,0,1772034052,2026-02-25,2026-02-25 23:40:52,判的好
255,0,BV1dvfsBrEFJ,116129188025616,央视一句话定调：这不是互殴，是正当防卫,650,323,327,291275193617,0,291275193617,42189099,fbyekdmw71r,0,0,1772033953,2026-02-25,2026-02-25 23:39:13,不容易啊
256,0,BV1dvfsBrEFJ,116129188025616,央视一句话定调：这不是互殴，是正当防卫,650,323,327,291275086609,0,291275086609,492384698,雷哔了个哔,1,0,1772033832,2026-02-25,2026-02-25 23:37:12,绝对正当防卫，第一是自家店铺，有维护秩序的权利和义务，劝阻是应该的。第二，女老板并没有言语侮辱刺激对方。第三，男的先动手，有持续殴打的意向，并且没有收手的意思。第四，女老板本身孤身一人，并且男女力量悬殊，天然就处于劣势。
257,0,BV1dvfsBrEFJ,116129188025616,央视一句话定调：这不是互殴，是正当防卫,650,323,327,293557170000,0,293557170000,12579218,zxmty00,0,0,1772033740,2026-02-25,2026-02-25 23:35:40,这个标题有误导嫌疑，定调是法院判的，央视一个新闻媒体怎么有权力判定
258,0,BV1dvfsBrEFJ,116129188025616,央视一句话定调：这不是互殴，是正当防卫,650,323,327,291274826241,0,291274826241,24653684,czkxj,0,0,1772033677,2026-02-25,2026-02-25 23:34:37,"动机+结果,两者缺一不可,没有动机就不能算互殴."
259,0,BV1dvfsBrEFJ,116129188025616,央视一句话定调：这不是互殴，是正当防卫,650,323,327,293556851168,0,293556851168,388627113,狗子丶灬,0,0,1772033604,2026-02-25,2026-02-25 23:33:24,好像看过日本的报道 谁先动手谁的全责
260,0,BV1dvfsBrEFJ,116129188025616,央视一句话定调：这不是互殴，是正当防卫,650,323,327,291274297793,0,291274297793,20466173,clough,0,0,1772033482,2026-02-25,2026-02-25 23:31:22,"这说互殴的纯属瞎，那人先打了老板娘一巴掌然后把人推到桌子底下打，这叫互殴？
别逗逼好吗"
261,0,BV1dvfsBrEFJ,116129188025616,央视一句话定调：这不是互殴，是正当防卫,650,323,327,291274148017,0,291274148017,493691456,Y-马赫,0,1,1772033409,2026-02-25,2026-02-25 23:30:09,一码归一码啊  暖气片就很牵强了  视频看女士多次砸像其头部 很清楚啊
262,1,BV1dvfsBrEFJ,116129188025616,央视一句话定调：这不是互殴，是正当防卫,650,323,327,291274148017,291274148017,294671923857,420738658,小飞仔语育,1,0,1774888851,2026-03-31,2026-03-31 00:40:51,正当防卫之后应该严惩闹事者
263,0,BV1dvfsBrEFJ,116129188025616,央视一句话定调：这不是互殴，是正当防卫,650,323,327,293556159696,0,293556159696,68132332,锈翼天降,0,0,1772033279,2026-02-25,2026-02-25 23:27:59,被打倒在地，怎么保护自己？反击是互殴，等你伤害受够了，你也没能力反击了，等别人发善心吧[辣眼睛][辣眼睛]
264,0,BV1dvfsBrEFJ,116129188025616,央视一句话定调：这不是互殴，是正当防卫,650,323,327,293555741632,0,293555741632,601951533,kanelin001,14,13,1772033109,2026-02-25,2026-02-25 23:25:09,"互殴和正当防卫有那么难分吗？为什么这么多年了才立法。
互殴，两人对骂，一方动手，然后打一巴掌或打一拳或推一下，没有继续攻击行为。然后另一方还手，继而扭打在一起，这就叫互殴。
正当防卫，两人对骂，一方动手，并且一直进行没有停下攻击行为，另一方还手，这时候的还手就是要防止对方继续伤害自己，如果对方已没有继续攻击行为就是正当防卫。继续对方已经没有继续攻击行为后你还继续攻击，就是防卫过当。"
265,1,BV1dvfsBrEFJ,116129188025616,央视一句话定调：这不是互殴，是正当防卫,650,323,327,293555741632,293555741632,291276444961,1646688,哎呀我晕,2,0,1772034551,2026-02-25,2026-02-25 23:49:11,"你这个“没有继续攻击行为”就很不好认定，多长时间不再动手算“没有继续”？没打你就是抓你衣服算不算“攻击”？把头贴到你脸上威胁你算不算“攻击”？转身走两步突然回头冲向你但还没碰到你之前算不算“攻击”？举起手假动作打你吓唬你算不算“攻击”？以上几种情况都有可能让你立即反击，如果算攻击的话，上述行为并不能对你造成伤害，如果不算攻击的话又有很大可能回让你误认为他会攻击而引起你的反击。
这种能让第一次被攻击者产生“他还要打我”的情况太多了，而打人者此时到底是要打你还是不打你单纯吓唬你只有他自己知道，认定“继续”和“攻击”两个要素在实操中太难了，需要耗费大量时间人力物力去扯皮。"
266,1,BV1dvfsBrEFJ,116129188025616,央视一句话定调：这不是互殴，是正当防卫,650,323,327,293555741632,291276444961,293559739984,601951533,kanelin001,0,0,1772035044,2026-02-25,2026-02-25 23:57:24,回复 @哎呀我晕 :你要把东西细分下去，每一条都要定个点，那法就不用立了，永远不可能有完美的点。这世界就不存在这种东西。而且如果真有你说的这种把法定到所有点上的，那也不需要法官了，直接上AI多好。
267,1,BV1dvfsBrEFJ,116129188025616,央视一句话定调：这不是互殴，是正当防卫,650,323,327,293555741632,293555741632,291278668305,1365305992,凶残的板儿砖,0,0,1772035704,2026-02-26,2026-02-26 00:08:24,那如果被打的没还手，此时来了个第三人拉架，结果出手的人打了拉架的，拉架的立马还手了，这个怎么判定呢？
268,1,BV1dvfsBrEFJ,116129188025616,央视一句话定调：这不是互殴，是正当防卫,650,323,327,293555741632,293555741632,291281607953,1437994674,一元O硬币,0,0,1772037397,2026-02-26,2026-02-26 00:36:37,"很难，甲乙对骂，甲先给了乙一巴掌乙反手就一拳把甲打死了，你说这是互殴还是正当防卫？甲给了乙一巴掌，乙反手连捅甲十几刀，这又怎么认定？
你如何确定甲没有继续攻击行为？又如何确定乙是因为怕继续被攻击进行的自保行为还是故意的伤害？"
269,1,BV1dvfsBrEFJ,116129188025616,央视一句话定调：这不是互殴，是正当防卫,650,323,327,293555741632,293559739984,291290590721,284258156,刺客大魔王1,2,0,1772045934,2026-02-26,2026-02-26 02:58:54,回复 @kanelin001 : 法律如果不细分 只定义一个模糊的概念 那么就会有无数的人钻漏洞
270,1,BV1dvfsBrEFJ,116129188025616,央视一句话定调：这不是互殴，是正当防卫,650,323,327,293555741632,291290590721,293603684944,601951533,kanelin001,0,0,1772078986,2026-02-26,2026-02-26 12:09:46,"回复 @刺客大魔王1 :哪有完美的法律完全没有漏洞的？每个案件都不一样，怎么可能用一套东西去套用到所有同类案件中呢。就好比视频中警察定了个寻衅滋事，核心在于判断行为人是否具有“无事生非”或“借故生非”的主观动机，也是以无事生非，这种四个字解释四个字的。
再再说了，你不会觉得我随便说一下就能定一个法吧，都是需要时间去考虑和补充细节的，我说的只是一个基本正常人都能理解和接受的框架，法律也不可能用这种大白话去定。"
271,1,BV1dvfsBrEFJ,116129188025616,央视一句话定调：这不是互殴，是正当防卫,650,323,327,293555741632,293603684944,291320190993,284258156,刺客大魔王1,0,0,1772079576,2026-02-26,2026-02-26 12:19:36,回复 @kanelin001 :法律就是必须得没有漏洞，所以才会一遍一遍的修订，只不过这需要一个过程，毕竟制定法律的是人，只要是个人就不可能十全十美
272,1,BV1dvfsBrEFJ,116129188025616,央视一句话定调：这不是互殴，是正当防卫,650,323,327,293555741632,291276444961,291346636737,4130070,Souki丶,1,0,1772094331,2026-02-26,2026-02-26 16:25:31,回复 @哎呀我晕 :有监控有什么难认定的?
273,1,BV1dvfsBrEFJ,116129188025616,央视一句话定调：这不是互殴，是正当防卫,650,323,327,293555741632,293555741632,298642634672,189891119,_烽火戲诸侯,0,0,1775982419,2026-04-12,2026-04-12 16:26:59,你这个说法，昆山龙哥那个案子，就得判防卫过当
274,1,BV1dvfsBrEFJ,116129188025616,央视一句话定调：这不是互殴，是正当防卫,650,323,327,293555741632,298642634672,298649889248,601951533,kanelin001,0,0,1775986344,2026-04-12,2026-04-12 17:32:24,"回复 @_烽火戲诸侯 :我这个说法只是个说法，一个方向，不是要把这个说法作为法律。
另外法律也需要考虑人性，在情况紧急的情况下人是无法理性思考的，只会遵循本能。昆山龙哥案也是这种法官考虑到当事人无法理性，所以定的正当防卫。"
275,1,BV1dvfsBrEFJ,116129188025616,央视一句话定调：这不是互殴，是正当防卫,650,323,327,293555741632,291281607953,296010697137,375815377,97200551414_bili,1,0,1775997880,2026-04-12,2026-04-12 20:44:40,回复 @一元O硬币 :很简单，如果日本像我们射了一发导弹，我们怎么应对？按照互殴这种，我们是不是不能还手，说白了其实是立法机关当时狭隘了，觉得这样定义互殴，可以减少相互伤害，完全没有考虑被害人的权益
276,1,BV1dvfsBrEFJ,116129188025616,央视一句话定调：这不是互殴，是正当防卫,650,323,327,293555741632,296010697137,296496345377,109803785,bili_109803785,0,0,1776420817,2026-04-17,2026-04-17 18:13:37,回复 @97200551414_bili :双方约架 ，互相约战争，那才叫互殴。只要一方先故意动手，另一方在一定程度反击就不应被追责。先动手的一方也需要付相应的法律责任。
277,1,BV1dvfsBrEFJ,116129188025616,央视一句话定调：这不是互殴，是正当防卫,650,323,327,293555741632,291281607953,297218833537,1143562358,ang21ang,0,0,1776999762,2026-04-24,2026-04-24 11:02:42,回复 @一元O硬币 :这叫假想防卫，法律有明确阐述。
278,0,BV1dvfsBrEFJ,116129188025616,央视一句话定调：这不是互殴，是正当防卫,650,323,327,291273197777,0,291273197777,456908162,爸气始祖,1,0,1772032982,2026-02-25,2026-02-25 23:23:02,就算是啤酒瓶打的 也应是“正当防卫”
279,0,BV1dvfsBrEFJ,116129188025616,央视一句话定调：这不是互殴，是正当防卫,650,323,327,291273171889,0,291273171889,1766999085,三峡88888,0,0,1772032948,2026-02-25,2026-02-25 23:22:28,公平不公平我就两个问题。第一个，同样的情况如果发生在你自己身上你还会这样判吗？第二个问题，如果你认为我做的不对，那请告诉我同样的情况你会怎么做？很多事情就很奇怪，同样的事发生在不同人的身上结果就会不同，你告诉我这叫公平？咱不添乱，没事不出门。
280,0,BV1dvfsBrEFJ,116129188025616,央视一句话定调：这不是互殴，是正当防卫,650,323,327,293555197584,0,293555197584,648866646,CyrusLiu6,0,0,1772032808,2026-02-25,2026-02-25 23:20:08,个例而已，看看 陶陶爱洗车
281,0,BV1dvfsBrEFJ,116129188025616,央视一句话定调：这不是互殴，是正当防卫,650,323,327,293555126432,0,293555126432,13499929,天下乌鸦一样黑,0,0,1772032714,2026-02-25,2026-02-25 23:18:34,急什么。
282,0,BV1dvfsBrEFJ,116129188025616,央视一句话定调：这不是互殴，是正当防卫,650,323,327,291272729089,0,291272729089,37473,屍鬼丶,3,0,1772032690,2026-02-25,2026-02-25 23:18:10,我只看到了悲嘆。換作精力少，不懂法，膽小的人該怎麽辦。
283,0,BV1dvfsBrEFJ,116129188025616,央视一句话定调：这不是互殴，是正当防卫,650,323,327,291272601089,0,291272601089,34942758,天晴不晴你好不好,10,0,1772032621,2026-02-25,2026-02-25 23:17:01,这是撞到暖气片的问题吗？这是就算女的把男的捅死应该也是正当防卫才对。
284,0,BV1dvfsBrEFJ,116129188025616,央视一句话定调：这不是互殴，是正当防卫,650,323,327,291272422753,0,291272422753,454334796,不愿透露姓氏的丁先生,16,16,1772032577,2026-02-25,2026-02-25 23:16:17,"互殴和正当防卫的模糊，其实也是有原因的，
 制定这个法律时，初衷是：如果别人先动手，就直接能正当防卫也动手的话，这样社会斗殴事件会更多，主要我们人口基数太大。
但是这样会造成被打者很冤屈， 但是部分人的冤屈和整个社会的动荡相比， 制定时选择的后者。"
285,1,BV1dvfsBrEFJ,116129188025616,央视一句话定调：这不是互殴，是正当防卫,650,323,327,291272422753,291272422753,291273506865,67924997,狮虎胖,2,0,1772033120,2026-02-25,2026-02-25 23:25:20,这就是一个很尴尬的点，同样的情况，闯红灯被撞死为什么不可以是白死？同样的道理下，跳河自杀者的家属为什么不可以找河道管理部门索赔？
286,1,BV1dvfsBrEFJ,116129188025616,央视一句话定调：这不是互殴，是正当防卫,650,323,327,291272422753,291272422753,297130581424,1131338206,流日法诗_ZHT,8,0,1774830213,2026-03-30,2026-03-30 08:23:33,"反过来说，认定正当防卫是不是也增加了寻衅滋事者的动手成本？
为啥要损害被伤害者的利益去保护伤害者的人身安全？
法律应该增加动手的成本，而不是反击的成本，事有先后，案有因果！"
287,1,BV1dvfsBrEFJ,116129188025616,央视一句话定调：这不是互殴，是正当防卫,650,323,327,291272422753,297130581424,294601645857,454334796,不愿透露姓氏的丁先生,0,0,1774841984,2026-03-30,2026-03-30 11:39:44,回复 @流日法诗_ZHT : 他们这种做法是掐源头，而非事情发生后再去定性，那已经对社会造成影响，再去定性，对个人而言有意义，但是对社会而言，没任何意义，造成的影响已经无法挽回。 所以掐源头， 这样事情就不会发生
288,1,BV1dvfsBrEFJ,116129188025616,央视一句话定调：这不是互殴，是正当防卫,650,323,327,291272422753,294601645857,297288420960,375978300,孤傲的大长腿,6,0,1774954768,2026-03-31,2026-03-31 18:59:28,回复 @不愿透露姓氏的丁先生 :掐源头最好的方式就是培养谁先动手谁理亏的法律意识。让人知道先动手的在法律裁决上会处于绝对被动。
289,1,BV1dvfsBrEFJ,116129188025616,央视一句话定调：这不是互殴，是正当防卫,650,323,327,291272422753,291272422753,294744535377,1622533451,红的单镜,0,0,1774960065,2026-03-31,2026-03-31 20:27:45,胡说，就要及时反击，打架的事才会少。
290,1,BV1dvfsBrEFJ,116129188025616,央视一句话定调：这不是互殴，是正当防卫,650,323,327,291272422753,291272422753,294770815665,694048060,0o海o0,3,0,1774975741,2026-04-01,2026-04-01 00:49:01,践踏法律的违法者再没受到法律制裁前都能反击，你看看谁敢先动手？你再看看国家的两起反击教材是怎么做的，第一次对越自卫反击战和第二次的对印自卫反击战都打了快一个月而且还打到别国领土上，按法律的界定是不是前期防卫过当后期入侵他国领土我们国家是不是还得给他国道歉加赔偿？这么经典的两个反击案例没一个法官借鉴，但凡有一个法官借鉴一下社会上觉得会少很多先动手的人。
291,1,BV1dvfsBrEFJ,116129188025616,央视一句话定调：这不是互殴，是正当防卫,650,323,327,291272422753,291272422753,297599199248,382459148,業余黑店,1,0,1775205860,2026-04-03,2026-04-03 16:44:20,挨打受着，斗殴事件就少了，社会就和谐了。
292,1,BV1dvfsBrEFJ,116129188025616,央视一句话定调：这不是互殴，是正当防卫,650,323,327,291272422753,291272422753,297744590656,143632714,吴说不在,3,0,1775307264,2026-04-04,2026-04-04 20:54:24,"老实人为何要承担沉默成本？老实无辜被打者受到与施暴者一样的互殴处罚，心里淤积扭曲造成心理不健康概率大大增加，这些或许会造成社会隐形成本上升。
正当防卫4要素，如果一定要监控来证明或者有了监控也证明不了，那么只能呵呵了，必定有大量人群合理利用监控证明不了的手法来增加社会成本，即使付出一定代价。事实也是如此，施暴者肆无忌惮，老实人怒发冲冠的少了？[doge]"
293,1,BV1dvfsBrEFJ,116129188025616,央视一句话定调：这不是互殴，是正当防卫,650,323,327,291272422753,291272422753,295351030289,145901285,没钱充卡,0,0,1775456416,2026-04-06,2026-04-06 14:20:16,你说的很中肯，也符合指定法律者的思路
294,1,BV1dvfsBrEFJ,116129188025616,央视一句话定调：这不是互殴，是正当防卫,650,323,327,291272422753,291272422753,295399477345,413424776,闭口不谈往事,0,0,1775484915,2026-04-06,2026-04-06 22:15:15,你判我我认罚不认罪，出来了我会用自己的方式解决
295,1,BV1dvfsBrEFJ,116129188025616,央视一句话定调：这不是互殴，是正当防卫,650,323,327,291272422753,291272422753,298717790624,24925229,七煌宝树-风,2,0,1776041571,2026-04-13,2026-04-13 08:52:51,和以前的各打三十大板没啥区别
296,1,BV1dvfsBrEFJ,116129188025616,央视一句话定调：这不是互殴，是正当防卫,650,323,327,291272422753,291272422753,298723142624,419468709,章北海之没关系都一样,0,0,1776046365,2026-04-13,2026-04-13 10:12:45,"是的，社会很复杂
有时候正当防卫容易被滥用，比如带刀私闯白虎堂"
297,1,BV1dvfsBrEFJ,116129188025616,央视一句话定调：这不是互殴，是正当防卫,650,323,327,291272422753,297288420960,296086807009,494996499,烟霞志mull,0,0,1776068592,2026-04-13,2026-04-13 16:23:12,回复 @孤傲的大长腿 :不好说，有的人嘴巴厉害故意勾引别人先动手。
298,1,BV1dvfsBrEFJ,116129188025616,央视一句话定调：这不是互殴，是正当防卫,650,323,327,291272422753,291272422753,298757954832,298964434,酱紫的酱紫2333,0,0,1776069704,2026-04-13,2026-04-13 16:41:44,这位女士其实已经输了，她所付出的时间金钱心理代价远超那4万赔偿，所以这社会发展成谁不要脸谁不遵守秩序谁享受世界
299,1,BV1dvfsBrEFJ,116129188025616,央视一句话定调：这不是互殴，是正当防卫,650,323,327,291272422753,296086807009,298758165600,298964434,酱紫的酱紫2333,0,0,1776069794,2026-04-13,2026-04-13 16:43:14,回复 @烟霞志mull :干嘛要被对方的嘴激发成违法，你先动手就是违法，成年人难道不懂打人违法吗？谁先动手谁就全责
300,1,BV1dvfsBrEFJ,116129188025616,央视一句话定调：这不是互殴，是正当防卫,650,323,327,291272422753,296086807009,298894831392,375978300,孤傲的大长腿,1,0,1776169759,2026-04-14,2026-04-14 20:29:19,回复 @烟霞志mull :那就痛定思痛回去练嘴啊[大笑]讲理讲法比练拳要好吧
301,0,BV1dvfsBrEFJ,116129188025616,央视一句话定调：这不是互殴，是正当防卫,650,323,327,291272220273,0,291272220273,104313394,媚言丶,0,0,1772032519,2026-02-25,2026-02-25 23:15:19,被打就还手，别怕，阿sir出于减少执法成本的原则，都是偏向“互殴”来和稀泥，最后就是派出所里互相道歉了事，不还手你就是纯亏，对，纯亏，不会真有人信被打了躺下选车的互联网弱智段子吧？没个三长两短的你试试能赔你多少？
302,0,BV1dvfsBrEFJ,116129188025616,央视一句话定调：这不是互殴，是正当防卫,650,323,327,291272354177,0,291272354177,1809201279,正牌李宝库,1,0,1772032497,2026-02-25,2026-02-25 23:14:57,一审二审法官都应该重新回炉学学！！法律人从业时间长了容易丢失人性！！
303,0,BV1dvfsBrEFJ,116129188025616,央视一句话定调：这不是互殴，是正当防卫,650,323,327,291272350513,0,291272350513,165427287,l4483180,7,0,1772032492,2026-02-25,2026-02-25 23:14:52,抛开法院的工作强度不谈，能按照正常人的视角和逻辑看待被打还手者的处境的法律工作者，看来真的不多...太高高在上了
304,0,BV1dvfsBrEFJ,116129188025616,央视一句话定调：这不是互殴，是正当防卫,650,323,327,293554485472,0,293554485472,17525522,二刺猿99号,9,0,1772032452,2026-02-25,2026-02-25 23:14:12,店主说她儿子在喊，我回去再看了几遍才发现，还真有个黄色衣服的小不点挡着，太小了看不清
305,0,BV1dvfsBrEFJ,116129188025616,央视一句话定调：这不是互殴，是正当防卫,650,323,327,291271941889,0,291271941889,12090665,sprandly,0,0,1772032356,2026-02-25,2026-02-25 23:12:36,关键问题是没有监控的话怎么认定
306,0,BV1dvfsBrEFJ,116129188025616,央视一句话定调：这不是互殴，是正当防卫,650,323,327,291271909265,0,291271909265,378180068,大叔的少年很帅,8,0,1772032323,2026-02-25,2026-02-25 23:12:03,一审二审的必须负责相应责任，不然毫无意义。
307,0,BV1dvfsBrEFJ,116129188025616,央视一句话定调：这不是互殴，是正当防卫,650,323,327,291271261137,0,291271261137,95158667,呼叫天堂,5,3,1772032070,2026-02-25,2026-02-25 23:07:50,因为裁定是正当防卫，并且公安机关认定的行政处罚被驳回，钱退了，如果不嫌麻烦，可以提请国家赔偿，赔偿拘留五天的经济损失。
308,1,BV1dvfsBrEFJ,116129188025616,央视一句话定调：这不是互殴，是正当防卫,650,323,327,291271261137,291271261137,291271872865,378180068,大叔的少年很帅,0,0,1772032270,2026-02-25,2026-02-25 23:11:10,一审二审必须付出相应的责任，不然也没什么实际意义
309,1,BV1dvfsBrEFJ,116129188025616,央视一句话定调：这不是互殴，是正当防卫,650,323,327,291271261137,291271261137,293557034544,105774015,天蝎座的水,0,0,1772033685,2026-02-25,2026-02-25 23:34:45,"受到的影响真的只是五天吗？？  
整个诉讼走完下来，都几年了。。成本太高了。"
310,1,BV1dvfsBrEFJ,116129188025616,央视一句话定调：这不是互殴，是正当防卫,650,323,327,291271261137,291271261137,294980230001,21394750,阿米诺斯吞评论,0,0,1775167047,2026-04-03,2026-04-03 05:57:27,那么为了追求正义而付出的时间，精力，店铺经营不下去，误工，精神损害，谁来赔偿呢？
311,0,BV1dvfsBrEFJ,116129188025616,央视一句话定调：这不是互殴，是正当防卫,650,323,327,291270437345,0,291270437345,87908654,虫虫狂欢节,1,1,1772031646,2026-02-25,2026-02-25 23:00:46,以前感觉就是做坏事的人得到的法律层面处罚力度小，成本小，致使其气焰嚣张，随着时代在进步，法律也应随之进步、更新，才能更好的适应现在的社会情况。
312,0,BV1dvfsBrEFJ,116129188025616,央视一句话定调：这不是互殴，是正当防卫,650,323,327,293552527216,0,293552527216,2462637,空想导演,0,1,1772031604,2026-02-25,2026-02-25 23:00:04,[doge_金箍]悄悄告诉你，民警其实不能决定处不处罚，
313,0,BV1dvfsBrEFJ,116129188025616,央视一句话定调：这不是互殴，是正当防卫,650,323,327,291270276177,0,291270276177,16824364,寒晨二月烟,9,11,1772031577,2026-02-25,2026-02-25 22:59:37,个人感觉，根本就不该存在什么互殴，先动手的就是过错方，所有的打架都应该是正当防卫/防卫过当。
314,1,BV1dvfsBrEFJ,116129188025616,央视一句话定调：这不是互殴，是正当防卫,650,323,327,291270276177,291270276177,294945675569,47812155,阿瓦隆啃麻瓜,0,0,1775132828,2026-04-02,2026-04-02 20:27:08,问题来了，如果我跟我女朋友走在路上，你多看了她两眼，我骂你，骂的很脏，还嚣张的用胸口撞你，你能忍住不打我么？那你打我了，是不是你就一定是过错方？
315,1,BV1dvfsBrEFJ,116129188025616,央视一句话定调：这不是互殴，是正当防卫,650,323,327,291270276177,294945675569,298802846976,379890,天下第一菜,0,0,1776092931,2026-04-13,2026-04-13 23:08:51,回复 @阿瓦隆啃麻瓜 :是的，先动手就是明显的升级了手段。
316,1,BV1dvfsBrEFJ,116129188025616,央视一句话定调：这不是互殴，是正当防卫,650,323,327,291270276177,294945675569,296140786817,16824364,寒晨二月烟,0,0,1776102383,2026-04-14,2026-04-14 01:46:23,"回复 @阿瓦隆啃麻瓜 : 你骂我无论骂得多难听都构不成犯法，我要么回骂要么逃走。
用胸口撞我是能算成先动手的。"
317,1,BV1dvfsBrEFJ,116129188025616,央视一句话定调：这不是互殴，是正当防卫,650,323,327,291270276177,296140786817,298825256848,314497712,李剑逸,0,0,1776115350,2026-04-14,2026-04-14 05:22:30,回复 @寒晨二月烟 :那人也犯法的，有案例你可以去看看
318,1,BV1dvfsBrEFJ,116129188025616,央视一句话定调：这不是互殴，是正当防卫,650,323,327,291270276177,294945675569,298850639520,438370300,Mei_Cat_Faco,0,0,1776141173,2026-04-14,2026-04-14 12:32:53,回复 @阿瓦隆啃麻瓜 :挑拨防卫了解一下
319,1,BV1dvfsBrEFJ,116129188025616,央视一句话定调：这不是互殴，是正当防卫,650,323,327,291270276177,298850639520,296171537729,47812155,阿瓦隆啃麻瓜,1,0,1776142502,2026-04-14,2026-04-14 12:55:02,回复 @Mei_Cat_Faco :你应该跟和他说，不是和我说，我的意思和你的意思一样的[笑哭]我的意思是先动手的也要有相关法律法规判定是否有责，而他的意思是先动手一定全责
320,1,BV1dvfsBrEFJ,116129188025616,央视一句话定调：这不是互殴，是正当防卫,650,323,327,291270276177,296140786817,298853299040,438370300,Mei_Cat_Faco,0,0,1776142585,2026-04-14,2026-04-14 12:56:25,回复 @寒晨二月烟 :你可以了解一下挑拨防卫
321,1,BV1dvfsBrEFJ,116129188025616,央视一句话定调：这不是互殴，是正当防卫,650,323,327,291270276177,294945675569,296227445713,3546726375885164,bili_42360257195,0,0,1776179207,2026-04-14,2026-04-14 23:06:47,回复 @阿瓦隆啃麻瓜 :我不动手 我也骂你两个，怎么。
322,1,BV1dvfsBrEFJ,116129188025616,央视一句话定调：这不是互殴，是正当防卫,650,323,327,291270276177,294945675569,296240121569,6079984,Luei,0,0,1776188911,2026-04-15,2026-04-15 01:48:31,回复 @阿瓦隆啃麻瓜 :其实这个用胸口撞人行为也可以判定为寻衅滋事，如果不想吃亏可以忍住用类似方法反馈挑衅。这种人基本经不起你的挑衅行为会先动手
323,1,BV1dvfsBrEFJ,116129188025616,央视一句话定调：这不是互殴，是正当防卫,650,323,327,291270276177,296140786817,296247414657,388309165,滨幺游记,0,0,1776207106,2026-04-15,2026-04-15 06:51:46,回复 @寒晨二月烟 :寻衅滋事，辱骂他人违法
324,1,BV1dvfsBrEFJ,116129188025616,央视一句话定调：这不是互殴，是正当防卫,650,323,327,291270276177,291270276177,296476630657,134167,喵那个咪的,0,0,1776406649,2026-04-17,2026-04-17 14:17:29,那两个人约架算什么？不是互殴？
325,0,BV1dvfsBrEFJ,116129188025616,央视一句话定调：这不是互殴，是正当防卫,650,323,327,291270332705,0,291270332705,1291539972,song787669,2,1,1772031567,2026-02-25,2026-02-25 22:59:27,警察为什么要认定”互殴“，关键要看警察接受了涉案方的礼物，哪怕是一根烟。
326,1,BV1dvfsBrEFJ,116129188025616,央视一句话定调：这不是互殴，是正当防卫,650,323,327,291270332705,291270332705,299162259424,585306222,圆斧岛,0,0,1776391863,2026-04-17,2026-04-17 10:11:03,那倒不至于 您太阴谋论了 就是工作摸鱼 图省事
327,0,BV1dvfsBrEFJ,116129188025616,央视一句话定调：这不是互殴，是正当防卫,650,323,327,291270217329,0,291270217329,43955686,bilimabilima,2,2,1772031565,2026-02-25,2026-02-25 22:59:25,标题的意思是：新闻机构比法院更有权威？
328,0,BV1dvfsBrEFJ,116129188025616,央视一句话定调：这不是互殴，是正当防卫,650,323,327,293552284704,0,293552284704,3546378439494508,猫咪攻击我,1,2,1772031495,2026-02-25,2026-02-25 22:58:15,这个最终判决，让人们再一次确立了对法律（中国的）的信心！
329,1,BV1dvfsBrEFJ,116129188025616,央视一句话定调：这不是互殴，是正当防卫,650,323,327,293552284704,293552284704,293558524160,680502622,wangjg123,4,0,1772034398,2026-02-25,2026-02-25 23:46:38,并没有
330,1,BV1dvfsBrEFJ,116129188025616,央视一句话定调：这不是互殴，是正当防卫,650,323,327,293552284704,293552284704,291346764081,4130070,Souki丶,4,0,1772094385,2026-02-26,2026-02-26 16:26:25,又赢了是吧
331,0,BV1dvfsBrEFJ,116129188025616,央视一句话定调：这不是互殴，是正当防卫,650,323,327,291269602529,0,291269602529,596232950,纸飞机飞向天空,3,1,1772031218,2026-02-25,2026-02-25 22:53:38,又是请律师又是上法院的，来来回回成本至少大几千，犯罪者依法处置是他活该的，受害者的利益补偿的回来吗，拘留简直饶痒痒，应该由犯罪者去补偿受害者的损失
332,0,BV1dvfsBrEFJ,116129188025616,央视一句话定调：这不是互殴，是正当防卫,650,323,327,291269417761,0,291269417761,219455663,咚_咚_咚_咚_咚,2,1,1772031182,2026-02-25,2026-02-25 22:53:02,行了，这下可以对正当防卫死心了吧
333,0,BV1dvfsBrEFJ,116129188025616,央视一句话定调：这不是互殴，是正当防卫,650,323,327,293551484768,0,293551484768,195526036,青橙墨露,44,1,1772031113,2026-02-25,2026-02-25 22:51:53,"无需是否正当防卫，
他喝了酒来闹事就这一条就完全可以依照酒驾处理，
他喝这么多还先动手，完全就是故意伤人
再者，互殴一词，相对法律而言，本身就是个模糊概念，互相找茬那才叫互殴，
一个正常开店的女店主这里，不存在互殴的动机基础"
334,0,BV1dvfsBrEFJ,116129188025616,央视一句话定调：这不是互殴，是正当防卫,650,323,327,291268917857,0,291268917857,343191388,白氪金,1,0,1772030928,2026-02-25,2026-02-25 22:48:48,就这个视频来说，张女士的坚持可以上纪念碑。因为以后的同样事件就有了参考。而作为中国的法律作业者来说，判案不看行为只看伤害。每一个词都在降低普通人的道德观恋。
335,0,BV1dvfsBrEFJ,116129188025616,央视一句话定调：这不是互殴，是正当防卫,650,323,327,291268408241,0,291268408241,303454454,Yangzi1290,2,1,1772030648,2026-02-25,2026-02-25 22:44:08,看看我的理解有没有问题，这个因为刘某头部被打伤的事实证据不足，所以反击行为未对刘某造成任何伤害，所以为制止不法侵害，即便是检察机关也是先认为刘某的头部受伤可能是暖气片造成的，非刘女士用啤酒瓶打的，才有后续的，然后最终判决也是先写刘某头部被打伤是证据不足。我是说如果哈，如果先认定张女士就是正当防卫，再写刘某头部受伤可能是他自己磕到了暖气片上，是不是更好一点
336,0,BV1dvfsBrEFJ,116129188025616,央视一句话定调：这不是互殴，是正当防卫,650,323,327,293550189984,0,293550189984,406288522,星际舰队小林丸号,1,1,1772030534,2026-02-25,2026-02-25 22:42:14,根据坚守阵地法，就是正当防卫
337,0,BV1dvfsBrEFJ,116129188025616,央视一句话定调：这不是互殴，是正当防卫,650,323,327,291267910641,0,291267910641,411858177,三月野免,0,1,1772030513,2026-02-25,2026-02-25 22:41:53,跟醉汉讲道理不是神经病嘛[吃瓜]
338,0,BV1dvfsBrEFJ,116129188025616,央视一句话定调：这不是互殴，是正当防卫,650,323,327,293549471520,0,293549471520,378458943,jlqsh,0,1,1772030230,2026-02-25,2026-02-25 22:37:10,央视通报了，以后又有案例可循了。
339,0,BV1dvfsBrEFJ,116129188025616,央视一句话定调：这不是互殴，是正当防卫,650,323,327,291266823345,0,291266823345,504108086,欢声笑语中的离歌,1,0,1772029954,2026-02-25,2026-02-25 22:32:34,你以为月薪5000以下就不用交税了吗？2024年，人均缴税1.25万元！可是为什么我们感觉不到被收税了呢？那是因为最大的税种“增值税”，就藏在每个商品里：@行长王德发
340,0,BV1dvfsBrEFJ,116129188025616,央视一句话定调：这不是互殴，是正当防卫,650,323,327,293548579168,0,293548579168,646349613,问撒的,0,3,1772029814,2026-02-25,2026-02-25 22:30:14,当别人赤手空拳打你，你还手先使用器械工具还击会不会有什么法律风险？
341,0,BV1dvfsBrEFJ,116129188025616,央视一句话定调：这不是互殴，是正当防卫,650,323,327,293548291216,0,293548291216,12588520,1v17CHINA,2,1,1772029741,2026-02-25,2026-02-25 22:29:01,基本都是接着酒劲装的，酒醒后当借口。喝醉了该冷静的时候都有意识去冷静的。喝了酒反应变慢倒是真的，都觉得喝醉了做的事不是本意可以原谅把这个当成共识，在我眼里看小丑一样 。最典型的就是喝了酒走马路大半夜制造噪音，扇几巴掌，他们发现逃不掉，没人救，马上冷静了。
342,0,BV1dvfsBrEFJ,116129188025616,央视一句话定调：这不是互殴，是正当防卫,650,323,327,291266020481,0,291266020481,9272350,遗忘の南境,1,1,1772029618,2026-02-25,2026-02-25 22:26:58,明白了，暖气片进行正当防卫
343,0,BV1dvfsBrEFJ,116129188025616,央视一句话定调：这不是互殴，是正当防卫,650,323,327,291265733569,0,291265733569,9272350,遗忘の南境,0,1,1772029488,2026-02-25,2026-02-25 22:24:48,这不是强奸未遂？
344,0,BV1dvfsBrEFJ,116129188025616,央视一句话定调：这不是互殴，是正当防卫,650,323,327,291265421601,0,291265421601,360449277,阿克本克,1,1,1772029372,2026-02-25,2026-02-25 22:22:52,"这东西本来就是扯皮，假如没有对方再次上门，这件事本来就过了。就是正当防卫，也还有防卫过当。
也还是女性身份让事情有一定回转，换成是男的，块头差，才被推2下就挥酒瓶爆头，正当不了啊，挥拳，扇耳光还有扯皮余地。"
345,0,BV1dvfsBrEFJ,116129188025616,央视一句话定调：这不是互殴，是正当防卫,650,323,327,291265309969,0,291265309969,16189094,Longshare浪舍,3,0,1772029298,2026-02-25,2026-02-25 22:21:38,现在法律从业者的门槛太低了，这种素质的人都能去做法官做警察，最基本的常识都没有就去想当然地胡乱判定~[doge_金箍]
346,0,BV1dvfsBrEFJ,116129188025616,央视一句话定调：这不是互殴，是正当防卫,650,323,327,293547031856,0,293547031856,1746908339,霜寒007,15,1,1772029175,2026-02-25,2026-02-25 22:19:35,这位女士是个英雄，她对自己权益的坚持间接推动了国家对立法的修改，没人坚持的话还不知道要等到什么时候才能有立法的改变。
347,0,BV1dvfsBrEFJ,116129188025616,央视一句话定调：这不是互殴，是正当防卫,650,323,327,293547041776,0,293547041776,344990811,丨鑫森淼焱磊丨,163,1,1772029148,2026-02-25,2026-02-25 22:19:08,这个案件是很早的了，老板娘后面连店铺都关了，就为了维权，只能说惨。
348,1,BV1dvfsBrEFJ,116129188025616,央视一句话定调：这不是互殴，是正当防卫,650,323,327,293547041776,293547041776,291272301681,402791481,晓琦大神,25,0,1772032530,2026-02-25,2026-02-25 23:15:30,没有广大网友这案也翻不了
349,0,BV1dvfsBrEFJ,116129188025616,央视一句话定调：这不是互殴，是正当防卫,650,323,327,293546917536,0,293546917536,218494527,DYS阿含,0,0,1772029113,2026-02-25,2026-02-25 22:18:33,有视频还能认定互殴啊，明显男的找茬，先动手啊
350,0,BV1dvfsBrEFJ,116129188025616,央视一句话定调：这不是互殴，是正当防卫,650,323,327,293546596304,0,293546596304,511142027,熙熙村长,0,1,1772028982,2026-02-25,2026-02-25 22:16:22,这也能判互殴，真是奇葩
351,0,BV1dvfsBrEFJ,116129188025616,央视一句话定调：这不是互殴，是正当防卫,650,323,327,293546502448,0,293546502448,8038918,绘里老婆大人,1,6,1772028908,2026-02-25,2026-02-25 22:15:08,"随着中国国力的上升，此类民事纠纷处置方式也应该改。
如果民众都习惯的认为挨了欺负不用还手是对的，那么我们怎么能在国际上应付美日的挑衅？
以前讲韬光养晦可以暂时忍一忍，现在不用忍了。"
352,0,BV1dvfsBrEFJ,116129188025616,央视一句话定调：这不是互殴，是正当防卫,650,323,327,293546427680,0,293546427680,27731912,东方不湿,0,1,1772028897,2026-02-25,2026-02-25 22:14:57,按她目前的收入，放弃美国国籍至少要交上亿刀的税，所以别动不动就指挥别人的生活
353,0,BV1dvfsBrEFJ,116129188025616,央视一句话定调：这不是互殴，是正当防卫,650,323,327,291264283137,0,291264283137,450076457,该昵称已阿萨大大,8,2,1772028853,2026-02-25,2026-02-25 22:14:13,普通人维护自己权益太难了，成本太高
354,0,BV1dvfsBrEFJ,116129188025616,央视一句话定调：这不是互殴，是正当防卫,650,323,327,293545991712,0,293545991712,1192816232,周村有有,0,1,1772028748,2026-02-25,2026-02-25 22:12:28,酒醉心明白
355,0,BV1dvfsBrEFJ,116129188025616,央视一句话定调：这不是互殴，是正当防卫,650,323,327,293545989472,0,293545989472,474302047,ha-na-yu,0,0,1772028745,2026-02-25,2026-02-25 22:12:25,谁主张谁举证，谁发起谁重判
356,0,BV1dvfsBrEFJ,116129188025616,央视一句话定调：这不是互殴，是正当防卫,650,323,327,291263817025,0,291263817025,638752668,海阔天空_rmy,27,4,1772028665,2026-02-25,2026-02-25 22:11:05,醉酒状态最能看清楚一个人
357,1,BV1dvfsBrEFJ,116129188025616,央视一句话定调：这不是互殴，是正当防卫,650,323,327,291263817025,291263817025,291263947377,638752668,海阔天空_rmy,7,0,1772028684,2026-02-25,2026-02-25 22:11:24,直接睡着的除外[doge_金箍]
358,1,BV1dvfsBrEFJ,116129188025616,央视一句话定调：这不是互殴，是正当防卫,650,323,327,291263817025,291263947377,294945309697,47812155,阿瓦隆啃麻瓜,0,0,1775132574,2026-04-02,2026-04-02 20:22:54,回复 @海阔天空_rmy :[doge]唯一能看透我的办法都被你否决了
359,1,BV1dvfsBrEFJ,116129188025616,央视一句话定调：这不是互殴，是正当防卫,650,323,327,291263817025,291263947377,295365739073,279729484,这个季节呢,1,0,1775465655,2026-04-06,2026-04-06 16:54:15,回复 @海阔天空_rmy :我就是那种喝醉了直接睡的[笑哭][笑哭][笑哭]
360,1,BV1dvfsBrEFJ,116129188025616,央视一句话定调：这不是互殴，是正当防卫,650,323,327,291263817025,291263817025,300288404448,403310414,log10惊愕,0,0,1777189587,2026-04-26,2026-04-26 15:46:27,是的
361,0,BV1dvfsBrEFJ,116129188025616,央视一句话定调：这不是互殴，是正当防卫,650,323,327,293545783184,0,293545783184,87649744,KlaKla_,28,2,1772028597,2026-02-25,2026-02-25 22:09:57,这么清晰的监控，还能认定为互殴。
362,0,BV1dvfsBrEFJ,116129188025616,央视一句话定调：这不是互殴，是正当防卫,650,323,327,291263635537,0,291263635537,213486089,偷牛人,0,0,1772028537,2026-02-25,2026-02-25 22:08:57,首先要有视频还要上微博办案才能定义为正当防卫[吃瓜][吃瓜][吃瓜]
363,0,BV1dvfsBrEFJ,116129188025616,央视一句话定调：这不是互殴，是正当防卫,650,323,327,291263552001,0,291263552001,50509453,基努外维斯blast,0,0,1772028528,2026-02-25,2026-02-25 22:08:48,直接插死，变成刑事案件，就可以定性为正当防卫了
364,0,BV1dvfsBrEFJ,116129188025616,央视一句话定调：这不是互殴，是正当防卫,650,323,327,291263327473,0,291263327473,222137187,蜀锦桃花,191,9,1772028442,2026-02-25,2026-02-25 22:07:22,无论醉酒男是否受伤，受多大的伤，也是他寻衅滋事，老板娘也是正当防卫，这和龙哥事件中的正当防卫没任何区别。 裁定机关几次驳回老板娘的正常申诉，看压不住了，才拿个伤口当借口遮羞，实在是不配那身衣服。
365,1,BV1dvfsBrEFJ,116129188025616,央视一句话定调：这不是互殴，是正当防卫,650,323,327,291263327473,291263327473,291263427537,222137187,蜀锦桃花,8,0,1772028468,2026-02-25,2026-02-25 22:07:48,之前的评论，被删除了，重发一次。
366,1,BV1dvfsBrEFJ,116129188025616,央视一句话定调：这不是互殴，是正当防卫,650,323,327,291263327473,291263427537,293551403968,680269647,哔哩丶biu,3,0,1772031093,2026-02-25,2026-02-25 22:51:33,回复 @蜀锦桃花 : 法律需要改革，但是现实中这类事件以现在的法律真的很难判，有完整监控的还好，没有的取证非常难
367,1,BV1dvfsBrEFJ,116129188025616,央视一句话定调：这不是互殴，是正当防卫,650,323,327,291263327473,291263327473,291273140321,355314170,颜听安百川,3,0,1772032903,2026-02-25,2026-02-25 23:21:43,是的，喝酒是清楚自己做什么
368,1,BV1dvfsBrEFJ,116129188025616,央视一句话定调：这不是互殴，是正当防卫,650,323,327,291263327473,291263327473,291275674561,410279569,legocoll,4,0,1772034178,2026-02-25,2026-02-25 23:42:58,你觉得没区别，在法律人眼里区别可大了。龙哥死于自己使用的刀，老板娘抄的酒瓶可不是反夺来的，肇事者也没用武器，刻板的说老板娘属于武力升级了。之前很有名的学生宿舍案知道吗？莫名被一群陌生人从床上拉出去围殴，随手挥刀捅死一个被判故意杀人（你一定觉得最多算防卫过当吧）。老板娘要是不巧拿破酒瓶把他划死了呢？也判正当防卫？那明天立马有上万人被“正当防卫”弄死你信不信？
369,1,BV1dvfsBrEFJ,116129188025616,央视一句话定调：这不是互殴，是正当防卫,650,323,327,291263327473,291263327473,297599792272,382459148,業余黑店,0,0,1775206239,2026-04-03,2026-04-03 16:50:39,还是不能还手，改判是因为暖气片。
370,1,BV1dvfsBrEFJ,116129188025616,央视一句话定调：这不是互殴，是正当防卫,650,323,327,291263327473,291263327473,296251970385,100228092,蜀地一屁民,0,0,1776213598,2026-04-15,2026-04-15 08:39:58,你说了不算数啊，有理也没用[辣眼睛][辣眼睛][辣眼睛]
371,1,BV1dvfsBrEFJ,116129188025616,央视一句话定调：这不是互殴，是正当防卫,650,323,327,291263327473,291263327473,299087592048,2157002,今天你吃豆腐了吗,3,0,1776328763,2026-04-16,2026-04-16 16:39:23,任重道远，龙哥那个也是舆论起来了。才界定成正当防卫的。
372,1,BV1dvfsBrEFJ,116129188025616,央视一句话定调：这不是互殴，是正当防卫,650,323,327,291263327473,291275674561,296803594689,20632583,咸鱼夏墨,0,0,1776652481,2026-04-20,2026-04-20 10:34:41,回复 @legocoll :你是要让一个女的和一个男的空手互殴吗[吃瓜]
373,1,BV1dvfsBrEFJ,116129188025616,央视一句话定调：这不是互殴，是正当防卫,650,323,327,291263327473,296803594689,301830649520,3546577815734327,mm9527_,1,0,1778321588,2026-05-09,2026-05-09 18:13:08,"回复 @咸鱼夏墨 :女的就一定弱？男的就一定强？你是要让巩汉林和张伟丽空手互殴吗？法律不管的话，张能空手打死拿酒瓶的他，再加一个拿酒瓶的潘长江。

这事的问题是帽子不分对错，不看起因简单粗暴认定动手就算互殴。
最后能改正的主要原因是，1有完整监控，证明了2老板娘没惹他，他先找事，再加上最重要的3老板娘的啤酒瓶没造成严重后果（无证据证明是啤酒瓶造成的伤口，而更像是他自己碰的暖气片），和赶上了4手机上网且自媒体繁荣的时代（视频能传播开）。

如果没监控和有效证人，各执一词，最后起因争论不清，但都承认还手了，你是帽子你怎么定？又没有上帝视角，只能认定是口角之后互殴啊，然后没伤的赔有伤的，伤轻的赔伤重的。
如果有监控证明他先找事，但是清楚拍到老板娘啤酒瓶击打他太阳穴把他打死了，或者没监控，但是法医验尸报告证明是被啤酒瓶打死的，如果在没有自媒体的年代，大概率是防卫过当。
还有昆山龙哥，如果嘎他的不是他自己拿刀出来，而是空拳对当事人自己随身携带的螺丝刀，没有监控和互联网传播，按照之前那么多判防卫过当的例子，有多少可能会认定正当防卫？

什么叫防卫过当？就是知道你是被攻击后有正当理由防卫的，但是你还手后给对方造成的伤害，超过了他想对你的加害程度。
他酒后看你不顺眼，空手扇你脸几巴掌，结果你持菜刀卸了他一条腿，哪怕不是一条腿，只是砍断一根手指，也是妥妥的过当。

所以正当防卫条款一直都在，一直有问题的是，出于压制暴力行为的目的，对合理还击的认定太苛刻。
怕认定宽松了，会有人利用这个条款去挑衅别人先动手，再以正当防卫的名义将其致伤致死致残。

所以老板娘幸运的是，没证据证明是她啤酒瓶弄伤的，且更像是自己碰暖气片；
昆山当事人幸运的是，刀是龙哥的。

也就是说，如果没有暖气片和龙刀、监控和互联网自媒体繁荣，这俩即使认定是出于正当理由防卫，按照以前大量案例，大概率也是防卫过当。"
374,0,BV1dvfsBrEFJ,116129188025616,央视一句话定调：这不是互殴，是正当防卫,650,323,327,291263108465,0,291263108465,43127981,女别三日必当千娇百媚,0,1,1772028358,2026-02-25,2026-02-25 22:05:58,开始依据什么认定互殴啊
375,0,BV1dvfsBrEFJ,116129188025616,央视一句话定调：这不是互殴，是正当防卫,650,323,327,293545029504,0,293545029504,3546889127463327,bili_九兔谷黎,28,2,1772028329,2026-02-25,2026-02-25 22:05:29,这不是团伙入室抢劫，并企图强奸么，后又勒索，这是大案啊。
376,1,BV1dvfsBrEFJ,116129188025616,央视一句话定调：这不是互殴，是正当防卫,650,323,327,293545029504,293545029504,291272421569,1375387175,魔族_紫眸,1,0,1772032575,2026-02-25,2026-02-25 23:16:15,[支持][支持][支持][支持][支持][支持]
377,1,BV1dvfsBrEFJ,116129188025616,央视一句话定调：这不是互殴，是正当防卫,650,323,327,293545029504,293545029504,293545227696,3546889127463327,bili_九兔谷黎,2,0,1772028380,2026-02-25,2026-02-25 22:06:20,明显的抢手机看不见么
378,0,BV1dvfsBrEFJ,116129188025616,央视一句话定调：这不是互殴，是正当防卫,650,323,327,293544994912,0,293544994912,430644303,萌牛先生,23,6,1772028285,2026-02-25,2026-02-25 22:04:45,我们这理论上，被打的只要反抗了，基本都是定性为互殴[笑哭]
379,1,BV1dvfsBrEFJ,116129188025616,央视一句话定调：这不是互殴，是正当防卫,650,323,327,293544994912,293544994912,291263515505,76333692,艾特贝波,0,0,1772028524,2026-02-25,2026-02-25 22:08:44,那怎样才是正当防卫呢？防卫过程应该也就是反抗的过程吧。跑开也不叫防卫呀。防卫防卫必然有肢体冲突的吧
380,1,BV1dvfsBrEFJ,116129188025616,央视一句话定调：这不是互殴，是正当防卫,650,323,327,293544994912,293544994912,293554056192,3367339,今日吃小孩,0,0,1772032293,2026-02-25,2026-02-25 23:11:33,"这个被打其实还有争议，是第一个肢体发起击打视为先动手，还是第一个持械攻击视为先动手
是不是对方在监控里看起来打了我第一下，我就可以拿啤酒瓶爆头，是不是我突然被啤酒瓶爆头就可以无限自卫
这个冲突的起源和烈度的升级界定在哪里"
381,1,BV1dvfsBrEFJ,116129188025616,央视一句话定调：这不是互殴，是正当防卫,650,323,327,293544994912,291263515505,293554638320,31647622,Ztnlp666,2,0,1772032594,2026-02-25,2026-02-25 23:16:34,回复 @艾特贝波 :别人用刀砍你时你用盾牌挡叫正当防卫，你用另一把刀挡就不叫正当防卫了😂
382,1,BV1dvfsBrEFJ,116129188025616,央视一句话定调：这不是互殴，是正当防卫,650,323,327,293544994912,293554638320,291277115153,356275652,蓝色西格玛,0,0,1772034882,2026-02-25,2026-02-25 23:54:42,回复 @Ztnlp666 : 打个比方，泰森用拳头捶你，那你怎么正当防卫？[滑稽]
383,1,BV1dvfsBrEFJ,116129188025616,央视一句话定调：这不是互殴，是正当防卫,650,323,327,293544994912,293554638320,291278210721,410279569,legocoll,0,0,1772035477,2026-02-26,2026-02-26 00:04:37,"回复 @Ztnlp666 : 别人拿水果刀砍你你反手青龙偃月砍死对面都是正当防卫（感谢龙哥），别人拿小拳拳捶你你也反手一刀肯定就是故意杀人，别人空手把你打伤残了还不停手你反手一刀砍残了是正当防卫砍死了是防卫过当。
总结一句话“防卫不要武力/器升级”
能逃就逃(当然对面要不是泰森这种块头的挨一巴掌耳鸣头疼半年获赔5k~5w还是很香的 王思聪一巴掌100w)不能逃就格挡推搡，不差钱就踢膝盖撩阴脚，最好用的就是黄狗撒尿（背身后踢腿）攻守兼备。还想精进的找疯狗掌门。"
384,1,BV1dvfsBrEFJ,116129188025616,央视一句话定调：这不是互殴，是正当防卫,650,323,327,293544994912,291277115153,294553342193,201711858,当今之士,0,0,1774789742,2026-03-29,2026-03-29 21:09:02,回复 @蓝色西格玛 :跑啊
385,0,BV1dvfsBrEFJ,116129188025616,央视一句话定调：这不是互殴，是正当防卫,650,323,327,293544959680,0,293544959680,1732488503,开开心心流放,0,2,1772028271,2026-02-25,2026-02-25 22:04:31,这是男喝完酒的还先动手。女的再还手的。要是角色互换呢？  该怎么判呢？
386,0,BV1dvfsBrEFJ,116129188025616,央视一句话定调：这不是互殴，是正当防卫,650,323,327,291262900545,0,291262900545,77367390,风尘飘过客,0,0,1772028203,2026-02-25,2026-02-25 22:03:23,新加坡过晚上十点公共场所禁酒，公共场所禁烟，没有个人乱七八糟放鞭炮，违者都会重罚。
387,0,BV1dvfsBrEFJ,116129188025616,央视一句话定调：这不是互殴，是正当防卫,650,323,327,293544247840,0,293544247840,1353313134,遥看春色,128,4,1772027943,2026-02-25,2026-02-25 21:59:03,这条道路还是任重道远啊！ 都到了二审 再审 才被判 为正当防卫！ 其实不用上法院 普罗大众都能看出来！！
388,1,BV1dvfsBrEFJ,116129188025616,央视一句话定调：这不是互殴，是正当防卫,650,323,327,293544247840,293544247840,293547405744,2496410,花满楼123,17,0,1772029332,2026-02-25,2026-02-25 22:22:12,能看出来，定法的人非常的不希望被害人还手！能忍则忍，和我们国家韬光养晦几十年一样的意思。[滑稽]
389,1,BV1dvfsBrEFJ,116129188025616,央视一句话定调：这不是互殴，是正当防卫,650,323,327,293544247840,293544247840,293552682144,406288522,星际舰队小林丸号,7,0,1772031694,2026-02-25,2026-02-25 23:01:34,把这一审法院一起告了
390,1,BV1dvfsBrEFJ,116129188025616,央视一句话定调：这不是互殴，是正当防卫,650,323,327,293544247840,293544247840,291274169089,348438881,拖泥带水的皮特,9,0,1772033388,2026-02-25,2026-02-25 23:29:48,"不是二审，是再审。
视频里这样都能被判互殴，建议大家被错判、冤判的人，组团找一审二审法官去“互殴”。让法官们亲身示范一下，这种情况下怎么行使正当防卫。"
391,1,BV1dvfsBrEFJ,116129188025616,央视一句话定调：这不是互殴，是正当防卫,650,323,327,293544247840,293552682144,293557428800,1353313134,遥看春色,0,0,1772033873,2026-02-25,2026-02-25 23:37:53,回复 @星际舰队小林丸号 :我们这不可能
392,0,BV1dvfsBrEFJ,116129188025616,央视一句话定调：这不是互殴，是正当防卫,650,323,327,293544083392,0,293544083392,476295808,腹黑兔DarkRabbit,29,3,1772027833,2026-02-25,2026-02-25 21:57:13,日本打中国的时候怎么算？教员教导我们，打的一拳开，免得百拳来。
393,1,BV1dvfsBrEFJ,116129188025616,央视一句话定调：这不是互殴，是正当防卫,650,323,327,293544083392,293544083392,291263193905,29379464,-叫乌鸦的少年-,4,0,1772028372,2026-02-25,2026-02-25 22:06:12,别 一律判为互殴
394,1,BV1dvfsBrEFJ,116129188025616,央视一句话定调：这不是互殴，是正当防卫,650,323,327,293544083392,293549300032,291267901521,2000267492,gameboy456,16,0,1772030500,2026-02-25,2026-02-25 22:41:40,回复 @我叫逗你玩a : 其实都是一个道理，日本也不承认是侵略啊，人家说这是战争，楼主举例很正确，你的理解力不行
395,1,BV1dvfsBrEFJ,116129188025616,央视一句话定调：这不是互殴，是正当防卫,650,323,327,293544083392,293544083392,294386453345,800592,风消逝在黄昏,1,0,1774669429,2026-03-28,2026-03-28 11:43:49,如果是别人之间，就是互殴。如果是他自己，就是正当防卫
396,0,BV1dvfsBrEFJ,116129188025616,央视一句话定调：这不是互殴，是正当防卫,650,323,327,291262036097,0,291262036097,1125878958,国外非天堂国内非圣地,1,0,1772027808,2026-02-25,2026-02-25 21:56:48,老婆在街上被人“霸王硬上弓”。我说他们犯法了他们不听，和他动粗怕被判“互欧”。此时有两个选择。一，当个遵纪守法的老实人，先报警，等警察到场的这段时间你可以看着老婆被XX。二，按自己的“动物本能”行动。大家怎么选[doge]
397,0,BV1dvfsBrEFJ,116129188025616,央视一句话定调：这不是互殴，是正当防卫,650,323,327,293543654448,0,293543654448,2495911,皮皮城里皮皮虾,0,1,1772027684,2026-02-25,2026-02-25 21:54:44,我认为，只要另一方不是侵害行为的发起者（比如约架或者挑衅），被侵害者发起的不逾越当前场景的反击均应属于正当防卫，比如在野外抓起手边的砖头、石头进行反击或者在饭店内抓起破口的啤酒瓶进行反击，或者使用一定工具在警告无效时被迫进行反击的（前文的啤酒瓶被被侵害者打破作为威慑工具），都应认定为正当防卫，不应保护任何主动违法侵害行为，应该保护被侵害者，被侵害者才是受影响更大的一方。[微笑]
398,0,BV1dvfsBrEFJ,116129188025616,央视一句话定调：这不是互殴，是正当防卫,650,323,327,293543685952,0,293543685952,3546572006623637,Badboyjww,21,1,1772027626,2026-02-25,2026-02-25 21:53:46,讲道理，维权成本太高，犯错付出成本太低，才让坏人明目张胆。就一个道理，你如果是个女人，你自己被人按倒在地打，你怎么办？如果是你媳妇，你母亲，你又怎么办。就这个道理。
399,1,BV1dvfsBrEFJ,116129188025616,央视一句话定调：这不是互殴，是正当防卫,650,323,327,293543685952,293543685952,293543731280,3546572006623637,Badboyjww,2,0,1772027684,2026-02-25,2026-02-25 21:54:44,就算不是暖气片，也应该算正当防卫吧[脸红]神了
400,0,BV1dvfsBrEFJ,116129188025616,央视一句话定调：这不是互殴，是正当防卫,650,323,327,291261267009,0,291261267009,455234884,老手上高速,1,0,1772027506,2026-02-25,2026-02-25 21:51:46,能否可以申请国家赔偿？
401,0,BV1dvfsBrEFJ,116129188025616,央视一句话定调：这不是互殴，是正当防卫,650,323,327,293542592928,0,293542592928,353575112,o狼族o,0,1,1772027210,2026-02-25,2026-02-25 21:46:50,法律层面也算是进步了，终于对正当防卫这块进行补充了，以前这个正当防卫的界限太模糊了，弄得好多人宁愿挨打进医院，也绝不还一下手
402,0,BV1dvfsBrEFJ,116129188025616,央视一句话定调：这不是互殴，是正当防卫,650,323,327,293542518912,0,293542518912,383754838,景辰晓晓,2,1,1772027152,2026-02-25,2026-02-25 21:45:52,真想把判决的人拉倒现场实地操作一遍，被打按到地上后如何完美操作不会违法！（跪地求饶？抱头防御直到对法打累了为止？或者让对方喜提死刑犯？）
403,0,BV1dvfsBrEFJ,116129188025616,央视一句话定调：这不是互殴，是正当防卫,650,323,327,291260119201,0,291260119201,99418841,暖暖智智哥哥,2,1,1772026944,2026-02-25,2026-02-25 21:42:24,要个结果太难了
404,0,BV1dvfsBrEFJ,116129188025616,央视一句话定调：这不是互殴，是正当防卫,650,323,327,291259339329,0,291259339329,255226772,氏未光明故,1,1,1772026588,2026-02-25,2026-02-25 21:36:28,某个地区的口音
405,1,BV1dvfsBrEFJ,116129188025616,央视一句话定调：这不是互殴，是正当防卫,650,323,327,291259339329,291259339329,291259910561,43629965,田野上的信球-,4,0,1772026878,2026-02-25,2026-02-25 21:41:18,去年买了个表
406,0,BV1dvfsBrEFJ,116129188025616,央视一句话定调：这不是互殴，是正当防卫,650,323,327,291258947457,0,291258947457,171702478,谦谦君子83717,69,22,1772026425,2026-02-25,2026-02-25 21:33:45,一般来说警察处理的这种情况都是用的互殴，很少界定为正当防卫。毕竟正当防卫的界定是很严格的，2024年最高人民法院工作报告显示，2022-2023年一共有77人被法院裁定为正当防卫。更多的人不愿意上法院的都是按照旧有的《治安管理处罚法》统一定性为被打还手即互殴。从2026年1月1日起，新的《治安管理处罚法》增加了正当防卫的条款，对正当防卫的起因、时间、主观、对象和限制都进行了规定。被打还手即互殴即将成为历史。
407,1,BV1dvfsBrEFJ,116129188025616,央视一句话定调：这不是互殴，是正当防卫,650,323,327,291258947457,291258947457,293542682640,826011,第五人偶,31,0,1772027247,2026-02-25,2026-02-25 21:47:27,人在工作中都是会投机取巧，降低自己的工作量的。简称混日子。。。认定正当防卫要给防卫者去找多少证据才行啊。。认定互殴只要一个视频就可以了多简单。。。问题也很简单，姓名，籍贯，为什么打架，你动手了没有，是一起拘掉还是和解。签字，画押结束。
408,1,BV1dvfsBrEFJ,116129188025616,央视一句话定调：这不是互殴，是正当防卫,650,323,327,291258947457,293542682640,291262859473,171702478,谦谦君子83717,9,0,1772028228,2026-02-25,2026-02-25 22:03:48,回复 @第五人偶 : 你如果判定这件案子是正当防卫的话，那你就需要拿出认定的理由。问题是当时的治安管理处罚条例中并没有正当防卫的规定。你开了出警单，就要对这件事负责。你说这个案子是正当防卫，另一方认为你偏袒，投诉你。公安机关督察部就会启动调查程序。也正是因为没有正当防卫的规定，界定更多靠主观性，很多情况下会被认定为有轻微瑕疵，会被诫勉谈话或责令整改。哪怕是被认定投诉不实，也会被认定没有解释清楚而被批评教育。而这种情况对于110来说每天都会存在，每次都要认定正当防卫就会有一方不满，算下来隔几天就会被投诉，投诉次数一多后果你知道是什么吗？所以选择互殴双方各打五十大板才是最容易被所有人接受的。比如这个案件，男方先动手的，属于主责。老板属于被动还手，属于次责。如果不是这个男的要求老板赔钱，这个案子也就这么结束了。也正是这个男的贪得无厌才让这个案件发生了反转，当然这个反转过程很是波折。
409,1,BV1dvfsBrEFJ,116129188025616,央视一句话定调：这不是互殴，是正当防卫,650,323,327,291258947457,291262859473,293546313024,1357987007,狂龙乱舞部落,5,0,1772028870,2026-02-25,2026-02-25 22:14:30,回复 @谦谦君子83717 : 所以这也就是现在的人越来越没有“良知”的一个重要原因，因为不是每个地方都有监控能说明，太多的情况下，声张正义给自己带来的基本上永远是累赘，麻烦，经济和时间的损失，久而久之，大家都多一事不如少一事。我不评论这种做法是对是错，不过像监控里这种证据分明的情况也如此执行，才是最让大家心灰意冷的地方。。
410,1,BV1dvfsBrEFJ,116129188025616,央视一句话定调：这不是互殴，是正当防卫,650,323,327,291258947457,293546313024,291266288609,171702478,谦谦君子83717,2,0,1772029766,2026-02-25,2026-02-25 22:29:26,回复 @狂龙乱舞部落 : 监控其实并不是特别明显，检察院也是经过不断地对比才发现的。这在现场警察是很难做到这么准确的，所以说这还是一个法律条例完善的问题。如果本身就对这类案件有完善的条例和成熟的判例，警察就会很快对这件事做出判定。可是因为没有完善的条例，才会有还手既互殴的处理结果出现。这如果是一个地方的话还能说是警方的问题，但这是全国各地的普遍处理结果，那就是法规的缺失造成的。现在新条例已经对这个作出规定，随着警察对于条例的运用越来越熟悉，相信这类纠纷会越来越少。
411,1,BV1dvfsBrEFJ,116129188025616,央视一句话定调：这不是互殴，是正当防卫,650,323,327,291258947457,293542682640,293548618160,1746908339,霜寒007,0,0,1772029863,2026-02-25,2026-02-25 22:31:03,回复 @第五人偶 : 确实是这样，国家还是大力发展智能机器人警察得好，人总是想偷懒。智能Ai好歹能理智的快速判定处理，除了特殊案件，感觉未来这种治安案件和交通案件机器人警察可能比人靠谱。
412,1,BV1dvfsBrEFJ,116129188025616,央视一句话定调：这不是互殴，是正当防卫,650,323,327,291258947457,291266288609,293550813712,1357987007,狂龙乱舞部落,3,0,1772030824,2026-02-25,2026-02-25 22:47:04,回复 @谦谦君子83717 : 这类纠纷是不会越来越少的，因为一条信息会产生两个方面，正或负的影响，意图犯罪的人，一定会研究漏洞并加以应用（同时还会扩散这些办法），而占据绝大多数比例的普通人基本不会注意这些问题，除非自身面对吃上一次亏，才会警醒自己这个个体，研究下次面对如此面对（何况还不是每个人都能做到这点）。当大多数人的朴素价值观得不到正常回应的时候，大家的反应一定都是逐渐向事不关己高高挂起靠拢，（欧美一样如此，人是动物就会趋利避害）
413,1,BV1dvfsBrEFJ,116129188025616,央视一句话定调：这不是互殴，是正当防卫,650,323,327,291258947457,291266288609,293553291808,373569709,三轮车aa,0,0,1772031883,2026-02-25,2026-02-25 23:04:43,回复 @谦谦君子83717 : 是的，如果新条例认定这是正当防卫，那这起案件至于是酒瓶砸的还是暖气片划的完全不重要了，从客观上也减少了公安机关处理此类案件的工作量。。
414,1,BV1dvfsBrEFJ,116129188025616,央视一句话定调：这不是互殴，是正当防卫,650,323,327,291258947457,293550813712,291344317169,171702478,谦谦君子83717,1,0,1772093039,2026-02-26,2026-02-26 16:03:59,回复 @狂龙乱舞部落 : 你说的这个如果是被拘留后还有可能，而在出警现场真的很少。除非这家伙和警察认识或者是他敢说出你们大队长是我哥们。可是这种情况下有那个警察敢徇私枉法？现在已经是全民皆可上网的时代，不是十几年前。一旦警察出警被认为不公，一个视频发到网上引发舆情，网监立刻会将此事上报，到时候真的小事都变成大事。你说趋利避害，警察更会趋利避害。我好容易考上的警察，怎么可能为了这么一件小事脱警服回家？别把警察想的那么坏，其实他们真的很难。涉事的双方都只会认为自己对，警察做出对自己不利的判罚都会引发不满，轻的去派出所投诉，重的直接发网上。所以每一次出警都小心翼翼的，绝对不会行差踏错。
415,1,BV1dvfsBrEFJ,116129188025616,央视一句话定调：这不是互殴，是正当防卫,650,323,327,291258947457,291344317169,293645432896,1357987007,狂龙乱舞部落,1,0,1772100522,2026-02-26,2026-02-26 18:08:42,回复 @谦谦君子83717 :就是要挂到网上啊，这个案子不就是由于店主方认为不公挂到网上才引起这么大舆论反噬么？从视频里不说100%，至少80%人都会认为男的是作恶方，我明白你的意思，因为视频里无法看出对方是否喝酒，假如男的放出有利于自己的视频担心引起争议。但这不就是正义应该做的事情么？调录像又不是谁都有资格，假如不完善，担心舆论，这种不公正的事情就是越来越多，这几十年的风气演变不正证明了我的结论么？人当然都认为自己对，但就是要让大众看到，恶人想证明自己，导致罪加一等从重处罚(自首就是可以减轻，不坦白就是要加重)，从而让所有人，包括恶人明白，狡辩就是会加重判决力度，才能逐渐扭转社会风气，否则在现行情况下，真觉得我们的社会风气，道德观念比白色人种强么，不会的，连日本和韩国都看不起我们，一定程度上是有道理的，我们现在的风气方面，也就比老黑和南美那些玩意强罢了，大多数人有正义感，但根本不敢出来表达和抗争，为什么？
416,1,BV1dvfsBrEFJ,116129188025616,央视一句话定调：这不是互殴，是正当防卫,650,323,327,291258947457,293645432896,291389240001,171702478,谦谦君子83717,0,0,1772113147,2026-02-26,2026-02-26 21:39:07,"回复 @狂龙乱舞部落 : 你是没看视频吗？之所以向检察机关提出监督申请是律师建议的，并不是因为网上舆情才会检察机关接手的。现在很多人动不动就在网上实名举报，其实那种举报根本就没有用，实名举报的渠道分别是信访、全国统一举报电话，和某省+12388.gov.cn或省级纪检监察网站。其他的网络平台比如抖音、小红书这些并不是正规的实名举报渠道，虽然可能会扩大影响力，但是也会因为平台的原因遭到恶意下架影响举报的效果。
这个案件你看到的视频其实是央视的新闻，把案件发到网上其实并不会对案件的进展有多大的作用，除非你出钱找大V，否则就我们普通人的关注度，根本就不会有什么影响，什么网络监督其实只是一个玩笑，网络监督必须要先有受众，很多网上的案件其实它的时效性是很差的。"
417,1,BV1dvfsBrEFJ,116129188025616,央视一句话定调：这不是互殴，是正当防卫,650,323,327,291258947457,291389240001,293680427712,1357987007,狂龙乱舞部落,1,0,1772114410,2026-02-26,2026-02-26 22:00:10,回复 @谦谦君子83717 : 视频里说了，我之前看评论区也看到过，只是回你话的时候忽略了，是对方要讹诈店主，然后店主提起的诉讼，她本来已经接受了不公正的判罚（当然你站在所谓的法律的角度可能觉得这是公正的判罚），我不明白你纠结于细微末节的意义在哪里，我们讨论的问题是这个案子的不公正，以及我的观点正由于这种不公正导致的社会上的种种现象以及普通人面临事情的态度。但你一直强调的现实里派出所、检方如何办案这些过程，他们角度面临的困难，没错，你说的可能都对，但这不能体现广大民众对这件事的态度。一个最基本的朴素价值观，录像里可以清晰的看到男方率先动手，也可以看到他先犯了错才导致店长去找他麻烦。我一直强调的，如果这种明显的是非对错还要各大一板，才是导致现在社会道德观、是非观扭曲（扭曲这个词用的比较严重，但事实就是会让非常多的人看到以后产生，啊，原来我就算犯了错，无非也就是各打一板而已）的原因，这有什么值得反驳，不能理解的么？至于应该如何，你我都没有那个权利去改变，也就能网上吐槽而已，就算我个人被打时，我不是一样要首先衡量，只要我荷包扛得住，结果能承受，才敢反击。否则只能忍着呗，这就是现在法律教我们的啊。
418,1,BV1dvfsBrEFJ,116129188025616,央视一句话定调：这不是互殴，是正当防卫,650,323,327,291258947457,291258947457,297099696400,91768836,正经狗豆豆,0,0,1774794134,2026-03-29,2026-03-29 22:22:14,警察没有判定权，他们说的可以不听
419,1,BV1dvfsBrEFJ,116129188025616,央视一句话定调：这不是互殴，是正当防卫,650,323,327,291258947457,297099696400,294586814113,171702478,谦谦君子83717,1,0,1774826786,2026-03-30,2026-03-30 07:26:26,回复 @正经狗豆豆 :警察没有判决权，但是他们有处置权。你有异议可以提起行政复议，可以申请法院判决。但是只要你在出警单上签字，就说明你认同了这个处置。你不同意也不能继续纠缠，否则就是违法治安管理规定。所以哪怕你不认可警方的处置，也请尊重尊重执法人员的执法行为，保持冷静和理性，不要继续纠缠，而是应该按照法定的程序和要求提交相关的申请材料向上级警方或是人民政府提请行政复议。
420,1,BV1dvfsBrEFJ,116129188025616,央视一句话定调：这不是互殴，是正当防卫,650,323,327,291258947457,294586814113,297336302720,40350941,给我一块钱啊,0,0,1774990278,2026-04-01,2026-04-01 04:51:18,回复 @谦谦君子83717 :警察没有经过法医鉴定就说伤口是酒瓶子打的，是否在混日子呢？
421,1,BV1dvfsBrEFJ,116129188025616,央视一句话定调：这不是互殴，是正当防卫,650,323,327,291258947457,297336302720,294820392465,171702478,谦谦君子83717,1,0,1775029594,2026-04-01,2026-04-01 15:46:34,"回复 @给我一块钱啊 : 法医鉴定那是要店主人申请的，否则这种纠纷根本就不会有什么法医鉴定好不好，你以为法医鉴定不要花钱啊，这都是由责任人承担的。这种纠纷一般都是按照事发时候的情况下的判断，而且店主人也没有异议，如果有意义就需要店主人提请验伤。特别要注意的是就算是见检察院反复看视频并结合法医鉴定也只是给出了不排除这一说法，这在现场处警是干警来说就更加不能判断了。所以说法规的完善才是这件案件最应该反思的，而不是应该去纠结干警是不是有混日子的行为，他们出警是有时间限制的，如果去纠结这种似是而非的行为才真的是浪费警力。如果对警方做出的治安处置有异议，当事人有权向上级警察机构提前行政复议，也可以向人民法院提起民事诉讼,通过司法途径解决争议。还有一点请记住，这个案子其实本身已经是结案的，双方对警方做出的行政处理并没有异议。只不过是那个男的觉得自己吃亏了，想要敲诈店主才会有这个后续的发展，而且一审二审都是维持原判，说明法院在也是认为处警并没有异议。这其实就是对治安管理处罚条例的理解上法院也是偏向于双方动手既互殴的，至于高院，他们对于司法解释的理解更多的是社会影响力，双方立足点不同，做出的判决也自然是不同的。"
422,1,BV1dvfsBrEFJ,116129188025616,央视一句话定调：这不是互殴，是正当防卫,650,323,327,291258947457,297336302720,295019468977,352310960,2016年西雅图的夏天,0,0,1775202440,2026-04-03,2026-04-03 15:47:20,回复 @给我一块钱啊 :视频里不是说了鉴定为轻微伤，怎么没经过法医鉴定？损伤机制判断也是法医做，但没有规定必须做
423,1,BV1dvfsBrEFJ,116129188025616,央视一句话定调：这不是互殴，是正当防卫,650,323,327,291258947457,293550813712,298854201536,499213318,bili_57045260073,0,0,1776143158,2026-04-14,2026-04-14 13:05:58,回复 @狂龙乱舞部落 :你说的第一句就不成立，意图犯罪的话更容易被归类为刑事犯罪，就不是治安处罚法那么简单了，如果是刑事犯罪那就比治安管理好判定多了。
424,1,BV1dvfsBrEFJ,116129188025616,央视一句话定调：这不是互殴，是正当防卫,650,323,327,291258947457,298854201536,298894700432,1357987007,狂龙乱舞部落,0,0,1776169677,2026-04-14,2026-04-14 20:27:57,回复 @bili_57045260073 : 怎么都这么喜欢咬文嚼字？你是要上庭做辩护律师么？？意图犯罪4个字结合前后文我想表达的不是类似这种行为以及更有向上意识行为的“人”？？
425,1,BV1dvfsBrEFJ,116129188025616,央视一句话定调：这不是互殴，是正当防卫,650,323,327,291258947457,298854201536,298894994592,1357987007,狂龙乱舞部落,0,0,1776169893,2026-04-14,2026-04-14 20:31:33,回复 @bili_57045260073 : 绝大多数的人根本对这种新闻看过就忘，能留下一个，哎呀，这女店主真冤的想法就算难得了，事不关己高高挂起是人类的本能。但是有部分人一定会琢磨法律的判定准则，其中聪明机灵的在遇到事的时候会合理的运用避免自己付出更大的代价（但小的代价肯定是补偿不回来，在现行法律的框架下），有歹意的人会在遇到事的时候引诱对方付出更大的代价从而实现所谓的“各打五十大板”，这公平么？？我探讨的是这个问题本身，不知道你关注的什么地方去了，偏离主题！
426,1,BV1dvfsBrEFJ,116129188025616,央视一句话定调：这不是互殴，是正当防卫,650,323,327,291258947457,291258947457,296640906049,471023973,满山都是我是牛,0,0,1776523228,2026-04-18,2026-04-18 22:40:28,别人喝多了，打我，我就要站那让他打，[大哭]
427,1,BV1dvfsBrEFJ,116129188025616,央视一句话定调：这不是互殴，是正当防卫,650,323,327,291258947457,296640906049,299403514192,98582605,everhanever,0,0,1776561203,2026-04-19,2026-04-19 09:13:23,回复 @满山都是我是牛 :你起枪啊
428,1,BV1dvfsBrEFJ,116129188025616,央视一句话定调：这不是互殴，是正当防卫,650,323,327,291258947457,296640906049,296726810369,171702478,谦谦君子83717,0,0,1776589517,2026-04-19,2026-04-19 17:05:17,回复 @满山都是我是牛 : 简单，他打你，你就往有监控的地方逃。然后就还击，别打死，只要别打成轻伤就可以。轻微伤就是正当防卫，轻伤有可能是正当防卫更大可能是防卫过当。如果对方持械，那就另当别论。
429,0,BV1dvfsBrEFJ,116129188025616,央视一句话定调：这不是互殴，是正当防卫,650,323,327,293540332704,0,293540332704,192368103,二茶匙,4,1,1772026177,2026-02-25,2026-02-25 21:29:37,闹事者挑事在先并且情节已经构成先违法，他不先闹事就没有后面那么多事了，闹事者应该负全部责任，并赔偿经营者的损失，法律要保护经营者安全的生产环境。
430,0,BV1dvfsBrEFJ,116129188025616,央视一句话定调：这不是互殴，是正当防卫,650,323,327,293540051728,0,293540051728,366146803,共鸣你好吗,20,4,1772026120,2026-02-25,2026-02-25 21:28:40,没有暖气片，就不算正当防卫了，就只能任他打？哎，以后伸着头给别人打？
431,0,BV1dvfsBrEFJ,116129188025616,央视一句话定调：这不是互殴，是正当防卫,650,323,327,293540019392,0,293540019392,102055231,Ladykiller217s,1,0,1772026074,2026-02-25,2026-02-25 21:27:54,正当防卫也要赔钱？！还要拘留5日？！
432,0,BV1dvfsBrEFJ,116129188025616,央视一句话定调：这不是互殴，是正当防卫,650,323,327,291257580305,0,291257580305,162171,丝丝入味332,0,12,1772025781,2026-02-25,2026-02-25 21:23:01,第一时间报警哪有那么多事，非得自己下手去搞，你既然要自己上阵搏斗了，一般都算你互殴。
433,1,BV1dvfsBrEFJ,116129188025616,央视一句话定调：这不是互殴，是正当防卫,650,323,327,291257580305,291257580305,293545536016,5715913,理科男搞艺术,16,0,1772028480,2026-02-25,2026-02-25 22:08:00,"警察又不会“瞬移术”， 就算你第一时间报警，警察能第一时间瞬移过来救你？

注意：现实世界没人修仙，没有魔法，"
434,1,BV1dvfsBrEFJ,116129188025616,央视一句话定调：这不是互殴，是正当防卫,650,323,327,291257580305,291257580305,291263974689,21882287,月慕7,5,0,1772028723,2026-02-25,2026-02-25 22:12:03,看来你是没报过警
435,1,BV1dvfsBrEFJ,116129188025616,央视一句话定调：这不是互殴，是正当防卫,650,323,327,291257580305,291257580305,291266840049,69235372,泠咕咕,15,0,1772029977,2026-02-25,2026-02-25 22:32:57,回去重新看，人老板娘第一时间就报警了，电话还没打通就被打了
436,1,BV1dvfsBrEFJ,116129188025616,央视一句话定调：这不是互殴，是正当防卫,650,323,327,291257580305,291257580305,291275443185,235707776,咸鱼嘟嘟噜,11,0,1772033985,2026-02-25,2026-02-25 23:39:45,你也是神仙
437,1,BV1dvfsBrEFJ,116129188025616,央视一句话定调：这不是互殴，是正当防卫,650,323,327,291257580305,291257580305,296911075216,439805722,佛说_渡你去西天可好,1,0,1774667429,2026-03-28,2026-03-28 11:10:29,危险没有大小，你感觉到被攻击了，就应该有勇敢还手的底气，当然对手优势强，也只能保命为主，战略性回避不是懦弱。警察也很忙，能自己解决的罪犯，顺手送给警察是见义勇为，是公民应有的责任心。
438,1,BV1dvfsBrEFJ,116129188025616,央视一句话定调：这不是互殴，是正当防卫,650,323,327,291257580305,296911075216,296911260384,439805722,佛说_渡你去西天可好,0,0,1774667553,2026-03-28,2026-03-28 11:12:33,回复 @佛说_渡你去西天可好 :不是应有的责任心，应该说可以有的责任心，毕竟普通人不是那么善于制服歹徒
439,1,BV1dvfsBrEFJ,116129188025616,央视一句话定调：这不是互殴，是正当防卫,650,323,327,291257580305,291257580305,294607754289,7590792,赛瑞迪尔湮灭,1,0,1774845959,2026-03-30,2026-03-30 12:45:59,要不你买张票去乐山吧
440,1,BV1dvfsBrEFJ,116129188025616,央视一句话定调：这不是互殴，是正当防卫,650,323,327,291257580305,291257580305,294619660737,39712986,TreeNewBreeze,1,0,1774855264,2026-03-30,2026-03-30 15:21:04,那别人骂了我，我是不是就要报警？我怎么知道那个人接下来会做什么，矛盾会不会升级？如果后面没事我提前报了警需不需要担责？要不然出事了还要怪我没提前报警
441,1,BV1dvfsBrEFJ,116129188025616,央视一句话定调：这不是互殴，是正当防卫,650,323,327,291257580305,291257580305,295523562689,1492558987,小小UCR,3,0,1775606595,2026-04-08,2026-04-08 08:03:15,非得要不还手等警察来的过程中被人打死么？
442,1,BV1dvfsBrEFJ,116129188025616,央视一句话定调：这不是互殴，是正当防卫,650,323,327,291257580305,291257580305,298642577728,189891119,_烽火戲诸侯,2,0,1775982322,2026-04-12,2026-04-12 16:25:22,视频是不看的，评论是要发的
443,1,BV1dvfsBrEFJ,116129188025616,央视一句话定调：这不是互殴，是正当防卫,650,323,327,291257580305,298642577728,296030099489,162171,丝丝入味332,0,0,1776008320,2026-04-12,2026-04-12 23:38:40,回复 @_烽火戲诸侯 :法是不懂的，生意是没做过的，杠是要抬的
444,1,BV1dvfsBrEFJ,116129188025616,央视一句话定调：这不是互殴，是正当防卫,650,323,327,291257580305,296030099489,298988747424,189891119,_烽火戲诸侯,0,0,1776247326,2026-04-15,2026-04-15 18:02:06,回复 @丝丝入味332 :好奇怪啊，为什么有人这么多条评论，一个点赞没有啊[哦呼]
445,0,BV1dvfsBrEFJ,116129188025616,央视一句话定调：这不是互殴，是正当防卫,650,323,327,291257387633,0,291257387633,510193394,带肉的_骷髅,1,1,1772025699,2026-02-25,2026-02-25 21:21:39,当时那种情况，张女士就应该喊暂停，然后闹事男子肯定就会立即收手询问张女士什么意思，然后张女士就可以从从容容的和闹事男子友好的协商一下接下来的肢体冲突应该按照什么样的体位和手段来还击比较合适，你先说出来，闹事男子是会配合的，何必为难警察同志呢，唉......
446,0,BV1dvfsBrEFJ,116129188025616,央视一句话定调：这不是互殴，是正当防卫,650,323,327,293538995664,0,293538995664,277432123,ren_rains,0,10,1772025596,2026-02-25,2026-02-25 21:19:56,别人骂我，激怒我打他算什么
447,1,BV1dvfsBrEFJ,116129188025616,央视一句话定调：这不是互殴，是正当防卫,650,323,327,293538995664,293538995664,293544448704,43569102,老博美,1,0,1772028007,2026-02-25,2026-02-25 22:00:07,=。=寻衅滋事。
448,1,BV1dvfsBrEFJ,116129188025616,央视一句话定调：这不是互殴，是正当防卫,650,323,327,293538995664,293538995664,293545636176,5715913,理科男搞艺术,7,0,1772028541,2026-02-25,2026-02-25 22:09:01,你骂回去不就完了？
449,1,BV1dvfsBrEFJ,116129188025616,央视一句话定调：这不是互殴，是正当防卫,650,323,327,293538995664,293538995664,291266728337,69235372,泠咕咕,0,0,1772029921,2026-02-25,2026-02-25 22:32:01,现在的人就这样一般不动手，都是激怒对方先动手，只能说谁先动手谁吃亏
450,1,BV1dvfsBrEFJ,116129188025616,央视一句话定调：这不是互殴，是正当防卫,650,323,327,293538995664,293538995664,291267861297,477851450,你看他几分像从前,2,0,1772030441,2026-02-25,2026-02-25 22:40:41,你直接录下他骂你的话，报警，能送他进去。不一定非得打起来
451,1,BV1dvfsBrEFJ,116129188025616,央视一句话定调：这不是互殴，是正当防卫,650,323,327,293538995664,293538995664,293554680368,3367339,今日吃小孩,3,0,1772032546,2026-02-25,2026-02-25 23:15:46,"这种叫防卫挑拨，法条上看看得了，实际上判别很难
正确做法就是怼脸录视频，脸打码发上网
如果对方来抢夺设备的话可以触发防卫"
452,1,BV1dvfsBrEFJ,116129188025616,央视一句话定调：这不是互殴，是正当防卫,650,323,327,293538995664,293538995664,293558117680,213192144,无情汗脚多情雨,0,0,1772034195,2026-02-25,2026-02-25 23:43:15,"2026年了你还不会拍录像上传抖音啊？
没有手机建议先去打个工"
453,1,BV1dvfsBrEFJ,116129188025616,央视一句话定调：这不是互殴，是正当防卫,650,323,327,293538995664,293538995664,294738654689,229806263,桃之夭夭853,0,0,1774956577,2026-03-31,2026-03-31 19:29:37,那你也骂回去
454,1,BV1dvfsBrEFJ,116129188025616,央视一句话定调：这不是互殴，是正当防卫,650,323,327,293538995664,293538995664,294773459505,694048060,0o海o0,0,0,1774978007,2026-04-01,2026-04-01 01:26:47,算先动手
455,1,BV1dvfsBrEFJ,116129188025616,央视一句话定调：这不是互殴，是正当防卫,650,323,327,293538995664,293538995664,298720839424,36751300,傻猫快下来,0,0,1776044428,2026-04-13,2026-04-13 09:40:28,他辱骂你就是寻衅滋事，可以录下来保存证据报警抓他，也可以骂回去，但是你动手性质就不一样了
456,1,BV1dvfsBrEFJ,116129188025616,央视一句话定调：这不是互殴，是正当防卫,650,323,327,293538995664,293538995664,296884596353,2367398,小菜菜と顾之之,0,0,1776700873,2026-04-21,2026-04-21 00:01:13,那算纯沙雕了，别人怎么骂都不可以先动手，你应该做的是逼他先动手，然后你下死手干成刑事案件更好认定正当防卫
457,0,BV1dvfsBrEFJ,116129188025616,央视一句话定调：这不是互殴，是正当防卫,650,323,327,293538731808,0,293538731808,3493284032809022,小伙伴咖啡,0,0,1772025459,2026-02-25,2026-02-25 21:17:39,关键咱们的轻伤一点都不轻，它居然还能评上伤
458,0,BV1dvfsBrEFJ,116129188025616,央视一句话定调：这不是互殴，是正当防卫,650,323,327,291256337057,0,291256337057,694776552,盟羽,1,0,1772025179,2026-02-25,2026-02-25 21:12:59,你又迟到了，还不停辩解。
459,0,BV1dvfsBrEFJ,116129188025616,央视一句话定调：这不是互殴，是正当防卫,650,323,327,291256194865,0,291256194865,102592614,风吹日晒1,0,0,1772025142,2026-02-25,2026-02-25 21:12:22,男人打女人，这不判刑。？
460,0,BV1dvfsBrEFJ,116129188025616,央视一句话定调：这不是互殴，是正当防卫,650,323,327,293537804096,0,293537804096,33524539,myy044,1,0,1772025078,2026-02-25,2026-02-25 21:11:18,建议删除互殴
461,0,BV1dvfsBrEFJ,116129188025616,央视一句话定调：这不是互殴，是正当防卫,650,323,327,291255973329,0,291255973329,56705265,鱼雷乱飞,25,9,1772025052,2026-02-25,2026-02-25 21:10:52,个人还是觉得应该设这一个”先手承担所有责任“的处罚，先动手的倒霉
462,1,BV1dvfsBrEFJ,116129188025616,央视一句话定调：这不是互殴，是正当防卫,650,323,327,291255973329,291255973329,293538449952,91330629,老白兔et,7,0,1772025375,2026-02-25,2026-02-25 21:16:15,是的，小时候默认骂对骂，先急眼动手的回家会被爹拎出来道歉
463,1,BV1dvfsBrEFJ,116129188025616,央视一句话定调：这不是互殴，是正当防卫,650,323,327,291255973329,291255973329,291259011473,343903763,神奇的坚果包扎术,2,0,1772026464,2026-02-25,2026-02-25 21:34:24,那会不会有人故意挑衅，就故意让受害方先动手[思考]
464,1,BV1dvfsBrEFJ,116129188025616,央视一句话定调：这不是互殴，是正当防卫,650,323,327,291255973329,291259011473,293541328304,826011,第五人偶,5,0,1772026650,2026-02-25,2026-02-25 21:37:30,回复 @神奇的坚果包扎术 : 肯定有啊。。。相对的那你也可以挑衅他啊。。冲他吐口水。。。让他忍不住先打你呀。。。执行先手承担责任的国家都是这么干的。。。就看谁忍不住先动手。
465,1,BV1dvfsBrEFJ,116129188025616,央视一句话定调：这不是互殴，是正当防卫,650,323,327,291255973329,293541328304,293541770432,430401822,望月问晓,0,0,1772026808,2026-02-25,2026-02-25 21:40:08,回复 @第五人偶 :不可能的，每个人性格不一样，有的人冲动，有的人阴险，你这个法律就是对阴险的人有利
466,1,BV1dvfsBrEFJ,116129188025616,央视一句话定调：这不是互殴，是正当防卫,650,323,327,291255973329,293541770432,291261732657,445975684,andywenjie,3,0,1772027712,2026-02-25,2026-02-25 21:55:12,回复 @望月问晓 : 怎么不可能？谁都会冲动，重要的是能不能管理好自己的情绪，那些激情杀人，过失杀人的，有哪个不是冲动造成的，难道就不应该处罚了吗？
467,1,BV1dvfsBrEFJ,116129188025616,央视一句话定调：这不是互殴，是正当防卫,650,323,327,291255973329,291261732657,293546454832,430401822,望月问晓,0,0,1772028932,2026-02-25,2026-02-25 22:15:32,回复 @andywenjie :冲动本就该死没必要讨论，现在讨论的是阴险
468,1,BV1dvfsBrEFJ,116129188025616,央视一句话定调：这不是互殴，是正当防卫,650,323,327,291255973329,291255973329,291265672993,385729987,haha砂罐,1,0,1772029488,2026-02-25,2026-02-25 22:24:48,"你见的打仗还是少了，各种各样的情形比你想的复杂。
就像我弟，年前刚拘留放出来，他说他跟朋友路上走着，碰了一个人，双方吵了起来，然后，对方开始动手（空手）跟他朋友打起来了，我问他，那你咋进去啦，他说他去拉架，我问是拉架吗？他嘿嘿一笑说：他当时直接把那人给抱住了，他朋友捡起个砖头哐哐照着对方脑袋拍……你说说这是不是互殴？我弟和他朋友身上可没伤，对方直接进医院了。"
469,1,BV1dvfsBrEFJ,116129188025616,央视一句话定调：这不是互殴，是正当防卫,650,323,327,291255973329,293546454832,293548149728,1746908339,霜寒007,0,0,1772029675,2026-02-25,2026-02-25 22:27:55,回复 @望月问晓 : 那就搞个轻重区别呗，冲动行凶的就比较重，那个有故意挑衅行为的相对判轻一点，没有视频或者其他证据的话就判两人互殴，反正先动手的自认倒霉，想挑衅的也得受罚。这事本来就很简单的，是那些学现代法的照搬西方立法理念搞得复杂了，自己读书读歪了回国之后到处鼓吹西方法系好，也不看看西方社会都是些什么奇葩，这种人的司法理念能信？
470,1,BV1dvfsBrEFJ,116129188025616,央视一句话定调：这不是互殴，是正当防卫,650,323,327,291255973329,291259011473,297233005696,431031339,紧固件丢失侦探社,0,0,1774914381,2026-03-31,2026-03-31 07:46:21,"回复 @神奇的坚果包扎术 :骂人是魔法伤害，动手是物理伤害。
有本质区别。"
471,0,BV1dvfsBrEFJ,116129188025616,央视一句话定调：这不是互殴，是正当防卫,650,323,327,291255301745,0,291255301745,477662296,和风如沐淡秋尘,0,1,1772024702,2026-02-25,2026-02-25 21:05:02,要是执法机关（公安）能判案那要司法机关（法院）干什么
472,0,BV1dvfsBrEFJ,116129188025616,央视一句话定调：这不是互殴，是正当防卫,650,323,327,293536207456,0,293536207456,238121,alangus,5,0,1772024349,2026-02-25,2026-02-25 20:59:09,这个寻衅滋事的家伙应该赔偿店内损失
473,0,BV1dvfsBrEFJ,116129188025616,央视一句话定调：这不是互殴，是正当防卫,650,323,327,291254367297,0,291254367297,516471754,西北的狼A,0,1,1772024277,2026-02-25,2026-02-25 20:57:57,向这个案件中坚持正义主持正义的检察官们，致以最崇高的敬意。唉，，，不过我的腿好像还在瑟瑟发抖。山东确实好，但是，，，，，
474,0,BV1dvfsBrEFJ,116129188025616,央视一句话定调：这不是互殴，是正当防卫,650,323,327,293535742720,0,293535742720,337309624,不成大触剃卤蛋,81,8,1772024144,2026-02-25,2026-02-25 20:55:44,如果让国人一直养成别人打我我就受着我就跑的潜意识，那外面的人打我们的时候怎么办？排队等枪毙？还是家都不要了直接跑路？看到这些真是心里窝火
475,1,BV1dvfsBrEFJ,116129188025616,央视一句话定调：这不是互殴，是正当防卫,650,323,327,293535742720,293535742720,293537431776,278116517,一位钉宫癌患者,5,0,1772024918,2026-02-25,2026-02-25 21:08:38,南京大屠杀？？？
476,1,BV1dvfsBrEFJ,116129188025616,央视一句话定调：这不是互殴，是正当防卫,650,323,327,293535742720,293537431776,291257375841,96126491,协作者,1,0,1772025682,2026-02-25,2026-02-25 21:21:22,回复 @一位钉宫癌患者 :你是来山东旅游的
477,1,BV1dvfsBrEFJ,116129188025616,央视一句话定调：这不是互殴，是正当防卫,650,323,327,293535742720,293535742720,291272960353,1375387175,魔族_紫眸,1,0,1772032791,2026-02-25,2026-02-25 23:19:51,钱学森有一个名言，真的好准……你这里就有其中一半的方面了
478,1,BV1dvfsBrEFJ,116129188025616,央视一句话定调：这不是互殴，是正当防卫,650,323,327,293535742720,293535742720,294761788737,478902250,清风渡周来,0,0,1774969868,2026-03-31,2026-03-31 23:11:08,看了这些 再去看那些变坏的人就释怀了😔
479,1,BV1dvfsBrEFJ,116129188025616,央视一句话定调：这不是互殴，是正当防卫,650,323,327,293535742720,293535742720,298396367536,3493125003676039,13哥哥我来了,0,0,1775810463,2026-04-10,2026-04-10 16:41:03,外面里面有啥区别，而且你一辈子斗不会遇到外面人欺负你
480,1,BV1dvfsBrEFJ,116129188025616,央视一句话定调：这不是互殴，是正当防卫,650,323,327,293535742720,298396367536,298480174112,337309624,不成大触剃卤蛋,0,0,1775876498,2026-04-11,2026-04-11 11:01:38,回复 @13哥哥我来了 :当然有区别，外面的人如果真进来那是奔着要你的命来的。清朝的时候也觉得自己一辈子不会被打。二战的时候美国也觉得小日子哪敢先动手。世界上哪有那么说的准的事。你这发言就是我说的这类人。
481,1,BV1dvfsBrEFJ,116129188025616,央视一句话定调：这不是互殴，是正当防卫,650,323,327,293535742720,293535742720,299161636016,585306222,圆斧岛,0,0,1776391397,2026-04-17,2026-04-17 10:03:17,管军队跟管您不是一个思路 放心吧
482,1,BV1dvfsBrEFJ,116129188025616,央视一句话定调：这不是互殴，是正当防卫,650,323,327,293535742720,299161636016,299269410368,337309624,不成大触剃卤蛋,0,0,1776470626,2026-04-18,2026-04-18 08:03:46,回复 @圆斧岛 :不好意思，我就是在部队上的。我们家三代都是军队出来的。这跟管谁有什么关系，我是说人本身的底层逻辑。就像现在大多数人碰到这种不都是赶紧躲远远的生怕惹上事。从小接受的教育底层逻辑也是这样的。当兵的不是从长大的？还是说方年小日子进来的时候军队管理不严格了？zz
483,0,BV1dvfsBrEFJ,116129188025616,央视一句话定调：这不是互殴，是正当防卫,650,323,327,291253603553,0,291253603553,3546908423359063,叫你一声鸭脖敢答应么,2,1,1772023902,2026-02-25,2026-02-25 20:51:42,哪能一样么[滑稽]看别人是乐子，轮到自己就老实蹲橘子
484,0,BV1dvfsBrEFJ,116129188025616,央视一句话定调：这不是互殴，是正当防卫,650,323,327,293535148272,0,293535148272,238121,alangus,2,0,1772023879,2026-02-25,2026-02-25 20:51:19,律师立功了啊
485,0,BV1dvfsBrEFJ,116129188025616,央视一句话定调：这不是互殴，是正当防卫,650,323,327,293535037168,0,293535037168,452465845,福旋,11,1,1772023851,2026-02-25,2026-02-25 20:50:51,认定互殴的人 不用为他错误的认定负责？
486,0,BV1dvfsBrEFJ,116129188025616,央视一句话定调：这不是互殴，是正当防卫,650,323,327,291252713169,0,291252713169,3546571819977570,bili_43442614131,3,1,1772023578,2026-02-25,2026-02-25 20:46:18,一个公社一名公安特派员干现在一个乡的派出所司法所法庭的所有工作。现在一个派出所就比当年一个公社所有工作人员都多。---人多了总得有事干吧。我94年法律本科毕业的都说不清现在中国现行有效的法律308部‌的名字，何况其他人。
487,0,BV1dvfsBrEFJ,116129188025616,央视一句话定调：这不是互殴，是正当防卫,650,323,327,293533404752,0,293533404752,1633728944,哥哥七套房,0,0,1772023116,2026-02-25,2026-02-25 20:38:36,除非把正当防御率纳入考核
488,0,BV1dvfsBrEFJ,116129188025616,央视一句话定调：这不是互殴，是正当防卫,650,323,327,291251610081,0,291251610081,513592699,_梦见o,40,2,1772022985,2026-02-25,2026-02-25 20:36:25,法律首要应该服务世俗道德，希望以后此类事件别扯皮了，老板娘做生意，扯皮这么久才得公正，生意肯定影响很多。另外希望有关能普及下对于多次侮辱性挑衅引起的反击，如何处理。
489,1,BV1dvfsBrEFJ,116129188025616,央视一句话定调：这不是互殴，是正当防卫,650,323,327,291251610081,291251610081,296497939473,109803785,bili_109803785,0,0,1776421720,2026-04-17,2026-04-17 18:28:40,动手以动手反抗 语言以语言反抗 。动手直接升格到人身安全层面。
490,1,BV1dvfsBrEFJ,116129188025616,央视一句话定调：这不是互殴，是正当防卫,650,323,327,291251610081,291251610081,298801977504,379890,天下第一菜,0,0,1776092474,2026-04-13,2026-04-13 23:01:14,店没了
491,0,BV1dvfsBrEFJ,116129188025616,央视一句话定调：这不是互殴，是正当防卫,650,323,327,293532994208,0,293532994208,690548300,8-peace-love-8,5,1,1772022930,2026-02-25,2026-02-25 20:35:30,其实矛盾的地方在于基层实际治理和我们朴素的正义观之间。我感觉公安处理一般就是只要看到一方有伤就会对造成方进行治安管理处罚。如果有人受伤公安不追究的话，上面查下来公安可能就有麻烦了，后面每次有冲突都有人受伤公安也挂不住面子。然后这个过程公安肯定是把材料“做”的比较好看的，视频中的女子也是因此接受了处罚。多天后你再去对比他额头的伤到底怎么造成的已经没有办法了。法院只看公安提交的材料来判，当事人提供不了新的证据肯定就只能维持原判。唯一的可能只有像视频中那样“挑骨头”打翻前面的证据才有可能翻案。这个过程耗费的精力和财力可能会比你接受处罚大的多。
492,1,BV1dvfsBrEFJ,116129188025616,央视一句话定调：这不是互殴，是正当防卫,650,323,327,293532994208,293532994208,293547410640,1357987007,狂龙乱舞部落,2,0,1772029338,2026-02-25,2026-02-25 22:22:18,其中一个重要的原因是此类事件在我国诬赖、诬告都几乎0成本，事实上如果不是涉及到刑事、经济案件的前提，这种“小”案子，犯错方颠倒黑白是经常有的，即使有录像，有的问题都要反复确认，更别提有些地方找不出录像，当犯罪成本如此低廉的时候，说实话，人人面临调查时都只会往自身有利的方向选择，这个有点扯远了，扯到我们郭嘉对比西方，不是契约制郭嘉的方面了，现在的环境还容易被愤青攻击。但这个就是我们的现实，连对诬赖、撒谎方加重处罚都做不到，这些问题感觉我们的现行制度永远无解
493,0,BV1dvfsBrEFJ,116129188025616,央视一句话定调：这不是互殴，是正当防卫,650,323,327,293532534704,0,293532534704,506673127,Teddy_KAO,18,1,1772022745,2026-02-25,2026-02-25 20:32:25,醉酒开车有罪，醉酒打人还不让还手，唉.....
494,0,BV1dvfsBrEFJ,116129188025616,央视一句话定调：这不是互殴，是正当防卫,650,323,327,293532269856,0,293532269856,241267111,1234kjp,1,0,1772022603,2026-02-25,2026-02-25 20:30:03,请问各位，把被动还手的人定义为正当防卫，有什么不可行么？
495,0,BV1dvfsBrEFJ,116129188025616,央视一句话定调：这不是互殴，是正当防卫,650,323,327,291250661745,0,291250661745,241243881,Samson7s,7,0,1772022563,2026-02-25,2026-02-25 20:29:23,迟来正义，比起正当防卫，应该重新定义互殴才对。一个女老板在自己店里与客人互殴合理吗？如果没有视频呢？法律不能单单以结果处理，不对等冲突应该以客观环境对比。连个孩子都说不要打她妈妈，孩子都明白的事，换到法庭却判不明白，还是不行。支持女老板，给自己孩子明辨是非，树立榜样。
496,0,BV1dvfsBrEFJ,116129188025616,央视一句话定调：这不是互殴，是正当防卫,650,323,327,293532164400,0,293532164400,382291337,兮の皮奥莱维奇,4,1,1772022511,2026-02-25,2026-02-25 20:28:31,这种事还要二审才能判对。。。
497,1,BV1dvfsBrEFJ,116129188025616,央视一句话定调：这不是互殴，是正当防卫,650,323,327,293532164400,293532164400,291274563169,498944693,东方既白-金声玉振,6,0,1772033537,2026-02-25,2026-02-25 23:32:17,你看错了吧~一审二审再到三审都是驳回，后面是检察院介入监督才改的。
498,0,BV1dvfsBrEFJ,116129188025616,央视一句话定调：这不是互殴，是正当防卫,650,323,327,291249912465,0,291249912465,1125878958,国外非天堂国内非圣地,3,1,1772022268,2026-02-25,2026-02-25 20:24:28,这次是暖气片立功了[笑哭]
499,0,BV1dvfsBrEFJ,116129188025616,央视一句话定调：这不是互殴，是正当防卫,650,323,327,293531418848,0,293531418848,390508222,70后123456789,24,1,1772022246,2026-02-25,2026-02-25 20:24:06,这踏马的要是没有暖气片拿就这正当防卫就不存在了哈哈哈哈哈哈哈哈哈哈哈哈哈
500,0,BV1dvfsBrEFJ,116129188025616,央视一句话定调：这不是互殴，是正当防卫,650,323,327,291249176689,0,291249176689,1794832151,振涛平浪,96,18,1772021909,2026-02-25,2026-02-25 20:18:29,同理，中国坚决不开第一枪。那中国被开第一枪，中国还击。那这是防卫战，还是双方交战？
501,1,BV1dvfsBrEFJ,116129188025616,央视一句话定调：这不是互殴，是正当防卫,650,323,327,291249176689,291249176689,293532166352,151502046,光核粒子,0,0,1772022513,2026-02-25,2026-02-25 20:28:33,🔫是会撕人的，和拳头性质都不一样。你这比喻也不对
502,1,BV1dvfsBrEFJ,116129188025616,央视一句话定调：这不是互殴，是正当防卫,650,323,327,291249176689,291249176689,293532663104,3493139664865911,以害人为己任,0,0,1772022753,2026-02-25,2026-02-25 20:32:33,开枪多麻烦，直接扔核弹，然后再去找法院。
503,1,BV1dvfsBrEFJ,116129188025616,央视一句话定调：这不是互殴，是正当防卫,650,323,327,291249176689,293532166352,293535100400,527205444,何时繁花落枝头,11,0,1772023917,2026-02-25,2026-02-25 20:51:57,回复 @光核粒子 :你意思拳头不会死人？
504,1,BV1dvfsBrEFJ,116129188025616,央视一句话定调：这不是互殴，是正当防卫,650,323,327,291249176689,291249176689,293535255648,238121,alangus,8,0,1772023927,2026-02-25,2026-02-25 20:52:07,合理的比喻，旁观清澈啊[滑稽]
505,1,BV1dvfsBrEFJ,116129188025616,央视一句话定调：这不是互殴，是正当防卫,650,323,327,291249176689,293532166352,293535420704,470132836,闲情z_z,4,0,1772024028,2026-02-25,2026-02-25 20:53:48,回复 @光核粒子 :没看过水浒传鲁提辖？
506,1,BV1dvfsBrEFJ,116129188025616,央视一句话定调：这不是互殴，是正当防卫,650,323,327,291249176689,291249176689,291257848097,96126491,协作者,0,0,1772025896,2026-02-25,2026-02-25 21:24:56,你问问日本吃第一颗原子弹什么想法[doge_金箍]
507,1,BV1dvfsBrEFJ,116129188025616,央视一句话定调：这不是互殴，是正当防卫,650,323,327,291249176689,293532166352,291314040993,1794832151,振涛平浪,5,0,1772076264,2026-02-26,2026-02-26 11:24:24,回复 @光核粒子 :还记得那件大学霸凌被反杀，最后还须判刑的案件吗？他自卫是误杀，但那两霸凌者是真想杀他。
508,1,BV1dvfsBrEFJ,116129188025616,央视一句话定调：这不是互殴，是正当防卫,650,323,327,291249176689,291314040993,294175857521,7949063,大漠咕咕,0,0,1774474695,2026-03-26,2026-03-26 05:38:15,回复 @振涛平浪 :那个被欺负的小孩真可怜
509,1,BV1dvfsBrEFJ,116129188025616,央视一句话定调：这不是互殴，是正当防卫,650,323,327,291249176689,291249176689,296735672384,3314306,此心已如止水,0,0,1774517690,2026-03-26,2026-03-26 17:34:50,k
510,1,BV1dvfsBrEFJ,116129188025616,央视一句话定调：这不是互殴，是正当防卫,650,323,327,291249176689,291249176689,294383391729,15029077,冰封色丶,0,0,1774667391,2026-03-28,2026-03-28 11:09:51,扯远了
511,1,BV1dvfsBrEFJ,116129188025616,央视一句话定调：这不是互殴，是正当防卫,650,323,327,291249176689,291249176689,296914411712,23538848,安狞的,0,0,1774669391,2026-03-28,2026-03-28 11:43:11,国和国之间不适用，比如战败国赔款你觉得有道理吗。对于公民保护弱者为什么推行，是因为有国家和法律在维护。假如没有，败者弱者伤者没有任何人权
512,1,BV1dvfsBrEFJ,116129188025616,央视一句话定调：这不是互殴，是正当防卫,650,323,327,291249176689,291249176689,297148066624,36716032,补刀AM,0,0,1774844537,2026-03-30,2026-03-30 12:22:17,其实法律是人制定的，所以并不存在绝对公平[doge_金箍]
513,1,BV1dvfsBrEFJ,116129188025616,央视一句话定调：这不是互殴，是正当防卫,650,323,327,291249176689,296914411712,294678010289,76507792,暴扣暴扣skr,2,0,1774896694,2026-03-31,2026-03-31 02:51:34,回复 @安狞的 :国有国格，人有人格，国是一个个民组成的，总不能让中国人面对不法侵害都失去了血性。醉酒这个逼这样以势压人都不能还手的话，谁还有安全感？哪一天就给自己背上案底了
514,1,BV1dvfsBrEFJ,116129188025616,央视一句话定调：这不是互殴，是正当防卫,650,323,327,291249176689,294678010289,297232142640,23538848,安狞的,1,0,1774913132,2026-03-31,2026-03-31 07:25:32,回复 @暴扣暴扣skr :醉酒的当然不对了，但是不是已经进步了吗，后面假如再有类似的事情发生，只会越来越简单越来越倾向于还击方。假如没有法律，没有国家机器，那两个挑事的人就可以为所欲为，比如当场一怒之下直接杀了女老板。他没有这么做，有所收敛还是因为忌惮法律。而且老板和客人身份，在这个判罚中间虽然没有明确的表达，但是也是参考的。看看国与国之间，就知道没有一个更强大的体系约束，被打的人原本是要赔款的，这是最原本的人性。
515,1,BV1dvfsBrEFJ,116129188025616,央视一句话定调：这不是互殴，是正当防卫,650,323,327,291249176689,291249176689,294690603281,29879667,SpAwNLiU,0,0,1774921653,2026-03-31,2026-03-31 09:47:33,你倒是说说谁来判？谁敢判？美国判就是中国挑起战争，俄罗斯判就是反击战，联合国投票那永远都会是一票否决，连举例都举不明白还搁着阴阳怪气[笑哭]
516,1,BV1dvfsBrEFJ,116129188025616,央视一句话定调：这不是互殴，是正当防卫,650,323,327,291249176689,291249176689,294693745729,1833081583,痴花门主,0,0,1774924592,2026-03-31,2026-03-31 10:36:32,是防卫过当
517,1,BV1dvfsBrEFJ,116129188025616,央视一句话定调：这不是互殴，是正当防卫,650,323,327,291249176689,293532166352,294738459809,501383662,硬牛蛋,0,0,1774956513,2026-03-31,2026-03-31 19:28:33,回复 @光核粒子 :性质只论对错！！！！和死人有屁关系
518,1,BV1dvfsBrEFJ,116129188025616,央视一句话定调：这不是互殴，是正当防卫,650,323,327,291249176689,294693745729,294768330193,694048060,0o海o0,0,0,1774973906,2026-04-01,2026-04-01 00:18:26,回复 @痴花门主 :就不该有过当一说 被打就反击看看谁还敢先动手，法律保护不了受害者也威慑不住违法者那么反击就是自己保护自己，怎么才能保护好了自己又不会让违法者继续挑衅或继续动手只有一种方式那就是打疼对方或打到别人动不了，不然你凭什么认为别人不会继续设施违法行为？而法律是怎么规定的法官是怎么判决的？打伤了就防卫过当不打伤别人继续打你你接着再反击？这样下去迟早有个人会先受伤或死亡，那么法律和法官做了什么就事后诸葛亮来给受害者报仇？
519,0,BV1dvfsBrEFJ,116129188025616,央视一句话定调：这不是互殴，是正当防卫,650,323,327,291248925601,0,291248925601,187697895,晶咯哈,0,0,1772021778,2026-02-25,2026-02-25 20:16:18,？？？？？
520,0,BV1dvfsBrEFJ,116129188025616,央视一句话定调：这不是互殴，是正当防卫,650,323,327,293530102000,0,293530102000,419824218,灬纵酒狂歌灬,19,11,1772021638,2026-02-25,2026-02-25 20:13:58,啊？我们国家还有正当防卫这条法律啊？活了几十年第一次听说啊。。。。。。。。。
521,1,BV1dvfsBrEFJ,116129188025616,央视一句话定调：这不是互殴，是正当防卫,650,323,327,293530102000,293530102000,293531372544,29381700,ttyyzzpp,4,0,1772022178,2026-02-25,2026-02-25 20:22:58,"啊，你这几十年白活了。
至少两例轰动全国的反杀案，是真杀！判定为正当防卫。"
522,1,BV1dvfsBrEFJ,116129188025616,央视一句话定调：这不是互殴，是正当防卫,650,323,327,293530102000,293530102000,293539407680,361726249,CHRIS-ALEX-LEE,0,0,1772025802,2026-02-25,2026-02-25 21:23:22,这40多年前就写进法律了啊
523,1,BV1dvfsBrEFJ,116129188025616,央视一句话定调：这不是互殴，是正当防卫,650,323,327,293530102000,293530102000,293541190752,37699139,对萌豚宝具,0,0,1772026598,2026-02-25,2026-02-25 21:36:38,昆山龙哥该上小学了吧
524,1,BV1dvfsBrEFJ,116129188025616,央视一句话定调：这不是互殴，是正当防卫,650,323,327,293530102000,293539407680,293546010560,419824218,灬纵酒狂歌灬,0,0,1772028685,2026-02-25,2026-02-25 22:11:25,回复 @CHRIS-ALEX-LEE :看不出来是讽刺吗？脑子是个好东西，正当防卫的成功辩护率是千分之二
525,1,BV1dvfsBrEFJ,116129188025616,央视一句话定调：这不是互殴，是正当防卫,650,323,327,293530102000,293531372544,294141785633,543100395,TrueDragonSword,4,0,1774441379,2026-03-25,2026-03-25 20:22:59,回复 @ttyyzzpp :这正当防卫判定跟没有一样
526,1,BV1dvfsBrEFJ,116129188025616,央视一句话定调：这不是互殴，是正当防卫,650,323,327,293530102000,293530102000,294653695537,1285081,大晴天风狗,1,0,1774877749,2026-03-30,2026-03-30 21:35:49,你心目中向往的国家有吗
527,1,BV1dvfsBrEFJ,116129188025616,央视一句话定调：这不是互殴，是正当防卫,650,323,327,293530102000,293530102000,297274551792,253672403,我就是为了看看的,6,0,1774946777,2026-03-31,2026-03-31 16:46:17,钩直饵咸，但依旧钓出好几条大鱼……楼主明显是嘲讽正当防卫这条过去来说，就是形同虚设！龙哥案之前，这条法律等同没有！那苛刻的防卫条件，你必须是超人才有可能达成！
528,1,BV1dvfsBrEFJ,116129188025616,央视一句话定调：这不是互殴，是正当防卫,650,323,327,293530102000,293531372544,297318455024,1631388524,探索者1234,1,0,1774971315,2026-03-31,2026-03-31 23:35:15,回复 @ttyyzzpp :两例？那发生了多少例正当防卫被认定为互殴呢？到底谁白活了？
529,1,BV1dvfsBrEFJ,116129188025616,央视一句话定调：这不是互殴，是正当防卫,650,323,327,293530102000,293530102000,297319707728,1476683019,只欠东风的那个东风,2,0,1774972083,2026-03-31,2026-03-31 23:48:03,被大众知道了的话就有，像龙哥那个事，盖不住了，只能按正当防卫来判
530,1,BV1dvfsBrEFJ,116129188025616,央视一句话定调：这不是互殴，是正当防卫,650,323,327,293530102000,297319707728,297319857632,1476683019,只欠东风的那个东风,0,0,1774972087,2026-03-31,2026-03-31 23:48:07,回复 @只欠东风的那个东风 :1
531,1,BV1dvfsBrEFJ,116129188025616,央视一句话定调：这不是互殴，是正当防卫,650,323,327,293530102000,293539407680,295523605489,1492558987,小小UCR,0,0,1775606514,2026-04-08,2026-04-08 08:01:54,回复 @CHRIS-ALEX-LEE :你都六级了，怎么就理解不了楼主的意思呢？
532,0,BV1dvfsBrEFJ,116129188025616,央视一句话定调：这不是互殴，是正当防卫,650,323,327,291248381825,0,291248381825,43473063,绊__,4,1,1772021576,2026-02-25,2026-02-25 20:12:56,现在的事儿，没法说…要么就各打五十大板，不然彻底来个事不关己高高挂起，总之就是渎职。做与不做人家也不少拿一分钱，再做错了担责任，“何必”呢
533,0,BV1dvfsBrEFJ,116129188025616,央视一句话定调：这不是互殴，是正当防卫,650,323,327,291247629761,0,291247629761,16669147,不抓鱼の猫,35,1,1772021210,2026-02-25,2026-02-25 20:06:50,这次是有个暖气片，算是正当防卫了，那别人打我，我还不能还手过程中打伤了？
534,1,BV1dvfsBrEFJ,116129188025616,央视一句话定调：这不是互殴，是正当防卫,650,323,327,291247629761,291247629761,291252224209,1125878958,国外非天堂国内非圣地,3,0,1772023364,2026-02-25,2026-02-25 20:42:44,你可以买个暖气片先抱着，有人打你时你拿暖气片还手算正当防卫，没有暖气片就算互欧[doge]
535,0,BV1dvfsBrEFJ,116129188025616,央视一句话定调：这不是互殴，是正当防卫,650,323,327,293528986496,0,293528986496,64615522,冥王帝非尊,7,1,1772021164,2026-02-25,2026-02-25 20:06:04,主审法官应该进去！！和那些犯人探讨下正当防卫
536,1,BV1dvfsBrEFJ,116129188025616,央视一句话定调：这不是互殴，是正当防卫,650,323,327,293528986496,293528986496,293548209072,1357987007,狂龙乱舞部落,1,0,1772029644,2026-02-25,2026-02-25 22:27:24,但是主审面临录像中这种情况时，是可以呼叫XX人士来帮助他的，可以玩死这个喝醉酒的，归根结底，地位不够啊。。哎
537,0,BV1dvfsBrEFJ,116129188025616,央视一句话定调：这不是互殴，是正当防卫,650,323,327,293527352512,0,293527352512,39034049,香客思蜀黍,20,1,1772020511,2026-02-25,2026-02-25 19:55:11,所以说还要是感谢昆山龙哥的付出[吃瓜]
538,0,BV1dvfsBrEFJ,116129188025616,央视一句话定调：这不是互殴，是正当防卫,650,323,327,291245357217,0,291245357217,1150946171,嘉禾兰淼,5,1,1772020273,2026-02-25,2026-02-25 19:51:13,这如果是自己碰暖气片上，连正当防卫都不算，明显的寻衅滋事 受害人
539,0,BV1dvfsBrEFJ,116129188025616,央视一句话定调：这不是互殴，是正当防卫,650,323,327,293526218496,0,293526218496,1420194727,好看超重要,5,2,1772020015,2026-02-25,2026-02-25 19:46:55,最烦的就是酒鬼了！早年在杭州帮人看店 就有醉鬼老闹事 我没忍住 还手了！结果特么他是本地人 叔叔让我赔他500 我忍不了这口气 在所里15个小时没签调解 他们又给我老板喊来了 我老板给了500（最后我发工资这500还是给了老板的）在没签字的情况下让我走了
540,0,BV1dvfsBrEFJ,116129188025616,央视一句话定调：这不是互殴，是正当防卫,650,323,327,293525649712,0,293525649712,484526721,西O瓜,6,5,1772019764,2026-02-25,2026-02-25 19:42:44,如果店主是男的，还能判正当防卫吗
541,1,BV1dvfsBrEFJ,116129188025616,央视一句话定调：这不是互殴，是正当防卫,650,323,327,293525649712,293525649712,293532247024,1609423728,被违规的J丶唉唉,4,0,1772022573,2026-02-25,2026-02-25 20:29:33,看身份[笑]
542,1,BV1dvfsBrEFJ,116129188025616,央视一句话定调：这不是互殴，是正当防卫,650,323,327,293525649712,293525649712,293566095808,456321441,珞珈终南客,3,0,1772038688,2026-02-26,2026-02-26 00:58:08,女的都上诉三次都被判互殴呢，还男的。这案子关键点也不在性别。
543,1,BV1dvfsBrEFJ,116129188025616,央视一句话定调：这不是互殴，是正当防卫,650,323,327,293525649712,293566095808,296881408096,1018208219,女拳只会拉黑跑路,0,0,1774630829,2026-03-28,2026-03-28 01:00:29,回复 @珞珈终南客 :说点你不知道的  唐山烧烤打人事件同一时间段又发生了一件更恶劣的女孩虐杀男婴的事件 后者却一点流量关注度都没有 而且杀人判的比打架都轻[吃瓜]
544,1,BV1dvfsBrEFJ,116129188025616,央视一句话定调：这不是互殴，是正当防卫,650,323,327,293525649712,293566095808,299394985968,1718716032,蹬就完了,0,0,1776552355,2026-04-19,2026-04-19 06:45:55,回复 @珞珈终南客 :不可能没有性别的考量  如果两人都是男的 绝对是互殴  两人的力量悬殊 怎么不值得考量呢
545,1,BV1dvfsBrEFJ,116129188025616,央视一句话定调：这不是互殴，是正当防卫,650,323,327,293525649712,299394985968,299573544096,456321441,珞珈终南客,0,0,1776674208,2026-04-20,2026-04-20 16:36:48,回复 @蹬就完了 :都是男的也不应该判互殴啊，之前的昆山反杀案不就把反击杀人的那男的无罪释放了。
546,0,BV1dvfsBrEFJ,116129188025616,央视一句话定调：这不是互殴，是正当防卫,650,323,327,291243750497,0,291243750497,1150946171,嘉禾兰淼,13,4,1772019531,2026-02-25,2026-02-25 19:38:51,如果不是装暖气片，那么该怎么判
547,1,BV1dvfsBrEFJ,116129188025616,央视一句话定调：这不是互殴，是正当防卫,650,323,327,291243750497,291243750497,293532649808,1609423728,被违规的J丶唉唉,9,0,1772022734,2026-02-25,2026-02-25 20:32:14,看双方身份背景[OK]
548,1,BV1dvfsBrEFJ,116129188025616,央视一句话定调：这不是互殴，是正当防卫,650,323,327,291243750497,291243750497,293538114160,609381311,bbjsa,0,0,1772025202,2026-02-25,2026-02-25 21:13:22,你不好好看视频，再看一遍！
549,1,BV1dvfsBrEFJ,116129188025616,央视一句话定调：这不是互殴，是正当防卫,650,323,327,291243750497,293538114160,293544666960,2495911,皮皮城里皮皮虾,0,0,1772028091,2026-02-25,2026-02-25 22:01:31,回复 @bbjsa : 暖气片的契机也只是认定是不是被侵害方动手伤的，如果有两处伤口一处在下颌骨，一处在额头，而且下颌骨的部位符合玻璃瓶划伤的伤痕呢？还是认定互殴？[笑哭]检察没有因为“反击”行为是不是属于正当防卫去入手调查，从而推翻还击是互殴的结论。而是通过伤痕是不是反击造成的。反击没有造成伤害，才敢去套正当防卫[笑哭]
550,1,BV1dvfsBrEFJ,116129188025616,央视一句话定调：这不是互殴，是正当防卫,650,323,327,291243750497,293544666960,291271667025,303513279,仁者花渡小迷弟,0,0,1772032206,2026-02-25,2026-02-25 23:10:06,"回复 @皮皮城里皮皮虾 : 视频说得很模糊，忘记多少分了，就是他们参考刑法的正当防卫，治安法里也有制止侵害的行为不算违法xxxx。。然后有个人不是说了大概得意思是 参考这个，他是怎么受伤的已经不重要了，意思就是就算是女的打伤的也算。
只是这个说法很模糊，因为如果真是这样，那还费劲翻暖气片那段干嘛，所以实际如果真是女的打伤的，结果还真不一定。。。因为采访那人说的时候是已经改判了。。。"
551,0,BV1dvfsBrEFJ,116129188025616,央视一句话定调：这不是互殴，是正当防卫,650,323,327,293524758800,0,293524758800,501618229,一块了腹肌,41,2,1772019353,2026-02-25,2026-02-25 19:35:53,最重要的是证据，这是有录像，在没有录像的情况下更难界定。
552,1,BV1dvfsBrEFJ,116129188025616,央视一句话定调：这不是互殴，是正当防卫,650,323,327,293524758800,293524758800,293532379136,1609423728,被违规的J丶唉唉,5,0,1772022693,2026-02-25,2026-02-25 20:31:33,法院不看录像证据[doge]
553,1,BV1dvfsBrEFJ,116129188025616,央视一句话定调：这不是互殴，是正当防卫,650,323,327,293524758800,293524758800,301498717536,477520232,第三股力量,0,0,1778041791,2026-05-06,2026-05-06 12:29:51,最重要的不是证据，是上央视[doge_金箍]
554,0,BV1dvfsBrEFJ,116129188025616,央视一句话定调：这不是互殴，是正当防卫,650,323,327,293524686896,0,293524686896,501618229,一块了腹肌,2,0,1772019353,2026-02-25,2026-02-25 19:35:53,最重要的是证据，这是有录像，在没有录像的情况下更难界定。
555,0,BV1dvfsBrEFJ,116129188025616,央视一句话定调：这不是互殴，是正当防卫,650,323,327,291242277025,0,291242277025,100178,夏日の阳光,430,29,1772018861,2026-02-25,2026-02-25 19:27:41,其实互殴个人认为是双方相互约架对打可以定性互殴，在街上突然被人打了再打回去完全可以是正当防卫。
556,1,BV1dvfsBrEFJ,116129188025616,央视一句话定调：这不是互殴，是正当防卫,650,323,327,291242277025,291242277025,291244772673,10706266,heyufit,213,0,1772019990,2026-02-25,2026-02-25 19:46:30,正常人都是这么认为的
557,1,BV1dvfsBrEFJ,116129188025616,央视一句话定调：这不是互殴，是正当防卫,650,323,327,291242277025,291244772673,293529434208,27731912,东方不湿,68,0,1772021386,2026-02-25,2026-02-25 20:09:46,回复 @heyufit : 法律这玩意一开始就是学习西方的，西方讲究上帝面前人人平等（实际只是宗教洗脑），但是我觉得当人开始作恶的那一刻开始，就不应该用平等的眼光去看一个人，要把对方看作低人一等的东西去看待，这样去判罚才更合理一点，而不是机械的套用法律条文看似公平最后各打50大板，和下稀泥就完事，普通人更是求告无门，但凡店家少点毅力中途放弃了，这案子也就这样了，幸好她碰上了个有点人性的法官，不是单纯套用法律公式的人
558,1,BV1dvfsBrEFJ,116129188025616,央视一句话定调：这不是互殴，是正当防卫,650,323,327,291242277025,291242277025,293531119088,416047133,明月小韵汐,17,0,1772022143,2026-02-25,2026-02-25 20:22:23,那要看是不是到了正规法院了[笑哭]
559,1,BV1dvfsBrEFJ,116129188025616,央视一句话定调：这不是互殴，是正当防卫,650,323,327,291242277025,293529434208,291250864273,518979078,洪荒行走九成八,8,0,1772022714,2026-02-25,2026-02-25 20:31:54,回复 @东方不湿 : 因为被打得是女的，你换个男的要是被打，那男的还手，那绝对就是各打五十大板。
560,1,BV1dvfsBrEFJ,116129188025616,央视一句话定调：这不是互殴，是正当防卫,650,323,327,291242277025,291244772673,293532862816,690548300,8-peace-love-8,10,0,1772022905,2026-02-25,2026-02-25 20:35:05,回复 @heyufit :其实矛盾的地方在于基层实际治理和我们朴素的正义观之间。我感觉公安处理一般就是只要看到一方有伤就会对造成方进行治安管理处罚。如果有人受伤公安不追究的话，上面查下来公安可能就有麻烦了，后面每次有冲突都有人受伤公安也挂不住面子。然后这个过程公安肯定是把材料“做”的比较好看的，视频中的女子也是因此接受了处罚。多天后你再去对比他额头的伤到底怎么造成的已经没有办法了。法院只看公安提交的材料来判，当事人提供不了新的证据肯定就只能维持原判。唯一的可能只有像视频中那样“挑骨头”打翻前面的证据才有可能翻案。这个过程耗费的精力和财力可能会比你接受处罚大的多。
561,1,BV1dvfsBrEFJ,116129188025616,央视一句话定调：这不是互殴，是正当防卫,650,323,327,291242277025,293531119088,293532942688,690548300,8-peace-love-8,1,0,1772022916,2026-02-25,2026-02-25 20:35:16,回复 @明月小韵汐 :其实矛盾的地方在于基层实际治理和我们朴素的正义观之间。我感觉公安处理一般就是只要看到一方有伤就会对造成方进行治安管理处罚。如果有人受伤公安不追究的话，上面查下来公安可能就有麻烦了，后面每次有冲突都有人受伤公安也挂不住面子。然后这个过程公安肯定是把材料“做”的比较好看的，视频中的女子也是因此接受了处罚。多天后你再去对比他额头的伤到底怎么造成的已经没有办法了。法院只看公安提交的材料来判，当事人提供不了新的证据肯定就只能维持原判。唯一的可能只有像视频中那样“挑骨头”打翻前面的证据才有可能翻案。这个过程耗费的精力和财力可能会比你接受处罚大的多。
562,1,BV1dvfsBrEFJ,116129188025616,央视一句话定调：这不是互殴，是正当防卫,650,323,327,291242277025,291244772673,293533044912,328957904,逝の时光,4,0,1772022933,2026-02-25,2026-02-25 20:35:33,回复 @heyufit : 不正常的就不会这么认为
563,1,BV1dvfsBrEFJ,116129188025616,央视一句话定调：这不是互殴，是正当防卫,650,323,327,291242277025,291242277025,291258102705,388560154,谁的左边,4,0,1772026030,2026-02-25,2026-02-25 21:27:10,但是警察希望的是有人打你时就跑，然后报警让警察来处理。
564,1,BV1dvfsBrEFJ,116129188025616,央视一句话定调：这不是互殴，是正当防卫,650,323,327,291242277025,291258102705,291260113105,1973885,水濑りょうこ,24,0,1772026935,2026-02-25,2026-02-25 21:42:15,回复 @谁的左边 : 格局小了 他希望你跑然后不报警
565,1,BV1dvfsBrEFJ,116129188025616,央视一句话定调：这不是互殴，是正当防卫,650,323,327,291242277025,291260113105,291261181873,388560154,谁的左边,2,0,1772027429,2026-02-25,2026-02-25 21:50:29,回复 @水濑りょうこ :这是我在医院住院，听隔壁床的两个警察聊天得来的结论。
566,1,BV1dvfsBrEFJ,116129188025616,央视一句话定调：这不是互殴，是正当防卫,650,323,327,291242277025,291258102705,293543966544,2495911,皮皮城里皮皮虾,1,0,1772027783,2026-02-25,2026-02-25 21:56:23,回复 @谁的左边 : 警察没想过：苏炳添追杀我的时候，觉得我跑得过？还是说指望一个没经过训练的女性能跑得过一个普通男性？[笑哭]
567,1,BV1dvfsBrEFJ,116129188025616,央视一句话定调：这不是互殴，是正当防卫,650,323,327,291242277025,291258102705,293545262368,23726023,制造杯剧,5,0,1772028426,2026-02-25,2026-02-25 22:07:06,回复 @谁的左边 : 甚至都不用打死，那些不还手被打伤，然后赔偿无处申告、对方名下无资产，然后自己因伤无法工作导致生活直接致贫的更惨，你不用和我要求举例，我也不要求你一定相信，事情就这么个情况，现在的反抗基本都是知道不反抗自己受害会更严重罢了
568,1,BV1dvfsBrEFJ,116129188025616,央视一句话定调：这不是互殴，是正当防卫,650,323,327,291242277025,291250864273,293545537328,27731912,东方不湿,4,0,1772028482,2026-02-25,2026-02-25 22:08:02,回复 @洪荒行走的碧油鸡 : 问题一开始不是也是各打50大板吗，这个是店家经过2，3年的努力换来的，说明这个其实跟男女没关系的，就是法律认为施暴者和受害者从人的角度出发是平等的，所以各打了50大板，而我的观点是施暴者应该从人格上首先要低人一等，再依据这个去判罚，我这个就是比较宏观点的说法
569,1,BV1dvfsBrEFJ,116129188025616,央视一句话定调：这不是互殴，是正当防卫,650,323,327,291242277025,291242277025,293546967328,1924037,一元生两仪,6,0,1772029092,2026-02-25,2026-02-25 22:18:12,正常人是这么想的。但是站在jc角度，判互殴有利于快速结案，以及两边都没法继续找事。如果你和对方都要进去，多数人会尽可能和解。反之，你要认定正当防卫，肯定要把你推给法院，走好几道程序，重新认定，没有天大冤屈，都是息事宁人。
570,1,BV1dvfsBrEFJ,116129188025616,央视一句话定调：这不是互殴，是正当防卫,650,323,327,291242277025,293529434208,293548476160,27245512,彼岸花的微笑丶為人知曉,0,0,1772029796,2026-02-25,2026-02-25 22:29:56,回复 @东方不湿 : 确实，不然武松和潘金莲就要划等号了
571,1,BV1dvfsBrEFJ,116129188025616,央视一句话定调：这不是互殴，是正当防卫,650,323,327,291242277025,291242277025,293548880272,378458943,jlqsh,0,0,1772029911,2026-02-25,2026-02-25 22:31:51,互殴应该是相互骂，推搡，然后打起来，本案纯粹是男的先骂人打人
572,1,BV1dvfsBrEFJ,116129188025616,央视一句话定调：这不是互殴，是正当防卫,650,323,327,291242277025,291242277025,291266822049,690254655,枫语忧伤,2,0,1772029952,2026-02-25,2026-02-25 22:32:32,因为正当防卫是不用负责的，而打架肯定有受伤需要就医严重的出现伤残都有处理麻烦不说还耗时间 ，互殴就不一样了处理起来快还简单
573,1,BV1dvfsBrEFJ,116129188025616,央视一句话定调：这不是互殴，是正当防卫,650,323,327,291242277025,291242277025,293551829808,416096129,qcwuyuexue,0,0,1772031317,2026-02-25,2026-02-25 22:55:17,其实我感觉互殴界定上因该是一些本可以避免的口角或者矛盾在不必要的时候升级后才能算互殴，如果遇到这种视频里面的摆明了是来寻衅滋事挑事找事的如果产生升级的话还是需要更多的考虑到防卫过当或者正当防卫
574,1,BV1dvfsBrEFJ,116129188025616,央视一句话定调：这不是互殴，是正当防卫,650,323,327,291242277025,291244772673,291270504961,1716750882,hmd136,0,0,1772031677,2026-02-25,2026-02-25 23:01:17,回复 @heyufit : 你这样说就是判案的不正常咯？
575,1,BV1dvfsBrEFJ,116129188025616,央视一句话定调：这不是互殴，是正当防卫,650,323,327,291242277025,291250864273,291277376945,22488153,乞力马扎罗之癫,0,0,1772035008,2026-02-25,2026-02-25 23:56:48,回复 @洪荒行走的碧油鸡 : [笑哭][笑哭][笑哭]  我感觉也是。。。  要是个男的，就说一个巴掌拍不响。#￥%%……&%&**&……*）&*（）&*（）
576,1,BV1dvfsBrEFJ,116129188025616,央视一句话定调：这不是互殴，是正当防卫,650,323,327,291242277025,291244772673,294614406641,3493110539618699,云柳韩,0,0,1774850645,2026-03-30,2026-03-30 14:04:05,回复 @heyufit :但是专家不正常[微笑]
577,1,BV1dvfsBrEFJ,116129188025616,央视一句话定调：这不是互殴，是正当防卫,650,323,327,291242277025,293529434208,294768732657,694048060,0o海o0,0,0,1774974204,2026-04-01,2026-04-01 00:23:24,回复 @东方不湿 :本来就是这样理解的，都是合法权益凭什么在法院法官要中立，法律的执行者面对践踏法律的违法者和遵守法律的受害者还要站在中立的角度那就是对受害者的最大不公。
578,1,BV1dvfsBrEFJ,116129188025616,央视一句话定调：这不是互殴，是正当防卫,650,323,327,291242277025,291258102705,294769302625,694048060,0o海o0,3,0,1774974620,2026-04-01,2026-04-01 00:30:20,回复 @谁的左边 :小偷偷了我的车报警了，车到现在还没找回来我的损失算谁的？你跑了警察一定能抓到对方？为什么现在见义勇为的案例越来越少？就是合法公民面对违法者的时候是平等的你抓他也好帮主受害者的时候弄伤了违法者你也违法了这样平等的情况下对待遵守法律的见义勇为者和受害者公平吗？
579,1,BV1dvfsBrEFJ,116129188025616,央视一句话定调：这不是互殴，是正当防卫,650,323,327,291242277025,291244772673,297347549552,243862109,我无语了--_--,0,0,1775007258,2026-04-01,2026-04-01 09:34:18,回复 @heyufit :那如果不正常呢？
580,1,BV1dvfsBrEFJ,116129188025616,央视一句话定调：这不是互殴，是正当防卫,650,323,327,291242277025,291242277025,295357957729,474717881,ibf8799,0,0,1775460771,2026-04-06,2026-04-06 15:32:51,正当防卫后面能否加个自卫反击？
581,1,BV1dvfsBrEFJ,116129188025616,央视一句话定调：这不是互殴，是正当防卫,650,323,327,291242277025,291242277025,296307022689,431033478,雪冷雨寒,0,0,1776253494,2026-04-15,2026-04-15 19:44:54,没那么简单。
582,1,BV1dvfsBrEFJ,116129188025616,央视一句话定调：这不是互殴，是正当防卫,650,323,327,291242277025,291242277025,299169415328,2070908046,繁星满天人寂寞,0,0,1776397331,2026-04-17,2026-04-17 11:42:11,荒唐
583,1,BV1dvfsBrEFJ,116129188025616,央视一句话定调：这不是互殴，是正当防卫,650,323,327,291242277025,291242277025,296692566241,250628913,结衣谢谢你的深海,0,0,1776570773,2026-04-19,2026-04-19 11:52:53,其实这个很难一刀切，比如说对方做了很多羞辱当事人的事情，故意逼当事人先动手，然后反击，造成更大的伤害
584,1,BV1dvfsBrEFJ,116129188025616,央视一句话定调：这不是互殴，是正当防卫,650,323,327,291242277025,291244772673,298073840273,1318211852,W与同行,0,0,1777661276,2026-05-02,2026-05-02 02:47:56,回复 @heyufit :但法官可不这样认为！
585,0,BV1dvfsBrEFJ,116129188025616,央视一句话定调：这不是互殴，是正当防卫,650,323,327,291241996801,0,291241996801,35342895,YDY4766,51,1,1772018804,2026-02-25,2026-02-25 19:26:44,检察院发现的，那公安都干嘛去了呀？
586,1,BV1dvfsBrEFJ,116129188025616,央视一句话定调：这不是互殴，是正当防卫,650,323,327,291241996801,291241996801,293534654272,81281748,爱吃豆沙的女娲沙波,2,0,1772023650,2026-02-25,2026-02-25 20:47:30,这是要抓典型了吧
587,0,BV1dvfsBrEFJ,116129188025616,央视一句话定调：这不是互殴，是正当防卫,650,323,327,291242107409,0,291242107409,114881994,hrvvf,1,0,1772018776,2026-02-25,2026-02-25 19:26:16,你什么时候动手都可以，想要停手那就是我说了算。
588,0,BV1dvfsBrEFJ,116129188025616,央视一句话定调：这不是互殴，是正当防卫,650,323,327,293522461536,0,293522461536,39040543,纯白白鸦,9,1,1772018432,2026-02-25,2026-02-25 19:20:32,男子醉酒，如果他不清醒抡起什么东西造成伤亡了再反击不就迟了，他已经威胁到女子生命了
589,0,BV1dvfsBrEFJ,116129188025616,央视一句话定调：这不是互殴，是正当防卫,650,323,327,293522391984,0,293522391984,3493141738948706,静等一段缘,3,0,1772018380,2026-02-25,2026-02-25 19:19:40,个人体积大是不是就代表强大？怎么定义
590,0,BV1dvfsBrEFJ,116129188025616,央视一句话定调：这不是互殴，是正当防卫,650,323,327,291241160961,0,291241160961,403059696,吕子乔的飞行棋,20,9,1772018367,2026-02-25,2026-02-25 19:19:27,随缘吧，无所谓，反正我遇到了有死无伤[doge]
591,1,BV1dvfsBrEFJ,116129188025616,央视一句话定调：这不是互殴，是正当防卫,650,323,327,291241160961,291241160961,291243985425,2063328571,小白免的大灰娘,3,0,1772019633,2026-02-25,2026-02-25 19:40:33,呃……这女的的情况就如同你遇到了泰森 有死无伤？[笑哭]
592,1,BV1dvfsBrEFJ,116129188025616,央视一句话定调：这不是互殴，是正当防卫,650,323,327,291241160961,291243985425,291244818017,403059696,吕子乔的飞行棋,0,0,1772019966,2026-02-25,2026-02-25 19:46:06,回复 @小白免的大灰娘 :你来试试就知道了
593,1,BV1dvfsBrEFJ,116129188025616,央视一句话定调：这不是互殴，是正当防卫,650,323,327,291241160961,291243985425,291247665457,415179260,大块烤菠萝,1,0,1772021259,2026-02-25,2026-02-25 20:07:39,回复 @小白免的大灰娘 : 你拿个刀子乱扎泰森也防不住
594,1,BV1dvfsBrEFJ,116129188025616,央视一句话定调：这不是互殴，是正当防卫,650,323,327,291241160961,291243985425,291248267537,442357994,hhbuuynuhbu,1,0,1772021499,2026-02-25,2026-02-25 20:11:39,回复 @小白免的大灰娘 : 泰森是钛合金做的吗？一把刀破不了防？人是很脆弱的相比其他动物而言，泰森来了看见刀子也得跑，随便划拉一下一小时不上医院就可以拜拜了
595,1,BV1dvfsBrEFJ,116129188025616,央视一句话定调：这不是互殴，是正当防卫,650,323,327,291241160961,291241160961,291257751681,27821158,夏七千です,0,0,1772025886,2026-02-25,2026-02-25 21:24:46,一样[doge]
596,1,BV1dvfsBrEFJ,116129188025616,央视一句话定调：这不是互殴，是正当防卫,650,323,327,291241160961,291243985425,293541601312,826011,第五人偶,1,0,1772026724,2026-02-25,2026-02-25 21:38:44,回复 @小白免的大灰娘 : 这个女的是在自己店里。后厨那把刀上去瞎捅就行了，完事说自己只是想吓唬吓唬他们。没想到他们冲上来，后来就不知道发生什么了。。死没死人随缘。。
597,1,BV1dvfsBrEFJ,116129188025616,央视一句话定调：这不是互殴，是正当防卫,650,323,327,291241160961,293541601312,291266473361,69235372,泠咕咕,1,0,1772029842,2026-02-25,2026-02-25 22:30:42,回复 @第五人偶 : 想太简单了，就这么清晰地都要逐帧分析每个动作，然后讨论几年开庭数次才有结果，你真把人嘎了只会查得更仔细
598,1,BV1dvfsBrEFJ,116129188025616,央视一句话定调：这不是互殴，是正当防卫,650,323,327,291241160961,291241160961,297989094688,22540634,瑞腾源,0,0,1775479168,2026-04-06,2026-04-06 20:39:28,没听说过你这号人，我也不信你长这么大没受过委屈
599,1,BV1dvfsBrEFJ,116129188025616,央视一句话定调：这不是互殴，是正当防卫,650,323,327,291241160961,291241160961,296885013025,2367398,小菜菜と顾之之,0,0,1776701207,2026-04-21,2026-04-21 00:06:47,正确的，刑事案件反而不会和稀泥
600,0,BV1dvfsBrEFJ,116129188025616,央视一句话定调：这不是互殴，是正当防卫,650,323,327,293522090432,0,293522090432,13341045,忍鬼魔女,35,6,1772018202,2026-02-25,2026-02-25 19:16:42,这点都分别不清？法考怎么过的？
601,0,BV1dvfsBrEFJ,116129188025616,央视一句话定调：这不是互殴，是正当防卫,650,323,327,291239969313,0,291239969313,274174598,沃丹尤弥尔,0,0,1772017888,2026-02-25,2026-02-25 19:11:28,旁边站着看的 也应该判刑啊
602,0,BV1dvfsBrEFJ,116129188025616,央视一句话定调：这不是互殴，是正当防卫,650,323,327,293521133584,0,293521133584,2025441502,颜色雨伞,5,1,1772017808,2026-02-25,2026-02-25 19:10:08,但愿这个范例能在全国推广
603,0,BV1dvfsBrEFJ,116129188025616,央视一句话定调：这不是互殴，是正当防卫,650,323,327,291239862801,0,291239862801,2024031674,12345678已存在,5,0,1772017797,2026-02-25,2026-02-25 19:09:57,别造谣，我国没有正当防卫这种违法犯罪行为
604,0,BV1dvfsBrEFJ,116129188025616,央视一句话定调：这不是互殴，是正当防卫,650,323,327,293520649712,0,293520649712,1743811,张思薇,22,1,1772017609,2026-02-25,2026-02-25 19:06:49,个人认为，只要是寻衅滋事在先，并造成被打人被伤害了，只要人不防卫成重伤或是死亡就是正当防守，咱们国家虽然轻伤判很重，但不把这样的人防卫的还不了手，万一他真丧心病狂呢？到时被打的人造成不好挽回的后果你就算法律再判他死刑有啥用？
605,0,BV1dvfsBrEFJ,116129188025616,央视一句话定调：这不是互殴，是正当防卫,650,323,327,293518828256,0,293518828256,1035789323,lyghpz,0,0,1772016891,2026-02-25,2026-02-25 18:54:51,酒瓶飞出去了，酒瓶也没坏，没有任何尖角划破，怎么开始就能认定是酒瓶砸的呢
606,0,BV1dvfsBrEFJ,116129188025616,央视一句话定调：这不是互殴，是正当防卫,650,323,327,291236508785,0,291236508785,13713655,噼哩吧啦迪达拉不,1,1,1772016420,2026-02-25,2026-02-25 18:47:00,没看视频，想问一句，如果不像视频说的那样，央视会负责吗？
607,0,BV1dvfsBrEFJ,116129188025616,央视一句话定调：这不是互殴，是正当防卫,650,323,327,291230847041,0,291230847041,268665250,犀利的无语哥,16,1,1772013976,2026-02-25,2026-02-25 18:06:16,错判的部分怎么办
608,1,BV1dvfsBrEFJ,116129188025616,央视一句话定调：这不是互殴，是正当防卫,650,323,327,291230847041,291230847041,291250131457,20065960,游戏码潮,0,0,1772022352,2026-02-25,2026-02-25 20:25:52,怎么办？找个律师问咯~大部分人都不学法律的，谁懂啊~
609,0,BV1dvfsBrEFJ,116129188025616,央视一句话定调：这不是互殴，是正当防卫,650,323,327,291226311905,0,291226311905,3546379561470695,马上就老了,1,0,1772011691,2026-02-25,2026-02-25 17:28:11,呸
610,0,BV1dvfsBrEFJ,116129188025616,央视一句话定调：这不是互殴，是正当防卫,650,323,327,291226357377,0,291226357377,2003581192,莫格力建外S,4,0,1772011658,2026-02-25,2026-02-25 17:27:38,划痕？轻微伤？？？？
611,0,BV1dvfsBrEFJ,116129188025616,央视一句话定调：这不是互殴，是正当防卫,650,323,327,293506942576,0,293506942576,96441104,八级大风卍,3,0,1772011594,2026-02-25,2026-02-25 17:26:34,多难呀！
612,0,BV1dvfsBrEFJ,116129188025616,央视一句话定调：这不是互殴，是正当防卫,650,323,327,293505646336,0,293505646336,40441300,翻山越岭遇大雪旱道行,10,4,1772010922,2026-02-25,2026-02-25 17:15:22,这要是厨师老公拿刀出来砍死了行凶者是伤害罪？杀人罪？防卫过当？正当防卫？见义勇为？
613,1,BV1dvfsBrEFJ,116129188025616,央视一句话定调：这不是互殴，是正当防卫,650,323,327,293505646336,293505646336,291226822465,471363198,Free1204,1,0,1772011878,2026-02-25,2026-02-25 17:31:18,这个情况见义勇为不成立。
614,1,BV1dvfsBrEFJ,116129188025616,央视一句话定调：这不是互殴，是正当防卫,650,323,327,293505646336,293505646336,291258829473,27821158,夏七千です,0,0,1772026345,2026-02-25,2026-02-25 21:32:25,按视频情况就得认定为故意伤害罪
615,1,BV1dvfsBrEFJ,116129188025616,央视一句话定调：这不是互殴，是正当防卫,650,323,327,293505646336,293505646336,294773704465,694048060,0o海o0,0,0,1774978312,2026-04-01,2026-04-01 01:31:52,见义勇为就是和违法者作斗争，你说是什么？合法公民都能和不法分子做斗争，这样法律才能震慑不法分子。
616,1,BV1dvfsBrEFJ,116129188025616,央视一句话定调：这不是互殴，是正当防卫,650,323,327,293505646336,293505646336,296885954401,2367398,小菜菜と顾之之,0,0,1776701782,2026-04-21,2026-04-21 00:16:22,难说，但肯定不是互殴了，最好的情况是辱母案那样算正当防卫，最坏的情况就是判个20年或者无期
617,0,BV1dvfsBrEFJ,116129188025616,央视一句话定调：这不是互殴，是正当防卫,650,323,327,293504988496,0,293504988496,1390588107,DINO113,4,1,1772010553,2026-02-25,2026-02-25 17:09:13,支持治安管理条例增加正当防卫条款
618,0,BV1dvfsBrEFJ,116129188025616,央视一句话定调：这不是互殴，是正当防卫,650,323,327,291222527489,0,291222527489,35793287,LEEBIU,4,1,1772009657,2026-02-25,2026-02-25 16:54:17,笑死了！
619,0,BV1dvfsBrEFJ,116129188025616,央视一句话定调：这不是互殴，是正当防卫,650,323,327,293503027728,0,293503027728,1264242054,荣郎_,1,0,1772009560,2026-02-25,2026-02-25 16:52:40,[支持][支持][支持][支持][支持]
620,0,BV1dvfsBrEFJ,116129188025616,央视一句话定调：这不是互殴，是正当防卫,650,323,327,293501607392,0,293501607392,1477991805,碧海峰,4,1,1772008751,2026-02-25,2026-02-25 16:39:11,酒蒙子  真坑人
621,0,BV1dvfsBrEFJ,116129188025616,央视一句话定调：这不是互殴，是正当防卫,650,323,327,293500534736,0,293500534736,3493117422471802,达摩院a,25,1,1772008191,2026-02-25,2026-02-25 16:29:51,关键是对方不就违法了么？寻衅滋事罪不需要判么？
622,0,BV1dvfsBrEFJ,116129188025616,央视一句话定调：这不是互殴，是正当防卫,650,323,327,291216691393,0,291216691393,1765424971,听听巴,27,2,1772006300,2026-02-25,2026-02-25 15:58:20,难道用酒瓶打伤，就不是正当防卫吗？
623,1,BV1dvfsBrEFJ,116129188025616,央视一句话定调：这不是互殴，是正当防卫,650,323,327,291216691393,291216691393,297679150624,20156317,不敢想象有多舒服,3,0,1775269066,2026-04-04,2026-04-04 10:17:46,他们就是这个逻辑，你打伤别人就是互殴，打不伤就是正当防卫
624,1,BV1dvfsBrEFJ,116129188025616,央视一句话定调：这不是互殴，是正当防卫,650,323,327,291216691393,297679150624,298673204864,536710,四星帮帮主,0,0,1775998539,2026-04-12,2026-04-12 20:55:39,回复 @不敢想象有多舒服 :人人都是武林高手筋肉爆破拳？
625,0,BV1dvfsBrEFJ,116129188025616,央视一句话定调：这不是互殴，是正当防卫,650,323,327,293494759152,0,293494759152,18487030,kaizalin,126,14,1772004915,2026-02-25,2026-02-25 15:35:15,所以为什么现在才分清互殴和正当防卫？！这些年像张女士这样吃哑巴亏的人有多少？！
626,1,BV1dvfsBrEFJ,116129188025616,央视一句话定调：这不是互殴，是正当防卫,650,323,327,293494759152,293494759152,293507068880,3546599995214043,三年级上册英语考10分,7,0,1772011614,2026-02-25,2026-02-25 17:26:54,换成男男，，还真不一定是正当防卫
627,1,BV1dvfsBrEFJ,116129188025616,央视一句话定调：这不是互殴，是正当防卫,650,323,327,293494759152,293507068880,291227077201,110024569,叫不了名,6,0,1772012020,2026-02-25,2026-02-25 17:33:40,回复 @三年级上册英语考10分 :对头，一方是女的起到的作用才是最大的。
628,1,BV1dvfsBrEFJ,116129188025616,央视一句话定调：这不是互殴，是正当防卫,650,323,327,293494759152,293494759152,291229953409,15595767,长不大的蝌蚪,12,0,1772013546,2026-02-25,2026-02-25 17:59:06,过了这么多年，上了电视，才判正当防卫。可以料见，想定性正当防卫有多难。
629,1,BV1dvfsBrEFJ,116129188025616,央视一句话定调：这不是互殴，是正当防卫,650,323,327,293494759152,293494759152,293515359408,287970735,御坂13123,10,0,1772015510,2026-02-25,2026-02-25 18:31:50,中国立法以来才判了多少宗正当防卫啊[笑哭]千万别信 挨打了要么还手要么跑
630,1,BV1dvfsBrEFJ,116129188025616,央视一句话定调：这不是互殴，是正当防卫,650,323,327,293494759152,293507068880,293517888464,55602,独沽月,4,0,1772016506,2026-02-25,2026-02-25 18:48:26,回复 @三年级上册英语考10分 : 这种就换成男男也该是正当防卫，如果不被认定为正当防卫，那就是需要进步的地方。我认为这就是正当防卫。
631,1,BV1dvfsBrEFJ,116129188025616,央视一句话定调：这不是互殴，是正当防卫,650,323,327,293494759152,293494759152,293522216768,13341045,忍鬼魔女,0,0,1772018330,2026-02-25,2026-02-25 19:18:50,除了龙哥案含金量[doge]
632,1,BV1dvfsBrEFJ,116129188025616,央视一句话定调：这不是互殴，是正当防卫,650,323,327,293494759152,293494759152,293522732624,1556210,王下No.13,5,0,1772018506,2026-02-25,2026-02-25 19:21:46,"你养猪的时候看猪打架你是一猪一棍子还是搞清楚事情原委？
你俩儿子看到他们打起来了你是一人一棍子还是搞清楚事情原委？
你怎么对待问题也能反映出你怎么看待引发问题的对象。"
633,1,BV1dvfsBrEFJ,116129188025616,央视一句话定调：这不是互殴，是正当防卫,650,323,327,293494759152,293494759152,293522746208,37681564,淡糖盐水SS,0,0,1772018523,2026-02-25,2026-02-25 19:22:03,那可太多了
634,1,BV1dvfsBrEFJ,116129188025616,央视一句话定调：这不是互殴，是正当防卫,650,323,327,293494759152,293517888464,293530522672,93748428,拾弎州府__,1,0,1772021836,2026-02-25,2026-02-25 20:17:16,回复 @独沽月 :这绝对是正当防卫，但还差得远[笑哭]
635,1,BV1dvfsBrEFJ,116129188025616,央视一句话定调：这不是互殴，是正当防卫,650,323,327,293494759152,293515359408,294653438161,1285081,大晴天风狗,0,0,1774877609,2026-03-30,2026-03-30 21:33:29,回复 @御坂13123 :陈鹤皋教你怎么正当防卫
636,1,BV1dvfsBrEFJ,116129188025616,央视一句话定调：这不是互殴，是正当防卫,650,323,327,293494759152,293522732624,297379257120,1790415,这里的逗逗,0,0,1775029052,2026-04-01,2026-04-01 15:37:32,回复 @王下No.13 :有道理，我们本是社畜，而我们的主人也是如我们一般的人
637,1,BV1dvfsBrEFJ,116129188025616,央视一句话定调：这不是互殴，是正当防卫,650,323,327,293494759152,293517888464,298801272528,379890,天下第一菜,0,0,1776092139,2026-04-13,2026-04-13 22:55:39,回复 @独沽月 :你认为是你认为。[笑哭]
638,1,BV1dvfsBrEFJ,116129188025616,央视一句话定调：这不是互殴，是正当防卫,650,323,327,293494759152,293522732624,296275879009,388681192,Real_WG,0,0,1776231485,2026-04-15,2026-04-15 13:38:05,回复 @王下No.13 :头一次看到这个观点，居然觉得很有道理[星星眼]
639,1,BV1dvfsBrEFJ,116129188025616,央视一句话定调：这不是互殴，是正当防卫,650,323,327,293494759152,291229953409,298985934240,320819733,和包子的未来2,1,0,1776245608,2026-04-15,2026-04-15 17:33:28,回复 @长不大的蝌蚪 :好几年的视频了，以前就刷到过
640,0,BV1dvfsBrEFJ,116129188025616,央视一句话定调：这不是互殴，是正当防卫,650,323,327,293494312448,0,293494312448,678923749,黑麦威士忌寒心,10,2,1772004702,2026-02-25,2026-02-25 15:31:42,嗯，别人打你嘛就先让他打个半死再考虑要不要还击，不然就是互殴，不然对方受了伤还要找他受伤的原因到底是不是你造成的
641,0,BV1dvfsBrEFJ,116129188025616,央视一句话定调：这不是互殴，是正当防卫,650,323,327,291213019201,0,291213019201,1678417080,小牛6201,23,3,1772004128,2026-02-25,2026-02-25 15:22:08,靠暖氣片？悲催哦！
642,1,BV1dvfsBrEFJ,116129188025616,央视一句话定调：这不是互殴，是正当防卫,650,323,327,291213019201,291213019201,291227169873,306398661,cat-de,1,0,1772012154,2026-02-25,2026-02-25 17:35:54,看了一半吧？后面还那么多没耐心看完吗
643,1,BV1dvfsBrEFJ,116129188025616,央视一句话定调：这不是互殴，是正当防卫,650,323,327,291213019201,291213019201,291248688929,24317185,唐林612,1,0,1772021671,2026-02-25,2026-02-25 20:14:31,网上带节奏是这样的，都不用看完，抓住符合预设立场想要攻击的点，就启动了[吃瓜]
644,1,BV1dvfsBrEFJ,116129188025616,央视一句话定调：这不是互殴，是正当防卫,650,323,327,291213019201,291213019201,293538152592,609381311,bbjsa,0,0,1772025255,2026-02-25,2026-02-25 21:14:15,看完视频再哔哔！
645,0,BV1dvfsBrEFJ,116129188025616,央视一句话定调：这不是互殴，是正当防卫,650,323,327,291212718161,0,291212718161,6045398,pyang92,75,1,1772003949,2026-02-25,2026-02-25 15:19:09,龙哥用生命示范了什么叫正当防卫，有些人还在装聋作哑
646,1,BV1dvfsBrEFJ,116129188025616,央视一句话定调：这不是互殴，是正当防卫,650,323,327,291212718161,291212718161,298831057248,471546916,S羙玅啲漩嵂,1,0,1776126275,2026-04-14,2026-04-14 08:24:35,视频里这个案子本质上还是由细节决定了是不是正当防卫，而不是从正义角度来认定正当防卫，如果没有有效证明是暖气片造成的，那就又是一个冤案
647,0,BV1dvfsBrEFJ,116129188025616,央视一句话定调：这不是互殴，是正当防卫,650,323,327,293492682224,0,293492682224,1682346836,bili_28471105800,26,1,1772003742,2026-02-25,2026-02-25 15:15:42,这是有视频如果没有视频还能改判吗
648,0,BV1dvfsBrEFJ,116129188025616,央视一句话定调：这不是互殴，是正当防卫,650,323,327,293490156800,0,293490156800,107779323,画画的提莫,4,0,1772002401,2026-02-25,2026-02-25 14:53:21,羡慕互殴
649,0,BV1dvfsBrEFJ,116129188025616,央视一句话定调：这不是互殴，是正当防卫,650,323,327,291206932641,0,291206932641,379533690,已见未来为何不拜,0,0,1772000523,2026-02-25,2026-02-25 14:22:03,哎[大哭]
650,0,BV1dvfsBrEFJ,116129188025616,央视一句话定调：这不是互殴，是正当防卫,650,323,327,293486236672,0,293486236672,450995916,星爷舅无二妻,0,0,1772000176,2026-02-25,2026-02-25 14:16:16,哎！
