index,bvid,cid,title,video_seconds,video_time,send_date,send_datetime,send_timestamp,mode,size,color,pool,user_hash,danmaku_id,text
1,BV1dvfsBrEFJ,36270509724,央视一句话定调：这不是互殴，是正当防卫,0.539,00:00.539,2026-02-25,2026-02-25 21:10:33,1772025033,1,25,16777215,0,f0603271,2054653919203939584,你说是就是，不是也是
2,BV1dvfsBrEFJ,36270509724,央视一句话定调：这不是互殴，是正当防卫,0.760,00:00.760,2026-04-14,2026-04-14 04:35:24,1776112524,1,25,16777215,0,a96c8e4a,2088942275282976768,是条狗都知道惹事的人就是不对的，
3,BV1dvfsBrEFJ,36270509724,央视一句话定调：这不是互殴，是正当防卫,0.867,00:00.867,2026-04-06,2026-04-06 02:17:59,1775413079,1,25,9487136,0,a4f13eb0,2083074909009202688,你家的两条狗打架，你是在乎它俩谁对谁错，还是一狗一脚别闹腾了
4,BV1dvfsBrEFJ,36270509724,央视一句话定调：这不是互殴，是正当防卫,0.912,00:00.912,2026-02-25,2026-02-25 23:19:26,1772032766,1,25,16777215,0,afb07b2d,2054718783276994816,那家少爷又喝醉了？
5,BV1dvfsBrEFJ,36270509724,央视一句话定调：这不是互殴，是正当防卫,6.295,00:06.295,2026-03-28,2026-03-28 20:13:42,1774700022,1,25,38979,0,b306e363,2077093349043167232,社会我龙哥，
6,BV1dvfsBrEFJ,36270509724,央视一句话定调：这不是互殴，是正当防卫,6.300,00:06.300,2026-02-25,2026-02-25 21:55:23,1772027723,1,25,16777215,0,39647d1a,2054676483376841472,被打一定要还手  法律赋予的自卫权利
7,BV1dvfsBrEFJ,36270509724,央视一句话定调：这不是互殴，是正当防卫,8.468,00:08.468,2026-04-21,2026-04-21 00:54:28,1776704068,1,25,16777215,0,3f4f64a7,2093904505846060800,律师可能懂 片警可能不懂
8,BV1dvfsBrEFJ,36270509724,央视一句话定调：这不是互殴，是正当防卫,9.890,00:09.890,2026-04-12,2026-04-12 19:05:36,1775991936,5,25,16777215,0,b2420bc3,2087930707849863936,啥？吃瓜吃到自己家？
9,BV1dvfsBrEFJ,36270509724,央视一句话定调：这不是互殴，是正当防卫,10.921,00:10.921,2026-02-25,2026-02-25 23:54:09,1772034849,1,25,16777215,0,d543f107,2054736257174822656,哦？是吗？哈哈哈哈哈哈哈哈哈哈哈哈哈哈哈哈哈哈哈
10,BV1dvfsBrEFJ,36270509724,央视一句话定调：这不是互殴，是正当防卫,11.551,00:11.551,2026-03-30,2026-03-30 18:46:48,1774867608,1,25,16777215,0,2b36b2c9,2078499164568491520,法官会问你，你为什么要还手
11,BV1dvfsBrEFJ,36270509724,央视一句话定调：这不是互殴，是正当防卫,13.822,00:13.822,2026-04-07,2026-04-07 10:34:16,1775529256,1,25,16777215,0,473ef88,2084049466969350912,看到有多难了吧？
12,BV1dvfsBrEFJ,36270509724,央视一句话定调：这不是互殴，是正当防卫,14.385,00:14.385,2026-02-25,2026-02-25 23:21:08,1772032868,1,25,16777215,0,6c7dc80e,2054719639393088000,遥遥领先
13,BV1dvfsBrEFJ,36270509724,央视一句话定调：这不是互殴，是正当防卫,14.753,00:14.753,2026-02-25,2026-02-25 22:13:07,1772028787,1,25,16777215,0,b2d1a2a4,2054685409317497600,司法界有战略间谍
14,BV1dvfsBrEFJ,36270509724,央视一句话定调：这不是互殴，是正当防卫,16.138,00:16.138,2026-02-25,2026-02-25 21:25:14,1772025914,1,25,16777215,0,224212f9,2054661303217306368,好客山东
15,BV1dvfsBrEFJ,36270509724,央视一句话定调：这不是互殴，是正当防卫,16.532,00:16.532,2026-04-13,2026-04-13 08:59:17,1776041957,1,25,15138834,0,8cd28f0,2088350319133431296,别人打你，怎么就你忍不住呢？
16,BV1dvfsBrEFJ,36270509724,央视一句话定调：这不是互殴，是正当防卫,20.168,00:20.168,2026-02-25,2026-02-25 20:03:45,1772021025,1,25,16707842,0,a0705a72,2054620291951019520,这么费劲
17,BV1dvfsBrEFJ,36270509724,央视一句话定调：这不是互殴，是正当防卫,20.410,00:20.410,2026-04-07,2026-04-07 01:03:06,1775494986,1,25,16777215,0,f52671ef,2083761988374966784,为什么打你，就这一句你自证吧
18,BV1dvfsBrEFJ,36270509724,央视一句话定调：这不是互殴，是正当防卫,21.460,00:21.460,2026-02-25,2026-02-25 17:17:50,1772011070,1,25,16777215,0,77f653f1,2054536782905201152,真不容易
19,BV1dvfsBrEFJ,36270509724,央视一句话定调：这不是互殴，是正当防卫,21.830,00:21.830,2026-02-25,2026-02-25 22:08:07,1772028487,1,25,16777215,0,d157ef5d,2054682887961480960,听着都觉得久
20,BV1dvfsBrEFJ,36270509724,央视一句话定调：这不是互殴，是正当防卫,22.226,00:22.226,2026-02-25,2026-02-25 22:06:50,1772028410,1,25,16777215,0,1407ece8,2054682247340037376,淄博？
21,BV1dvfsBrEFJ,36270509724,央视一句话定调：这不是互殴，是正当防卫,22.400,00:22.400,2026-04-03,2026-04-03 20:40:45,1775220045,1,25,16777215,0,c74ccddd,2081455616538675456,所以，还是难
22,BV1dvfsBrEFJ,36270509724,央视一句话定调：这不是互殴，是正当防卫,22.481,00:22.481,2026-04-01,2026-04-01 08:38:03,1775003883,1,25,16777215,0,b55405e0,2079642324119403776,听的我头晕，只要别人不动我，我还是喜欢友好一点，别的不懂
23,BV1dvfsBrEFJ,36270509724,央视一句话定调：这不是互殴，是正当防卫,22.531,00:22.531,2026-02-25,2026-02-25 19:05:54,1772017554,1,25,16777215,0,631a2c6,2054591174689271808,改判 责任呢？
24,BV1dvfsBrEFJ,36270509724,央视一句话定调：这不是互殴，是正当防卫,23.026,00:23.026,2026-02-25,2026-02-25 17:15:49,1772010949,1,25,16777215,0,e5aa01a7,2054535770550949120,好几年前的老案子了！很气人！
25,BV1dvfsBrEFJ,36270509724,央视一句话定调：这不是互殴，是正当防卫,23.270,00:23.270,2026-02-25,2026-02-25 21:29:49,1772026189,1,25,16777215,0,ded8d345,2054663614597895168,能改判真是奇迹了
26,BV1dvfsBrEFJ,36270509724,央视一句话定调：这不是互殴，是正当防卫,23.511,00:23.511,2026-02-25,2026-02-25 23:48:06,1772034486,1,25,16777215,0,f068dbab,2054733215624941568,666
27,BV1dvfsBrEFJ,36270509724,央视一句话定调：这不是互殴，是正当防卫,23.531,00:23.531,2026-02-25,2026-02-25 20:31:53,1772022713,1,25,16777215,0,27610574,2054634453674368768,你为什么还手
28,BV1dvfsBrEFJ,36270509724,央视一句话定调：这不是互殴，是正当防卫,24.047,00:24.047,2026-03-31,2026-03-31 10:22:14,1774923734,1,25,16777215,0,7368ca52,2078969983932975616,听着都麻烦
29,BV1dvfsBrEFJ,36270509724,央视一句话定调：这不是互殴，是正当防卫,24.766,00:24.766,2026-02-25,2026-02-25 21:56:51,1772027811,5,25,16776960,0,e9418afb,2054677218546357760,不还手还是最安全的选项，没有之一。
30,BV1dvfsBrEFJ,36270509724,央视一句话定调：这不是互殴，是正当防卫,25.073,00:25.073,2026-02-25,2026-02-25 23:41:55,1772034115,1,25,16777215,0,c255f7b1,2054730097864677120,这么麻烦吗
31,BV1dvfsBrEFJ,36270509724,央视一句话定调：这不是互殴，是正当防卫,25.285,00:25.285,2026-02-25,2026-02-25 23:11:53,1772032313,1,25,16777215,0,9a3a275,2054714985762396928,太费劲了
32,BV1dvfsBrEFJ,36270509724,央视一句话定调：这不是互殴，是正当防卫,25.300,00:25.300,2026-04-17,2026-04-17 22:03:14,1776434594,1,25,16777215,0,76183602,2091643992793604096,如果需要再审改判才能区别正当法为和互殴，那门槛未免太高了
33,BV1dvfsBrEFJ,36270509724,央视一句话定调：这不是互殴，是正当防卫,25.800,00:25.800,2026-03-27,2026-03-27 15:52:28,1774597948,1,25,16777215,0,3c0a3558,2076237091746318080,打官司请找正规法院
34,BV1dvfsBrEFJ,36270509724,央视一句话定调：这不是互殴，是正当防卫,25.809,00:25.809,2026-02-25,2026-02-25 21:10:34,1772025034,1,25,16777215,0,941c587b,2054653926972351232,真他妈费劲
35,BV1dvfsBrEFJ,36270509724,央视一句话定调：这不是互殴，是正当防卫,25.830,00:25.830,2026-03-31,2026-03-31 21:37:13,1774964233,1,25,16777215,0,b95d3c97,2079309710796583168,浪费了多少时间精力啊！！！！
36,BV1dvfsBrEFJ,36270509724,央视一句话定调：这不是互殴，是正当防卫,25.918,00:25.918,2026-04-11,2026-04-11 00:47:14,1775839634,1,25,16777215,0,194e0a65,2086653106854715136,服了
37,BV1dvfsBrEFJ,36270509724,央视一句话定调：这不是互殴，是正当防卫,28.003,00:28.003,2026-02-25,2026-02-25 17:34:33,1772012073,1,25,16777215,0,82656268,2054545195169293312,如何认定？首先你嘚有监控
38,BV1dvfsBrEFJ,36270509724,央视一句话定调：这不是互殴，是正当防卫,28.648,00:28.648,2026-02-25,2026-02-25 23:22:15,1772032935,1,25,16777215,0,1abdab9,2054720202470010624,我想知道为啥这么费劲
39,BV1dvfsBrEFJ,36270509724,央视一句话定调：这不是互殴，是正当防卫,29.205,00:29.205,2026-02-25,2026-02-25 23:28:19,1772033299,1,25,16777215,0,9a9c8927,2054723256803779072,我去真费劲
40,BV1dvfsBrEFJ,36270509724,央视一句话定调：这不是互殴，是正当防卫,29.769,00:29.769,2026-05-09,2026-05-09 15:51:34,1778313094,1,25,16777215,0,cd7f41e,2107401993315626496,被打就可以还手
41,BV1dvfsBrEFJ,36270509724,央视一句话定调：这不是互殴，是正当防卫,30.163,00:30.163,2026-02-25,2026-02-25 20:12:49,1772021569,1,25,16777215,0,2ec21522,2054624859598225408,谁判的案？
42,BV1dvfsBrEFJ,36270509724,央视一句话定调：这不是互殴，是正当防卫,31.812,00:31.812,2026-02-26,2026-02-26 00:36:03,1772037363,1,25,16777215,0,1f7a75e6,2054757349658841600,最好在出警的时候就整明白喽，而不是多年的上诉
43,BV1dvfsBrEFJ,36270509724,央视一句话定调：这不是互殴，是正当防卫,34.312,00:34.312,2026-02-25,2026-02-25 21:30:21,1772026221,1,25,16777215,0,69ec584a,2054663882638891008,拿酒瓶想敲男子
44,BV1dvfsBrEFJ,36270509724,央视一句话定调：这不是互殴，是正当防卫,34.489,00:34.489,2026-02-25,2026-02-25 19:43:05,1772019785,1,25,16777215,0,584c3122,2054609889019415808,如果店主是男的，还能判正当防卫吗
45,BV1dvfsBrEFJ,36270509724,央视一句话定调：这不是互殴，是正当防卫,34.835,00:34.835,2026-03-29,2026-03-29 22:09:11,1774793351,1,25,16777215,0,fbf929e1,2077876249825000448,这不明显男的打女的
46,BV1dvfsBrEFJ,36270509724,央视一句话定调：这不是互殴，是正当防卫,34.999,00:34.999,2026-02-26,2026-02-26 00:28:57,1772036937,1,25,16777215,0,4b44f7a1,2054753776178546944,男的先动手打人的
47,BV1dvfsBrEFJ,36270509724,央视一句话定调：这不是互殴，是正当防卫,36.568,00:36.568,2026-02-25,2026-02-25 23:42:31,1772034151,1,25,16777215,0,323c34f6,2054730398781220352,虽然是防卫，但是感觉有种鼓励还手的意思？？难道不是应该司法去解决？？
48,BV1dvfsBrEFJ,36270509724,央视一句话定调：这不是互殴，是正当防卫,37.560,00:37.560,2026-02-25,2026-02-25 17:19:38,1772011178,1,25,16777215,0,76411240,2054537693303826176,施害人无限加害，被害人不能动小手指
49,BV1dvfsBrEFJ,36270509724,央视一句话定调：这不是互殴，是正当防卫,39.096,00:39.096,2026-04-09,2026-04-09 08:29:38,1775694578,1,25,16707842,0,768ad25,2085436288454672384,弹幕真伟大，没挨过打吧，对方要是拿刀捅你的时候请你也不要还手，躺地上挨捅然后等警察
50,BV1dvfsBrEFJ,36270509724,央视一句话定调：这不是互殴，是正当防卫,39.368,00:39.368,2026-05-03,2026-05-03 01:54:50,1777744490,1,25,16777215,0,67e8c2b8,2102632201908224768,应该还手的，这男的都主动上手打了，只要被打了一下就可以还手了
51,BV1dvfsBrEFJ,36270509724,央视一句话定调：这不是互殴，是正当防卫,39.388,00:39.388,2026-02-25,2026-02-25 22:16:36,1772028996,1,25,16777215,0,e7ff57c1,2054687157662542592,看视频是互殴吧
52,BV1dvfsBrEFJ,36270509724,央视一句话定调：这不是互殴，是正当防卫,41.854,00:41.854,2026-02-25,2026-02-25 21:56:55,1772027815,1,25,52480,0,766631b3,2054677253258142464,这要对方不是个女的 绝对不会改判
53,BV1dvfsBrEFJ,36270509724,央视一句话定调：这不是互殴，是正当防卫,42.898,00:42.898,2026-02-25,2026-02-25 23:31:08,1772033468,1,25,16777215,0,6693680b,2054724675509982464,眼瞎 这还手明显是为了制止正在进行的伤害 
54,BV1dvfsBrEFJ,36270509724,央视一句话定调：这不是互殴，是正当防卫,43.209,00:43.209,2026-04-23,2026-04-23 17:16:26,1776935786,1,25,16777215,0,c298886,2095848296844850944,开始挨了几下没还手，被打急眼了还的手
55,BV1dvfsBrEFJ,36270509724,央视一句话定调：这不是互殴，是正当防卫,43.945,00:43.945,2026-03-26,2026-03-26 20:58:18,1774529898,1,25,15138834,0,aad28cae,2075666247056098816,前面等司法的 我希望你在被人打进医院起不来的时候说这句话
56,BV1dvfsBrEFJ,36270509724,央视一句话定调：这不是互殴，是正当防卫,44.154,00:44.154,2026-04-14,2026-04-14 23:29:38,1776180578,1,25,16777215,0,cb5fc6d0,2089513151237946880,阳刚之气外泄有害社会
57,BV1dvfsBrEFJ,36270509724,央视一句话定调：这不是互殴，是正当防卫,45.311,00:45.311,2026-02-25,2026-02-25 23:28:47,1772033327,1,25,16777215,0,641dcf5e,2054723489504060928,这哪叫互殴，那人先打了老板娘一嘴巴又把她压倒酒桌下边，这叫互殴吗？眼瞎呀！
58,BV1dvfsBrEFJ,36270509724,央视一句话定调：这不是互殴，是正当防卫,45.545,00:45.545,2026-04-03,2026-04-03 11:16:44,1775186204,1,25,16777215,0,f2d35e67,2081171736707711232,这种情况也能叫互殴吗？？这不就是一边倒的殴打吗
59,BV1dvfsBrEFJ,36270509724,央视一句话定调：这不是互殴，是正当防卫,45.829,00:45.829,2026-04-13,2026-04-13 17:01:05,1776070865,5,25,16777215,0,213dbc0,2088592816879040512,这竟然有弹幕觉得是互殴？我只能说还好你们没去从事法律相关行业
60,BV1dvfsBrEFJ,36270509724,央视一句话定调：这不是互殴，是正当防卫,45.865,00:45.865,2026-02-25,2026-02-25 21:26:26,1772025986,1,25,16777215,0,92f04ef3,2054661908245903872,暂时看不出主角
61,BV1dvfsBrEFJ,36270509724,央视一句话定调：这不是互殴，是正当防卫,46.740,00:46.740,2026-04-14,2026-04-14 23:23:50,1776180230,1,25,16777215,0,e920698c,2089510236724834560,你管这叫互殴？
62,BV1dvfsBrEFJ,36270509724,央视一句话定调：这不是互殴，是正当防卫,46.760,00:46.760,2026-04-14,2026-04-14 17:37:54,1776159474,1,25,16777215,0,32abd434,2089336124044300032,其实还手是正常的，本能反应
63,BV1dvfsBrEFJ,36270509724,央视一句话定调：这不是互殴，是正当防卫,46.762,00:46.762,2026-03-30,2026-03-30 20:00:39,1774872039,1,25,16777215,0,95b0741,2078536334330690304,这好像是前年的新闻
64,BV1dvfsBrEFJ,36270509724,央视一句话定调：这不是互殴，是正当防卫,46.847,00:46.847,2026-04-06,2026-04-06 14:29:35,1775456975,1,25,16777215,0,f736540f,2083443127343340544,弹幕上的理智人们是没遇到过流氓性气的动物人吧
65,BV1dvfsBrEFJ,36270509724,央视一句话定调：这不是互殴，是正当防卫,46.858,00:46.858,2026-04-22,2026-04-22 01:11:10,1776791470,1,25,16777215,0,df8860d6,2094637687885284352,这是互殴？？？眼瞎了？？？
66,BV1dvfsBrEFJ,36270509724,央视一句话定调：这不是互殴，是正当防卫,47.196,00:47.196,2026-04-02,2026-04-02 14:08:07,1775110087,1,25,16777215,0,3e02f7a0,2080533222458307840,不是鼓励还手，突发事件鼓励的是你先维护自身安全，司法不可能在事发的时候立刻介入呀
67,BV1dvfsBrEFJ,36270509724,央视一句话定调：这不是互殴，是正当防卫,47.562,00:47.562,2026-03-29,2026-03-29 16:00:15,1774771215,1,25,16777215,0,a415b610,2077690557509126400,不还手有的时候你就等不到司法介入
68,BV1dvfsBrEFJ,36270509724,央视一句话定调：这不是互殴，是正当防卫,47.695,00:47.695,2026-02-25,2026-02-25 22:24:37,1772029477,1,25,16777215,0,5f87c4f6,2054691195309433600,这还互殴？
69,BV1dvfsBrEFJ,36270509724,央视一句话定调：这不是互殴，是正当防卫,48.446,00:48.446,2026-02-25,2026-02-25 23:16:55,1772032615,1,25,16777215,0,208e7833,2054717515783528960,男的先动手，你给我说互殴？
70,BV1dvfsBrEFJ,36270509724,央视一句话定调：这不是互殴，是正当防卫,48.934,00:48.934,2026-02-25,2026-02-25 23:25:54,1772033154,1,25,16777215,0,30946e08,2054722038241024512,真想让社会安定，一句话，谁先动手谁全责，哪怕是被反杀搞死了，那也是他自不量力
71,BV1dvfsBrEFJ,36270509724,央视一句话定调：这不是互殴，是正当防卫,49.037,00:49.037,2026-04-14,2026-04-14 08:48:38,1776127718,1,25,16777215,0,bbb1dab8,2089069734217363200,明显是那男的先动的手，女的正当防卫
72,BV1dvfsBrEFJ,36270509724,央视一句话定调：这不是互殴，是正当防卫,49.040,00:49.040,2026-04-03,2026-04-03 02:53:43,1775156023,1,25,15138835,0,7649e21,2080918563350441472,前面搞笑白字 希望你下次被人打的时候有机会报警。
73,BV1dvfsBrEFJ,36270509724,央视一句话定调：这不是互殴，是正当防卫,49.042,00:49.042,2026-04-08,2026-04-08 23:19:30,1775661570,1,25,16777215,0,c2d12824,2085159398958809856,应该支持不退让原则，双方动嘴，总比一方动手后有机会逃脱制裁要好。
74,BV1dvfsBrEFJ,36270509724,央视一句话定调：这不是互殴，是正当防卫,49.320,00:49.320,2026-02-25,2026-02-25 22:22:20,1772029340,1,25,16777215,0,53c25bca,2054690041565096960,男的先出手
75,BV1dvfsBrEFJ,36270509724,央视一句话定调：这不是互殴，是正当防卫,49.929,00:49.929,2026-03-29,2026-03-29 23:24:00,1774797840,1,25,16777215,0,c25ce538,2077913907267519488,谁先动手谁责任大，这是应该鼓励的选择
76,BV1dvfsBrEFJ,36270509724,央视一句话定调：这不是互殴，是正当防卫,50.967,00:50.967,2026-04-13,2026-04-13 12:26:41,1776054401,1,25,16777215,0,679ceac0,2088454706107488256,你为什么要还手？
77,BV1dvfsBrEFJ,36270509724,央视一句话定调：这不是互殴，是正当防卫,51.478,00:51.478,2026-04-07,2026-04-07 08:57:22,1775523442,1,25,16777215,0,f377d008,2084000698966294272,大女人还挺狠
78,BV1dvfsBrEFJ,36270509724,央视一句话定调：这不是互殴，是正当防卫,51.558,00:51.558,2026-04-13,2026-04-13 22:26:58,1776090418,1,25,16777215,0,81a12058,2088756835229684992,已经推到并且常识压制，已经属于防卫阶段了
79,BV1dvfsBrEFJ,36270509724,央视一句话定调：这不是互殴，是正当防卫,51.603,00:51.603,2026-03-31,2026-03-31 17:41:03,1774950063,1,25,16777215,0,6f41d684,2079190843457683712,追究法官的法律责任，渎职罪
80,BV1dvfsBrEFJ,36270509724,央视一句话定调：这不是互殴，是正当防卫,51.858,00:51.858,2026-04-02,2026-04-02 22:05:22,1775138722,1,25,16777215,0,7ae5aa27,2080773433410681856,今年是26年
81,BV1dvfsBrEFJ,36270509724,央视一句话定调：这不是互殴，是正当防卫,52.243,00:52.243,2026-02-25,2026-02-25 17:53:49,1772013229,1,25,16777215,0,df12a1b4,2054554894321094912,女的打官司都这么费劲，男的几本就算互殴
82,BV1dvfsBrEFJ,36270509724,央视一句话定调：这不是互殴，是正当防卫,52.282,00:52.282,2026-02-25,2026-02-25 21:59:41,1772027981,1,25,16777215,0,a834e811,2054678644349566208,东百口音这一块
83,BV1dvfsBrEFJ,36270509724,央视一句话定调：这不是互殴，是正当防卫,52.749,00:52.749,2026-05-03,2026-05-03 01:59:19,1777744759,1,25,16777215,0,67e8c2b8,2102634457772695296,这还是有录像，事情的发生过程都明明白白能看得清清楚楚的，还这么难断案吗？2020年的事情，今年才审完吗？
84,BV1dvfsBrEFJ,36270509724,央视一句话定调：这不是互殴，是正当防卫,53.388,00:53.388,2026-02-25,2026-02-25 23:27:34,1772033254,1,25,16777215,0,ee4714ac,2054722876078445568,这是互殴吗
85,BV1dvfsBrEFJ,36270509724,央视一句话定调：这不是互殴，是正当防卫,54.130,00:54.130,2026-03-31,2026-03-31 05:13:04,1774905184,1,25,16777215,0,142245ec,2078814373979951616,鼓励还手才能制止动手
86,BV1dvfsBrEFJ,36270509724,央视一句话定调：这不是互殴，是正当防卫,54.675,00:54.675,2026-04-11,2026-04-11 00:48:02,1775839682,1,25,16777215,0,194e0a65,2086653511051489024,草，这还需要改判
87,BV1dvfsBrEFJ,36270509724,央视一句话定调：这不是互殴，是正当防卫,54.920,00:54.920,2026-02-25,2026-02-25 20:50:33,1772023833,1,25,16777215,0,34b90bf3,2054643850031046400,这特么是互殴？？？
88,BV1dvfsBrEFJ,36270509724,央视一句话定调：这不是互殴，是正当防卫,54.928,00:54.928,2026-02-25,2026-02-25 17:26:23,1772011583,1,25,16777215,0,ff707140,2054541086085113088,还有这么狂的人吗？欠打
89,BV1dvfsBrEFJ,36270509724,央视一句话定调：这不是互殴，是正当防卫,55.417,00:55.417,2026-02-25,2026-02-25 18:51:40,1772016700,5,25,16646914,0,8c1090f2,2054584009182310912,2020年
90,BV1dvfsBrEFJ,36270509724,央视一句话定调：这不是互殴，是正当防卫,56.580,00:56.580,2026-04-13,2026-04-13 19:03:53,1776078233,1,25,16777215,0,c41d51f5,2088654624243992832,你管这叫互殴？
91,BV1dvfsBrEFJ,36270509724,央视一句话定调：这不是互殴，是正当防卫,58.048,00:58.048,2026-04-07,2026-04-07 21:47:57,1775569677,1,25,16777215,0,dc319d73,2084388545132852992,最讨厌酒蒙子，喝点马尿就不知道自己是谁了
92,BV1dvfsBrEFJ,36270509724,央视一句话定调：这不是互殴，是正当防卫,58.250,00:58.250,2026-02-25,2026-02-25 21:25:09,1772025909,1,25,16777215,0,ec1c32b3,2054661261014847232,就这还要这么难。
93,BV1dvfsBrEFJ,36270509724,央视一句话定调：这不是互殴，是正当防卫,61.290,01:01.290,2026-02-25,2026-02-25 23:47:47,1772034467,1,25,16777215,0,eb787cdf,2054733050428108288,这是爱
94,BV1dvfsBrEFJ,36270509724,央视一句话定调：这不是互殴，是正当防卫,61.432,01:01.432,2026-02-25,2026-02-25 22:13:22,1772028802,1,25,16777215,0,d40a30c,2054685535423377664,2020年，哈哈哈哈哈
95,BV1dvfsBrEFJ,36270509724,央视一句话定调：这不是互殴，是正当防卫,63.239,01:03.239,2026-05-03,2026-05-03 23:42:34,1777822954,1,25,15138834,0,489aaf59,2103290404949918976,只希望性别互换也这么认定。男女平等啊
96,BV1dvfsBrEFJ,36270509724,央视一句话定调：这不是互殴，是正当防卫,63.512,01:03.512,2026-02-25,2026-02-25 22:07:09,1772028429,1,25,16777215,0,8088925d,2054682399568760320,经典醉酒
97,BV1dvfsBrEFJ,36270509724,央视一句话定调：这不是互殴，是正当防卫,64.565,01:04.565,2026-02-25,2026-02-25 20:14:31,1772021671,1,25,16777215,0,579df13f,2054625715320197120,6年多了
98,BV1dvfsBrEFJ,36270509724,央视一句话定调：这不是互殴，是正当防卫,66.001,01:06.001,2026-03-30,2026-03-30 20:21:11,1774873271,1,25,16777215,0,2e36aad,2078546671276717056,有监控还好说，没监控你说个毛
99,BV1dvfsBrEFJ,36270509724,央视一句话定调：这不是互殴，是正当防卫,66.151,01:06.151,2026-04-19,2026-04-19 11:48:57,1776570537,1,25,16777215,0,652bdc8c,2092784366748783616,就视频看，毫无疑问的正当防卫
100,BV1dvfsBrEFJ,36270509724,央视一句话定调：这不是互殴，是正当防卫,66.728,01:06.728,2026-03-31,2026-03-31 22:46:13,1774968373,1,25,16777215,0,ecd42116,2079344444288695296,旁边的几个男的就不能拉一下那个打女人的王八蛋？
101,BV1dvfsBrEFJ,36270509724,央视一句话定调：这不是互殴，是正当防卫,67.894,01:07.894,2026-02-25,2026-02-25 23:48:54,1772034534,1,25,16777215,0,9649d166,2054733612456469248,女的啊？那不看了 我性别不对
102,BV1dvfsBrEFJ,36270509724,央视一句话定调：这不是互殴，是正当防卫,67.945,01:07.945,2026-05-04,2026-05-04 12:01:20,1777867280,1,25,16777215,0,bff8f094,2103662238187114496,练柔术太正确了
103,BV1dvfsBrEFJ,36270509724,央视一句话定调：这不是互殴，是正当防卫,68.923,01:08.923,2026-04-25,2026-04-25 13:13:07,1777093987,1,25,16777215,0,31ae3a6d,2097175386852321536,牛劲
104,BV1dvfsBrEFJ,36270509724,央视一句话定调：这不是互殴，是正当防卫,71.145,01:11.145,2026-04-03,2026-04-03 11:17:33,1775186253,1,25,16777215,0,f2d35e67,2081172147287884800,以后打架，醉酒方全责
105,BV1dvfsBrEFJ,36270509724,央视一句话定调：这不是互殴，是正当防卫,74.340,01:14.340,2026-04-15,2026-04-15 15:43:46,1776239026,1,25,16777215,0,7ae8f469,2090003451164561408,看了个视频这也不能是互殴，踏马的你打我我还手就是互殴了？？？
106,BV1dvfsBrEFJ,36270509724,央视一句话定调：这不是互殴，是正当防卫,77.557,01:17.557,2026-02-25,2026-02-25 23:01:10,1772031670,1,25,16777215,0,afb07b2d,2054709587634385920,好客山东
107,BV1dvfsBrEFJ,36270509724,央视一句话定调：这不是互殴，是正当防卫,78.648,01:18.648,2026-03-30,2026-03-30 11:01:43,1774839703,1,25,16777215,0,cf044a9a,2078265081686595072,不是淄博口音
108,BV1dvfsBrEFJ,36270509724,央视一句话定调：这不是互殴，是正当防卫,79.020,01:19.020,2026-03-30,2026-03-30 08:43:03,1774831383,1,25,16777215,0,4ad0fd3e,2078195282545327616,这种动手打女人的，如果人家老公看见了上去把他打成猪头都合理，法律应该尊重大众意愿制定而不是强加不合理条件
109,BV1dvfsBrEFJ,36270509724,央视一句话定调：这不是互殴，是正当防卫,79.888,01:19.888,2026-04-02,2026-04-02 21:15:32,1775135732,1,25,16777215,0,129f0a3,2080748350181531136,定性为互殴，法官收益发大，就等双方提前找他。
110,BV1dvfsBrEFJ,36270509724,央视一句话定调：这不是互殴，是正当防卫,82.659,01:22.659,2026-04-07,2026-04-07 09:13:19,1775524399,1,25,16777215,0,30041b69,2084008723273355520,挨打成这样才正当防卫？
111,BV1dvfsBrEFJ,36270509724,央视一句话定调：这不是互殴，是正当防卫,87.020,01:27.020,2026-02-25,2026-02-25 22:00:32,1772028032,1,25,16777215,0,de5769d8,2054679074240113408,这几个男的过分了，真的是下死手啊
112,BV1dvfsBrEFJ,36270509724,央视一句话定调：这不是互殴，是正当防卫,94.827,01:34.827,2026-02-25,2026-02-25 23:52:14,1772034734,1,25,16777215,0,f38b0383,2054735292988647168,压缩板，并不贵，，但是桌子确实损坏了。
113,BV1dvfsBrEFJ,36270509724,央视一句话定调：这不是互殴，是正当防卫,98.103,01:38.103,2026-02-25,2026-02-25 23:22:14,1772032934,1,25,16777215,0,58d7d6c0,2054720191681724160,不伤害对方情况下制止对方无伤害能力才叫正当防卫
114,BV1dvfsBrEFJ,36270509724,央视一句话定调：这不是互殴，是正当防卫,100.991,01:40.991,2026-02-25,2026-02-25 23:33:03,1772033583,1,25,16777215,0,4de08c85,2054725637700600576,不伤害对方？这和不碰到对方将其制止有什么区别？当所有人都是念力大师啊？
115,BV1dvfsBrEFJ,36270509724,央视一句话定调：这不是互殴，是正当防卫,101.039,01:41.039,2026-02-26,2026-02-26 00:30:39,1772037039,1,25,16777215,0,4b44f7a1,2054754628436173312,跟桌子贵不贵有什么关系，别人的财产他擅自破坏了。
116,BV1dvfsBrEFJ,36270509724,央视一句话定调：这不是互殴，是正当防卫,101.424,01:41.424,2026-02-25,2026-02-25 23:47:57,1772034477,1,25,16777215,0,323c34f6,2054733138491868160,动手方准备持续施加伤害，被害方被逼无奈还手制止被伤害才叫正当防卫。。
117,BV1dvfsBrEFJ,36270509724,央视一句话定调：这不是互殴，是正当防卫,106.256,01:46.256,2026-02-25,2026-02-25 23:48:51,1772034531,1,25,16777215,0,323c34f6,2054733591057513728,这种不解释清楚及其容易导致，只要先动手，另一方可以随便打先动手的。。
118,BV1dvfsBrEFJ,36270509724,央视一句话定调：这不是互殴，是正当防卫,107.772,01:47.772,2026-03-31,2026-03-31 08:32:00,1774917120,1,25,16707842,0,64b3ffe8,2078914495992392448,本来就是被逼的啊，男的先动手继而把女的摁着打
119,BV1dvfsBrEFJ,36270509724,央视一句话定调：这不是互殴，是正当防卫,110.966,01:50.966,2026-03-29,2026-03-29 10:43:11,1774752191,1,25,16777215,0,27f02808,2077530972471720448,评论真有意思，不贵就可以随便弄坏？
120,BV1dvfsBrEFJ,36270509724,央视一句话定调：这不是互殴，是正当防卫,111.044,01:51.044,2026-02-26,2026-02-26 01:04:52,1772039092,1,25,16777215,0,1b5af92d,2054771852236646144,这里店家完全没问题阿，就问你在家里是不是也用桌子开？
121,BV1dvfsBrEFJ,36270509724,央视一句话定调：这不是互殴，是正当防卫,112.371,01:52.371,2026-02-25,2026-02-25 23:48:17,1772034497,1,25,16777215,0,9dcfe97b,2054733304636930816,我个人认为以暴制暴才算正当防卫，他在侵害我的财产我用口头规劝，如果使用武力，那我也升级防护手段，使用武力保护我的身体和财产，这才应该叫正当防卫
122,BV1dvfsBrEFJ,36270509724,央视一句话定调：这不是互殴，是正当防卫,116.302,01:56.302,2026-03-31,2026-03-31 03:01:48,1774897308,1,25,16707842,0,7a6dfc15,2078748305294581760,这完全没问题啊，磕坏桌角，这桌子可能会刮到手
123,BV1dvfsBrEFJ,36270509724,央视一句话定调：这不是互殴，是正当防卫,118.075,01:58.075,2026-03-31,2026-03-31 20:55:19,1774961719,1,25,16777215,0,28d215a9,2079288623991584512,他在家用桌子开，并不等于在外面也行
124,BV1dvfsBrEFJ,36270509724,央视一句话定调：这不是互殴，是正当防卫,118.660,01:58.660,2026-05-01,2026-05-01 07:18:38,1777591118,1,25,16777215,0,4dd5e32b,2101345618533556224,我就问一句，如果对方是小日子，还会判互殴吗？
125,BV1dvfsBrEFJ,36270509724,央视一句话定调：这不是互殴，是正当防卫,120.045,02:00.045,2026-03-26,2026-03-26 18:49:04,1774522144,1,25,16777215,0,efd7ec2a,2075601202888633088,一口东北话这男的
126,BV1dvfsBrEFJ,36270509724,央视一句话定调：这不是互殴，是正当防卫,120.351,02:00.351,2026-02-25,2026-02-25 20:46:08,1772023568,1,25,16777215,0,6270eb2c,2054641625413778944,这婆娘一点眼色没有，干不了这个买卖
127,BV1dvfsBrEFJ,36270509724,央视一句话定调：这不是互殴，是正当防卫,121.523,02:01.523,2026-02-25,2026-02-25 23:25:02,1772033102,1,25,16777215,0,5eca386c,2054721600523404800,都醉酒了还算互殴？肯定算正当防卫啊
128,BV1dvfsBrEFJ,36270509724,央视一句话定调：这不是互殴，是正当防卫,121.537,02:01.537,2026-02-25,2026-02-25 20:25:37,1772022337,1,25,16777215,0,f677e390,2054631303281850880,论监控的重要性
129,BV1dvfsBrEFJ,36270509724,央视一句话定调：这不是互殴，是正当防卫,121.812,02:01.812,2026-04-14,2026-04-14 23:31:20,1776180680,1,25,16777215,0,cb5fc6d0,2089514008897719296,天生理智先生
130,BV1dvfsBrEFJ,36270509724,央视一句话定调：这不是互殴，是正当防卫,122.685,02:02.685,2026-04-01,2026-04-01 11:52:32,1775015552,1,25,16777215,0,ec2df1b0,2079740210753372928,老板还是不够了解这个社会，对方都醉酒了，应该尽量减少跟他说话
131,BV1dvfsBrEFJ,36270509724,央视一句话定调：这不是互殴，是正当防卫,123.079,02:03.079,2026-02-26,2026-02-26 00:31:14,1772037074,1,25,16777215,0,4b44f7a1,2054754919780687104,酗酒无德
132,BV1dvfsBrEFJ,36270509724,央视一句话定调：这不是互殴，是正当防卫,124.105,02:04.105,2026-03-31,2026-03-31 02:27:35,1774895255,1,25,16777215,0,bca5dd87,2078731081653647872,怎么说呢，要是我这点事我肯定不说，多算点钱不得了
133,BV1dvfsBrEFJ,36270509724,央视一句话定调：这不是互殴，是正当防卫,124.761,02:04.761,2026-03-29,2026-03-29 16:02:44,1774771364,1,25,16777215,0,a415b610,2077691809877971200,应该是只要你先动手我哪怕把你打死也是正当防卫，这样主动挑衅才会少
134,BV1dvfsBrEFJ,36270509724,央视一句话定调：这不是互殴，是正当防卫,125.436,02:05.436,2026-04-09,2026-04-09 12:44:44,1775709884,1,25,16777215,0,b66fa38b,2085564685192963072,哪怕桌子只要1块钱，也不是你破坏的理由
135,BV1dvfsBrEFJ,36270509724,央视一句话定调：这不是互殴，是正当防卫,127.109,02:07.109,2026-04-02,2026-04-02 18:09:23,1775124563,1,25,16777215,0,25da8c66,2080654654580422912,监控当然重要，只要不是“坏了硬盘没存”
136,BV1dvfsBrEFJ,36270509724,央视一句话定调：这不是互殴，是正当防卫,127.891,02:07.891,2026-03-30,2026-03-30 14:06:27,1774850787,1,25,16777215,0,9b9d20b6,2078358061412261888,喝点马尿不知道姓甚名谁了这是。这有啥可争辩的。赔钱吧。
137,BV1dvfsBrEFJ,36270509724,央视一句话定调：这不是互殴，是正当防卫,128.535,02:08.535,2026-04-09,2026-04-09 12:31:25,1775709085,1,25,16777215,0,33efad39,2085557980967401984,范德彪？
138,BV1dvfsBrEFJ,36270509724,央视一句话定调：这不是互殴，是正当防卫,129.086,02:09.086,2026-02-25,2026-02-25 19:13:00,1772017980,1,25,16777215,0,a779cd5f,2054594750333594112,这种渣渣
139,BV1dvfsBrEFJ,36270509724,央视一句话定调：这不是互殴，是正当防卫,131.520,02:11.520,2026-04-06,2026-04-06 12:02:19,1775448139,1,25,16777215,0,29d842c2,2083369009520441088,这种一看就是烂人，不喝酒也是烂
140,BV1dvfsBrEFJ,36270509724,央视一句话定调：这不是互殴，是正当防卫,132.399,02:12.399,2026-02-26,2026-02-26 00:31:45,1772037105,1,25,16777215,0,4b44f7a1,2054755183191365888,这男的欠揍，也就敢跟女的耍酒疯。
141,BV1dvfsBrEFJ,36270509724,央视一句话定调：这不是互殴，是正当防卫,132.840,02:12.840,2026-04-19,2026-04-19 08:06:51,1776557211,1,25,16777215,0,f4fc64d,2092672577381905152,一个神经病，没酒量就别喝
142,BV1dvfsBrEFJ,36270509724,央视一句话定调：这不是互殴，是正当防卫,133.242,02:13.242,2026-04-01,2026-04-01 13:26:02,1775021162,1,25,16777215,0,1ce78ade,2079787267261888512,厚颜无耻之徒
143,BV1dvfsBrEFJ,36270509724,央视一句话定调：这不是互殴，是正当防卫,133.821,02:13.821,2026-04-19,2026-04-19 18:43:42,1776595422,1,25,16777215,0,1641dc77,2092993117233134592,东北人就没必要看了，也没必要同情了
144,BV1dvfsBrEFJ,36270509724,央视一句话定调：这不是互殴，是正当防卫,134.339,02:14.339,2026-04-09,2026-04-09 16:57:48,1775725068,1,25,16777215,0,274db702,2085692059629181440,喝多了喜欢闹的一般没啥出息
145,BV1dvfsBrEFJ,36270509724,央视一句话定调：这不是互殴，是正当防卫,134.339,02:14.339,2026-04-09,2026-04-09 16:58:01,1775725081,1,25,16777215,0,274db702,2085692167355623168,喝多了喜欢闹的一般没啥出息
146,BV1dvfsBrEFJ,36270509724,央视一句话定调：这不是互殴，是正当防卫,134.713,02:14.713,2026-03-26,2026-03-26 21:21:28,1774531288,1,25,16777215,0,70745ea1,2075677906508147200,这种就是人渣，平时太压抑了，喝点酒就找事
147,BV1dvfsBrEFJ,36270509724,央视一句话定调：这不是互殴，是正当防卫,134.765,02:14.765,2026-04-10,2026-04-10 15:23:57,1775805837,1,25,16777215,0,fcbc356,2086369596306556416,酒品见人品，这种人离远点
148,BV1dvfsBrEFJ,36270509724,央视一句话定调：这不是互殴，是正当防卫,134.776,02:14.776,2026-03-30,2026-03-30 08:14:25,1774829665,1,25,16777215,0,3e445a16,2078180875715011072,少喝点酒吧
149,BV1dvfsBrEFJ,36270509724,央视一句话定调：这不是互殴，是正当防卫,134.876,02:14.876,2026-03-31,2026-03-31 14:31:45,1774938705,1,25,16777215,0,581be9eb,2079095563408313856,这类人 一身毛病
150,BV1dvfsBrEFJ,36270509724,央视一句话定调：这不是互殴，是正当防卫,135.027,02:15.027,2026-02-25,2026-02-25 23:46:41,1772034401,1,25,16777215,0,7390842c,2054732501989238528,灌点猫尿不知道自己姓啥了，这种人就应该每次醉酒后拘留一个月，直到戒酒为止。
151,BV1dvfsBrEFJ,36270509724,央视一句话定调：这不是互殴，是正当防卫,136.261,02:16.261,2026-04-01,2026-04-01 15:24:52,1775028292,1,25,16777215,0,d234023c,2079847076200089344,喝了几杯马尿发什么神经
152,BV1dvfsBrEFJ,36270509724,央视一句话定调：这不是互殴，是正当防卫,136.747,02:16.747,2026-04-07,2026-04-07 08:58:50,1775523530,1,25,16777215,0,f377d008,2084001435091483136,对
153,BV1dvfsBrEFJ,36270509724,央视一句话定调：这不是互殴，是正当防卫,137.999,02:17.999,2026-02-25,2026-02-25 23:19:25,1772032765,1,25,16777215,0,511a3a90,2054718776155015680,这酒瓶子摔得怎么没把自己脚脖子动脉崩开啊
154,BV1dvfsBrEFJ,36270509724,央视一句话定调：这不是互殴，是正当防卫,138.151,02:18.151,2026-04-17,2026-04-17 19:08:13,1776424093,1,25,16777215,0,98db5419,2091555907812692736,给开瓶器都不用的沙雕，你还指望磕坏了再赔？？
155,BV1dvfsBrEFJ,36270509724,央视一句话定调：这不是互殴，是正当防卫,141.098,02:21.098,2026-02-25,2026-02-25 19:08:00,1772017680,1,25,16777215,0,81c3bc24,2054592236645287424,马尿喝多了
156,BV1dvfsBrEFJ,36270509724,央视一句话定调：这不是互殴，是正当防卫,141.645,02:21.645,2026-03-26,2026-03-26 19:16:05,1774523765,1,25,16777215,0,16f2bbca,2075614802298525952,借酒醉发酒疯的男人最没品
157,BV1dvfsBrEFJ,36270509724,央视一句话定调：这不是互殴，是正当防卫,141.694,02:21.694,2026-04-22,2026-04-22 01:14:31,1776791671,1,25,16777215,0,df8860d6,2094639374356098560,这么说吧，硬盘不会坏，唯一能损失数据的就是高温火烧。。
158,BV1dvfsBrEFJ,36270509724,央视一句话定调：这不是互殴，是正当防卫,142.092,02:22.092,2026-02-25,2026-02-25 21:55:09,1772027709,1,25,16777215,0,38e3b9e6,2054676366649196032,就是耍酒疯呗
159,BV1dvfsBrEFJ,36270509724,央视一句话定调：这不是互殴，是正当防卫,145.764,02:25.764,2026-02-25,2026-02-25 22:41:36,1772030496,1,25,16777215,0,97b97f84,2054699742343994112,这也能是互殴吗?
160,BV1dvfsBrEFJ,36270509724,央视一句话定调：这不是互殴，是正当防卫,146.217,02:26.217,2026-02-25,2026-02-25 21:28:19,1772026099,1,25,16777215,0,92f04ef3,2054662854103121408,哪里有互殴啊？
161,BV1dvfsBrEFJ,36270509724,央视一句话定调：这不是互殴，是正当防卫,147.847,02:27.847,2026-02-25,2026-02-25 23:00:13,1772031613,1,25,16777215,0,d0734527,2054709115808956928,就这酒品还出来喝酒?
162,BV1dvfsBrEFJ,36270509724,央视一句话定调：这不是互殴，是正当防卫,149.970,02:29.970,2026-04-14,2026-04-14 23:39:46,1776181186,1,25,16777215,0,be54091a,2089518251913921280,面对这种流氓不能太老实太讲理，哪怕是互殴，也不能让他嚣张跋扈
163,BV1dvfsBrEFJ,36270509724,央视一句话定调：这不是互殴，是正当防卫,151.240,02:31.240,2026-04-17,2026-04-17 13:25:43,1776403543,1,25,16777215,0,e6b6d201,2091383522060269312,这怎么会是互殴，破坏私有财产，辱骂，动手都是他在先
164,BV1dvfsBrEFJ,36270509724,央视一句话定调：这不是互殴，是正当防卫,151.842,02:31.842,2026-03-31,2026-03-31 18:03:06,1774951386,1,25,16777215,0,a13980ca,2079201944664697600,正当防卫
165,BV1dvfsBrEFJ,36270509724,央视一句话定调：这不是互殴，是正当防卫,152.199,02:32.199,2026-02-26,2026-02-26 00:32:42,1772037162,1,25,16777215,0,4b44f7a1,2054755663707430400,明显是这男的主动故意殴打老板娘，耍酒疯。
166,BV1dvfsBrEFJ,36270509724,央视一句话定调：这不是互殴，是正当防卫,153.068,02:33.068,2026-04-29,2026-04-29 18:18:21,1777457901,1,25,16777215,0,92a63e53,2100228118316443648,说互殴的那是智力有问题
167,BV1dvfsBrEFJ,36270509724,央视一句话定调：这不是互殴，是正当防卫,153.945,02:33.945,2026-04-25,2026-04-25 23:51:59,1777132319,1,25,16777215,0,f425dc44,2097496937087147008,醉酒不是理由
168,BV1dvfsBrEFJ,36270509724,央视一句话定调：这不是互殴，是正当防卫,154.813,02:34.813,2026-04-19,2026-04-19 21:56:19,1776606979,1,25,16777215,0,f19a5935,2093090059955479552,哪来的互殴，辱骂挑衅动手都是男方开始的
169,BV1dvfsBrEFJ,36270509724,央视一句话定调：这不是互殴，是正当防卫,154.925,02:34.925,2026-03-31,2026-03-31 17:33:48,1774949628,1,25,16777215,0,b63521d5,2079187195822681856,这 明显的醉酒滋事嘛，哪里来的互殴一说
170,BV1dvfsBrEFJ,36270509724,央视一句话定调：这不是互殴，是正当防卫,155.195,02:35.195,2026-03-31,2026-03-31 21:52:33,1774965153,1,25,16777215,0,60278a75,2079317430194388480,绝对正当防卫
171,BV1dvfsBrEFJ,36270509724,央视一句话定调：这不是互殴，是正当防卫,155.411,02:35.411,2026-02-25,2026-02-25 23:31:41,1772033501,1,25,16777215,0,1c9e7aab,2054724951545962752,挨了两拳才还击...这叫互殴?
172,BV1dvfsBrEFJ,36270509724,央视一句话定调：这不是互殴，是正当防卫,155.576,02:35.576,2026-04-14,2026-04-14 23:46:58,1776181618,1,25,16777215,0,9c12b681,2089521880808888832,听口音
173,BV1dvfsBrEFJ,36270509724,央视一句话定调：这不是互殴，是正当防卫,155.991,02:35.991,2026-04-14,2026-04-14 17:17:19,1776158239,1,25,16777215,0,f4856ed5,2089325762829306624,这能判互殴？
174,BV1dvfsBrEFJ,36270509724,央视一句话定调：这不是互殴，是正当防卫,157.079,02:37.079,2026-02-25,2026-02-25 21:35:12,1772026512,1,25,16777215,0,82fae661,2054666325838199296,就这还要一二审再审
175,BV1dvfsBrEFJ,36270509724,央视一句话定调：这不是互殴，是正当防卫,157.230,02:37.230,2026-04-12,2026-04-12 09:50:50,1775958650,1,25,16777215,0,c015f2e1,2087651484207624960,这个肯定是正当防卫啊
176,BV1dvfsBrEFJ,36270509724,央视一句话定调：这不是互殴，是正当防卫,159.329,02:39.329,2026-04-23,2026-04-23 14:53:09,1776927189,1,25,16777215,0,c9984c81,2095776180643913216,只要有一方先动手，另一方就是正当防卫。
177,BV1dvfsBrEFJ,36270509724,央视一句话定调：这不是互殴，是正当防卫,160.025,02:40.025,2026-02-25,2026-02-25 20:24:50,1772022290,1,25,16777215,0,4ee3e337,2054630903825262336,这两个还算什么朋友，这不制止他？
178,BV1dvfsBrEFJ,36270509724,央视一句话定调：这不是互殴，是正当防卫,160.545,02:40.545,2026-04-16,2026-04-16 19:53:21,1776340401,1,25,16777215,0,3ce714aa,2090853848792093184,正当防卫
179,BV1dvfsBrEFJ,36270509724,央视一句话定调：这不是互殴，是正当防卫,161.797,02:41.797,2026-04-14,2026-04-14 14:13:06,1776147186,1,25,16777215,0,c4ce097d,2089233040558906880,这也能算互殴？？？？
180,BV1dvfsBrEFJ,36270509724,央视一句话定调：这不是互殴，是正当防卫,162.151,02:42.151,2026-04-20,2026-04-20 22:56:27,1776696987,1,25,16777215,0,417827b4,2093845108520429312,互殴
181,BV1dvfsBrEFJ,36270509724,央视一句话定调：这不是互殴，是正当防卫,162.261,02:42.261,2026-03-29,2026-03-29 15:19:05,1774768745,1,25,16777215,0,6fc0be85,2077669839996283392,法官就不是好东西，这都能被定性互殴，白学了
182,BV1dvfsBrEFJ,36270509724,央视一句话定调：这不是互殴，是正当防卫,162.896,02:42.896,2026-02-25,2026-02-25 22:59:03,1772031543,1,25,16777215,0,4db43a5e,2054708527389932032,这案子能判成互殴？
183,BV1dvfsBrEFJ,36270509724,央视一句话定调：这不是互殴，是正当防卫,163.453,02:43.453,2026-02-25,2026-02-25 15:16:59,1772003819,1,25,16777215,0,354ce2e4,2054475959180416000,这还互殴？
184,BV1dvfsBrEFJ,36270509724,央视一句话定调：这不是互殴，是正当防卫,163.561,02:43.561,2026-03-29,2026-03-29 09:16:07,1774746967,1,25,16777215,0,ae167767,2077487149250994688,这是谋杀好吧
185,BV1dvfsBrEFJ,36270509724,央视一句话定调：这不是互殴，是正当防卫,164.220,02:44.220,2026-05-01,2026-05-01 11:07:38,1777604858,1,25,16777215,0,ce621cbe,2101460880784462848,110即使占线也要有录音功能就好了
186,BV1dvfsBrEFJ,36270509724,央视一句话定调：这不是互殴，是正当防卫,166.076,02:46.076,2026-03-31,2026-03-31 04:26:19,1774902379,1,25,16777215,0,69bcfec1,2078790844689362432,男的正当防卫？
187,BV1dvfsBrEFJ,36270509724,央视一句话定调：这不是互殴，是正当防卫,166.143,02:46.143,2026-02-26,2026-02-26 01:06:00,1772039160,1,25,16777215,0,1b5af92d,2054772417117154560,肯定正当防卫阿
188,BV1dvfsBrEFJ,36270509724,央视一句话定调：这不是互殴，是正当防卫,166.160,02:46.160,2026-02-25,2026-02-25 23:50:01,1772034601,1,25,16777215,0,9dcfe97b,2054734177152847360,反击是对的，正在伤害自己，肯定要用相关方式停止他得伤害，用酒瓶把他砸晕也算
189,BV1dvfsBrEFJ,36270509724,央视一句话定调：这不是互殴，是正当防卫,166.954,02:46.954,2026-03-30,2026-03-30 17:08:10,1774861690,1,25,16777215,0,b07623ae,2078449517791506176,旁边的人不知道拉架的吗？
190,BV1dvfsBrEFJ,36270509724,央视一句话定调：这不是互殴，是正当防卫,167.038,02:47.038,2026-04-01,2026-04-01 08:34:13,1775003653,1,25,16777215,0,fcabf4e5,2079640388666500864,视频这么清楚还能判互殴？
191,BV1dvfsBrEFJ,36270509724,央视一句话定调：这不是互殴，是正当防卫,167.248,02:47.248,2026-03-31,2026-03-31 18:13:08,1774951988,1,25,16777215,0,41fe0494,2079206996754242560,对 就神奇 这能是互殴？不查下吗
192,BV1dvfsBrEFJ,36270509724,央视一句话定调：这不是互殴，是正当防卫,167.460,02:47.460,2026-03-31,2026-03-31 17:33:58,1774949638,1,25,16777215,0,d80d1cd4,2079187279548907008,如果老板娘不是女士我可以明确告诉你铁定是互殴
193,BV1dvfsBrEFJ,36270509724,央视一句话定调：这不是互殴，是正当防卫,168.251,02:48.251,2026-03-27,2026-03-27 14:21:22,1774592482,1,25,16777215,0,93e01358,2076191237979531520,最近发现，
194,BV1dvfsBrEFJ,36270509724,央视一句话定调：这不是互殴，是正当防卫,168.296,02:48.296,2026-04-07,2026-04-07 13:29:05,1775539745,1,25,16777215,0,8d7ac977,2084137454390819584,六年了
195,BV1dvfsBrEFJ,36270509724,央视一句话定调：这不是互殴，是正当防卫,168.681,02:48.681,2026-04-13,2026-04-13 09:02:16,1776042136,1,25,15138834,0,8cd28f0,2088351819234481920,不要怀疑，这搁以前就是互殴，就是这么离谱
196,BV1dvfsBrEFJ,36270509724,央视一句话定调：这不是互殴，是正当防卫,168.710,02:48.710,2026-04-05,2026-04-05 07:15:35,1775344535,1,25,16777215,0,b2808409,2082499920144936704,神奇荒诞的互殴！
197,BV1dvfsBrEFJ,36270509724,央视一句话定调：这不是互殴，是正当防卫,169.060,02:49.060,2026-04-16,2026-04-16 19:53:43,1776340423,1,25,16777215,0,3ce714aa,2090854029415664896,绝对正当防卫
198,BV1dvfsBrEFJ,36270509724,央视一句话定调：这不是互殴，是正当防卫,169.098,02:49.098,2026-03-31,2026-03-31 17:42:07,1774950127,1,25,16777215,0,1aeee741,2079191386166549760,这叫互殴？
199,BV1dvfsBrEFJ,36270509724,央视一句话定调：这不是互殴，是正当防卫,169.150,02:49.150,2026-04-07,2026-04-07 13:29:14,1775539754,1,25,16777215,0,8d7ac977,2084137533000149248,还经过了再审
200,BV1dvfsBrEFJ,36270509724,央视一句话定调：这不是互殴，是正当防卫,169.197,02:49.197,2026-04-14,2026-04-14 12:56:11,1776142571,1,25,16777215,0,d8c99ca6,2089194329658324224,我要是民警我不认为是互殴
201,BV1dvfsBrEFJ,36270509724,央视一句话定调：这不是互殴，是正当防卫,169.380,02:49.380,2026-03-31,2026-03-31 09:19:29,1774919969,1,25,16777215,0,4ca89e3b,2078938402627251968,这有视频的居然能判定成互殴！！
202,BV1dvfsBrEFJ,36270509724,央视一句话定调：这不是互殴，是正当防卫,169.892,02:49.892,2026-04-25,2026-04-25 13:15:04,1777094104,1,25,16777215,0,31ae3a6d,2097176363663786496,这个牛劲一般人拉不动
203,BV1dvfsBrEFJ,36270509724,央视一句话定调：这不是互殴，是正当防卫,170.184,02:50.184,2026-04-06,2026-04-06 20:05:00,1775477100,1,25,16777215,0,cb0694dd,2083611950654319872,这还不是正当防卫？
204,BV1dvfsBrEFJ,36270509724,央视一句话定调：这不是互殴，是正当防卫,174.428,02:54.428,2026-04-07,2026-04-07 09:00:05,1775523605,1,25,16777215,0,f377d008,2084002065596211200,要别人武器打到身体前0.0000001秒按精防才行
205,BV1dvfsBrEFJ,36270509724,央视一句话定调：这不是互殴，是正当防卫,175.760,02:55.760,2026-02-25,2026-02-25 22:37:18,1772030238,1,25,16777215,0,59ee9d6f,2054697581196162048,视频这么清楚，一审二审的法官是猪吗？
206,BV1dvfsBrEFJ,36270509724,央视一句话定调：这不是互殴，是正当防卫,176.151,02:56.151,2026-04-17,2026-04-17 08:56:02,1776387362,1,25,16777215,0,c666cc3d,2091247782420908032,男的多次出手女士才还的手 这肯定是正当防卫啊！这还用掰扯吗？
207,BV1dvfsBrEFJ,36270509724,央视一句话定调：这不是互殴，是正当防卫,177.471,02:57.471,2026-05-04,2026-05-04 23:33:20,1777908800,1,25,16777215,0,2e1058c9,2104010529415705856,非得要求打死不还手吗 
208,BV1dvfsBrEFJ,36270509724,央视一句话定调：这不是互殴，是正当防卫,177.556,02:57.556,2026-04-19,2026-04-19 08:07:55,1776557275,1,25,16777215,0,f4fc64d,2092673114303158784,这还能一开始判定为互殴？
209,BV1dvfsBrEFJ,36270509724,央视一句话定调：这不是互殴，是正当防卫,177.869,02:57.869,2026-02-25,2026-02-25 19:19:09,1772018349,1,25,16777215,0,6836eca7,2054597846736890112,山东法院可以的
210,BV1dvfsBrEFJ,36270509724,央视一句话定调：这不是互殴，是正当防卫,178.456,02:58.456,2026-02-25,2026-02-25 23:42:22,1772034142,1,25,16777215,0,1effc8c9,2054730325347217408,这是互殴？！说互殴的眼睛可以捐了
211,BV1dvfsBrEFJ,36270509724,央视一句话定调：这不是互殴，是正当防卫,179.571,02:59.571,2026-03-30,2026-03-30 18:33:42,1774866822,1,25,16777215,0,583d76f5,2078492569906245632,这两个朋友也是“真”朋友…
212,BV1dvfsBrEFJ,36270509724,央视一句话定调：这不是互殴，是正当防卫,181.470,03:01.470,2026-04-02,2026-04-02 09:46:36,1775094396,1,25,16777215,0,72cca58d,2080401601239661568,哪来的两人扭打在一起？？？一个打一个挨打，叫扭打在一起吗？
213,BV1dvfsBrEFJ,36270509724,央视一句话定调：这不是互殴，是正当防卫,181.560,03:01.560,2026-04-18,2026-04-18 06:25:02,1776464702,1,25,16777215,0,4bb3f0f8,2091896557045136128,还有小孩子啊
214,BV1dvfsBrEFJ,36270509724,央视一句话定调：这不是互殴，是正当防卫,181.880,03:01.880,2026-04-03,2026-04-03 15:52:41,1775202761,1,25,16777215,0,e9e9d5eb,2081310630857800448,这样吧把男的打伤也不应该算互殴才对
215,BV1dvfsBrEFJ,36270509724,央视一句话定调：这不是互殴，是正当防卫,182.594,03:02.594,2026-04-13,2026-04-13 22:17:48,1776089868,1,25,16777215,0,8fb1f46b,2088752221956419072,还有孩子！！
216,BV1dvfsBrEFJ,36270509724,央视一句话定调：这不是互殴，是正当防卫,183.188,03:03.188,2026-03-31,2026-03-31 16:29:14,1774945754,1,25,16777215,0,23455b8a,2079154698312543488,这互殴？？？？是个人都看出来女的被打。
217,BV1dvfsBrEFJ,36270509724,央视一句话定调：这不是互殴，是正当防卫,185.477,03:05.477,2026-03-31,2026-03-31 20:41:31,1774960891,1,25,16777215,0,f06b17de,2079281679969360896,问题是还有孩子啊
218,BV1dvfsBrEFJ,36270509724,央视一句话定调：这不是互殴，是正当防卫,185.587,03:05.587,2026-02-25,2026-02-25 23:25:43,1772033143,1,25,16777215,0,b121603,2054721944959669248,要没监控咋办
219,BV1dvfsBrEFJ,36270509724,央视一句话定调：这不是互殴，是正当防卫,187.197,03:07.197,2026-02-25,2026-02-25 17:28:50,1772011730,1,25,16777215,0,ff707140,2054542324377739520,正当防卫
220,BV1dvfsBrEFJ,36270509724,央视一句话定调：这不是互殴，是正当防卫,190.810,03:10.810,2026-03-31,2026-03-31 16:23:01,1774945381,1,25,16777215,0,318590da,2079151566132426752,肯定正当防卫
221,BV1dvfsBrEFJ,36270509724,央视一句话定调：这不是互殴，是正当防卫,193.004,03:13.004,2026-03-31,2026-03-31 19:09:35,1774955375,1,25,16777215,0,e6d55796,2079235404355883264,这能判成互殴？
222,BV1dvfsBrEFJ,36270509724,央视一句话定调：这不是互殴，是正当防卫,194.069,03:14.069,2026-02-25,2026-02-25 17:37:19,1772012239,1,25,16777215,0,2412721b,2054546588466607360,肯是个正常人都知道是是正当防卫，
223,BV1dvfsBrEFJ,36270509724,央视一句话定调：这不是互殴，是正当防卫,195.840,03:15.840,2026-03-30,2026-03-30 10:42:37,1774838557,1,25,16777215,0,ffc566f4,2078255465405355008,这还判这么久
224,BV1dvfsBrEFJ,36270509724,央视一句话定调：这不是互殴，是正当防卫,195.912,03:15.912,2026-02-25,2026-02-25 22:40:32,1772030432,1,25,16777215,0,15dea367,2054699205314524160,这能判互殴？？
225,BV1dvfsBrEFJ,36270509724,央视一句话定调：这不是互殴，是正当防卫,198.806,03:18.806,2026-03-29,2026-03-29 17:43:38,1774777418,1,25,16777215,0,5be0a8dd,2077742596431609856,视频到现在是正当防卫
226,BV1dvfsBrEFJ,36270509724,央视一句话定调：这不是互殴，是正当防卫,199.556,03:19.556,2026-03-29,2026-03-29 02:54:04,1774724044,1,25,16777215,0,f565ffa3,2077294859563427072,故意伤害和正当防卫的关键点，在于结果论，如果女方酒瓶打碎刚好划到男方，那是过失致人死亡，还是正当防卫呢？
227,BV1dvfsBrEFJ,36270509724,央视一句话定调：这不是互殴，是正当防卫,203.366,03:23.366,2026-02-25,2026-02-25 22:08:30,1772028510,1,25,16777215,0,33b60315,2054683083248682752,不是，就这些吗？这能算互殴？
228,BV1dvfsBrEFJ,36270509724,央视一句话定调：这不是互殴，是正当防卫,203.831,03:23.831,2026-02-25,2026-02-25 23:30:02,1772033402,1,25,16777215,0,dabd257b,2054724115889553664,旁边的人，看个毛线，要么帮忙要么滚！
229,BV1dvfsBrEFJ,36270509724,央视一句话定调：这不是互殴，是正当防卫,205.298,03:25.298,2026-03-30,2026-03-30 02:11:51,1774807911,1,25,16777215,0,4bc8a697,2077998384534626304,严查一审法官检察官
230,BV1dvfsBrEFJ,36270509724,央视一句话定调：这不是互殴，是正当防卫,206.648,03:26.648,2026-02-25,2026-02-25 23:35:26,1772033726,1,25,16777215,0,c200b414,2054726834998465024,没监控就吃哑巴亏，别问我怎么知道的
231,BV1dvfsBrEFJ,36270509724,央视一句话定调：这不是互殴，是正当防卫,208.853,03:28.853,2026-03-29,2026-03-29 16:04:26,1774771466,1,25,16777215,0,a415b610,2077692664425451264,那也是正当防卫！
232,BV1dvfsBrEFJ,36270509724,央视一句话定调：这不是互殴，是正当防卫,212.616,03:32.616,2026-03-31,2026-03-31 01:08:54,1774890534,1,25,16777215,0,236cf25,2078691482214475776,我看过这个，男子自己磕到暖气片上弄的
233,BV1dvfsBrEFJ,36270509724,央视一句话定调：这不是互殴，是正当防卫,213.823,03:33.823,2026-03-26,2026-03-26 20:17:36,1774527456,1,25,16777215,0,f7baa0c1,2075645758493000960,还有小孩 这能忍？
234,BV1dvfsBrEFJ,36270509724,央视一句话定调：这不是互殴，是正当防卫,215.490,03:35.490,2026-03-28,2026-03-28 08:36:34,1774658194,1,25,16777215,0,9be4e1cc,2076742471278993152,这种互殴一般要走到二审才能进化成正当防卫。
235,BV1dvfsBrEFJ,36270509724,央视一句话定调：这不是互殴，是正当防卫,215.821,03:35.821,2026-04-14,2026-04-14 15:20:53,1776151253,1,25,16777215,0,ded4dbb4,2089267158663460864,死了算过失杀人
236,BV1dvfsBrEFJ,36270509724,央视一句话定调：这不是互殴，是正当防卫,216.296,03:36.296,2026-04-11,2026-04-11 00:50:20,1775839820,1,25,16777215,0,194e0a65,2086654664946454272,吗的，他活该冒血
237,BV1dvfsBrEFJ,36270509724,央视一句话定调：这不是互殴，是正当防卫,216.353,03:36.353,2026-04-03,2026-04-03 01:41:52,1775151712,1,25,16777215,0,fbfb626f,2080882398123478528,就那个瓶子砸的
238,BV1dvfsBrEFJ,36270509724,央视一句话定调：这不是互殴，是正当防卫,217.228,03:37.228,2026-02-25,2026-02-25 23:35:08,1772033708,1,25,16777215,0,acf2d607,2054726687366774528,这能定性为互殴？？？
239,BV1dvfsBrEFJ,36270509724,央视一句话定调：这不是互殴，是正当防卫,218.070,03:38.070,2026-02-25,2026-02-25 23:38:54,1772033934,1,25,16777215,0,a80585d7,2054728578637347328,这不是抢劫吗  抢啤酒不算抢吗
240,BV1dvfsBrEFJ,36270509724,央视一句话定调：这不是互殴，是正当防卫,219.835,03:39.835,2026-02-25,2026-02-25 22:07:56,1772028476,1,25,16777215,0,87ec2966,2054682794822638336,他头上血哪来的？
241,BV1dvfsBrEFJ,36270509724,央视一句话定调：这不是互殴，是正当防卫,220.312,03:40.312,2026-02-25,2026-02-25 20:16:52,1772021812,1,25,16777215,0,a8f22df4,2054626896444649728,男人打女人过去可以判流氓罪
242,BV1dvfsBrEFJ,36270509724,央视一句话定调：这不是互殴，是正当防卫,220.901,03:40.901,2026-04-23,2026-04-23 16:22:51,1776932571,1,25,16777215,0,bd7b6430,2095821329693003520,这肯定是正当防卫啊
243,BV1dvfsBrEFJ,36270509724,央视一句话定调：这不是互殴，是正当防卫,221.836,03:41.836,2026-03-31,2026-03-31 11:51:19,1774929079,1,25,16777215,0,cd95a329,2079014814918773760,昆山龙哥被反杀就是典型案例
244,BV1dvfsBrEFJ,36270509724,央视一句话定调：这不是互殴，是正当防卫,223.671,03:43.671,2026-04-03,2026-04-03 15:21:51,1775200911,1,25,16777215,0,699f6289,2081295114189833984,是不是正当防卫就不应该由派出所定，只能由法院定
245,BV1dvfsBrEFJ,36270509724,央视一句话定调：这不是互殴，是正当防卫,224.160,03:44.160,2026-02-25,2026-02-25 23:18:07,1772032687,1,25,16777215,0,3c06b0fd,2054718120342058240,前面的一定没仔细听讲解，说是啤酒瓶砸的
246,BV1dvfsBrEFJ,36270509724,央视一句话定调：这不是互殴，是正当防卫,226.011,03:46.011,2026-03-31,2026-03-31 17:54:16,1774950856,1,25,16777215,0,98e91bfb,2079197496663381760,没有监控咋办？
247,BV1dvfsBrEFJ,36270509724,央视一句话定调：这不是互殴，是正当防卫,226.428,03:46.428,2026-03-30,2026-03-30 17:59:39,1774864779,1,25,16777215,0,8f19c040,2078475434823730176,前面的，进化这个词用的绝
248,BV1dvfsBrEFJ,36270509724,央视一句话定调：这不是互殴，是正当防卫,227.613,03:47.613,2026-04-01,2026-04-01 11:54:55,1775015695,1,25,16777215,0,258979e6,2079741403948898304,打个女人还能自己背大出血太丢人了哈哈
249,BV1dvfsBrEFJ,36270509724,央视一句话定调：这不是互殴，是正当防卫,228.139,03:48.139,2026-03-27,2026-03-27 17:39:49,1774604389,1,25,16777215,0,249dc151,2076291121596047360,酒瓶子反击出血了
250,BV1dvfsBrEFJ,36270509724,央视一句话定调：这不是互殴，是正当防卫,234.032,03:54.032,2026-02-25,2026-02-25 23:12:41,1772032361,1,25,16777215,0,fcbd9ea7,2054715383340047616,店主拿酒瓶子砸的
251,BV1dvfsBrEFJ,36270509724,央视一句话定调：这不是互殴，是正当防卫,234.826,03:54.826,2026-02-25,2026-02-25 21:35:54,1772026554,1,25,16777215,0,69ec584a,2054666677127428864,因为这下主动走过去拿酒瓶的动作被认为互殴吧
252,BV1dvfsBrEFJ,36270509724,央视一句话定调：这不是互殴，是正当防卫,235.300,03:55.300,2026-02-25,2026-02-25 22:56:01,1772031361,1,25,16777215,0,fd12f9cd,2054706996988806656,啤酒瓶呗，这也问
253,BV1dvfsBrEFJ,36270509724,央视一句话定调：这不是互殴，是正当防卫,236.348,03:56.348,2026-02-25,2026-02-25 21:15:38,1772025338,1,25,16777215,0,941c587b,2054656469601309440,轻了
254,BV1dvfsBrEFJ,36270509724,央视一句话定调：这不是互殴，是正当防卫,236.700,03:56.700,2026-04-14,2026-04-14 04:28:33,1776112113,1,25,16777215,0,a96c8e4a,2088938830383844352,啊，拘留6日？？？
255,BV1dvfsBrEFJ,36270509724,央视一句话定调：这不是互殴，是正当防卫,237.640,03:57.640,2026-02-25,2026-02-25 22:59:00,1772031540,1,25,16777215,0,55ca0e62,2054708503994082304,老板用酒瓶打的
256,BV1dvfsBrEFJ,36270509724,央视一句话定调：这不是互殴，是正当防卫,237.692,03:57.692,2026-02-25,2026-02-25 21:49:14,1772027354,1,25,16646914,0,3e54321,2054673388550569216,山东欢迎你。。。
257,BV1dvfsBrEFJ,36270509724,央视一句话定调：这不是互殴，是正当防卫,238.392,03:58.392,2026-04-14,2026-04-14 23:33:12,1776180792,1,25,16777215,0,cb5fc6d0,2089514946047563008,？
258,BV1dvfsBrEFJ,36270509724,央视一句话定调：这不是互殴，是正当防卫,238.393,03:58.393,2026-02-25,2026-02-25 21:34:48,1772026488,1,25,16777215,0,488ffd46,2054666120258557440,各打五十大板，醉了
259,BV1dvfsBrEFJ,36270509724,央视一句话定调：这不是互殴，是正当防卫,238.682,03:58.682,2026-04-22,2026-04-22 01:16:12,1776791772,1,25,16777215,0,df8860d6,2094640223123868160,？？？
260,BV1dvfsBrEFJ,36270509724,央视一句话定调：这不是互殴，是正当防卫,239.101,03:59.101,2026-04-14,2026-04-14 20:12:19,1776168739,1,25,16777215,0,924915cc,2089413843029265664,6
261,BV1dvfsBrEFJ,36270509724,央视一句话定调：这不是互殴，是正当防卫,239.525,03:59.525,2026-02-25,2026-02-25 21:30:27,1772026227,1,25,16777215,0,92f04ef3,2054663927459327232,奥看见了
262,BV1dvfsBrEFJ,36270509724,央视一句话定调：这不是互殴，是正当防卫,240.154,04:00.154,2026-03-31,2026-03-31 22:49:25,1774968565,1,25,16777215,0,ecd42116,2079346051730841344,不关个半个月
263,BV1dvfsBrEFJ,36270509724,央视一句话定调：这不是互殴，是正当防卫,241.639,04:01.639,2026-02-25,2026-02-25 23:31:21,1772033481,1,25,16777215,0,dabd257b,2054724781626263552,哦，店主砸的呀，那没事了。
264,BV1dvfsBrEFJ,36270509724,央视一句话定调：这不是互殴，是正当防卫,241.729,04:01.729,2026-03-30,2026-03-30 20:25:16,1774873516,1,25,16777215,0,91402007,2078548720194257920,cao
265,BV1dvfsBrEFJ,36270509724,央视一句话定调：这不是互殴，是正当防卫,242.280,04:02.280,2026-02-25,2026-02-25 21:19:35,1772025575,1,25,16777215,0,1cd9ceb4,2054658464487849728,笑了
266,BV1dvfsBrEFJ,36270509724,央视一句话定调：这不是互殴，是正当防卫,243.171,04:03.171,2026-04-11,2026-04-11 17:00:24,1775898024,1,25,16777215,0,f7d20578,2087142916442852608,殴打他人，哎。张女士被打死的话也不影响他们警察局
267,BV1dvfsBrEFJ,36270509724,央视一句话定调：这不是互殴，是正当防卫,243.318,04:03.318,2026-03-30,2026-03-30 03:48:03,1774813683,1,25,16777215,0,1d8d2fec,2078046806876626432,这男的该判四星
268,BV1dvfsBrEFJ,36270509724,央视一句话定调：这不是互殴，是正当防卫,243.609,04:03.609,2026-04-17,2026-04-17 12:02:07,1776398527,1,25,16777215,0,c7d29988,2091341441288120064,民营派出所吧
269,BV1dvfsBrEFJ,36270509724,央视一句话定调：这不是互殴，是正当防卫,243.924,04:03.924,2026-03-31,2026-03-31 17:43:25,1774950205,1,25,16777215,0,1aeee741,2079192036242022400,笑了
270,BV1dvfsBrEFJ,36270509724,央视一句话定调：这不是互殴，是正当防卫,244.169,04:04.169,2026-04-14,2026-04-14 14:49:16,1776149356,5,25,15138834,0,ef31f547,2089251243519336960,典
271,BV1dvfsBrEFJ,36270509724,央视一句话定调：这不是互殴，是正当防卫,244.798,04:04.798,2026-04-11,2026-04-11 00:50:52,1775839852,1,25,16777215,0,194e0a65,2086654933767813120,草
272,BV1dvfsBrEFJ,36270509724,央视一句话定调：这不是互殴，是正当防卫,245.069,04:05.069,2026-04-02,2026-04-02 21:02:54,1775134974,1,25,16777215,0,7d14a9d,2080741995190058496,各打三十大板……哈哈哈哈
273,BV1dvfsBrEFJ,36270509724,央视一句话定调：这不是互殴，是正当防卫,245.107,04:05.107,2026-04-29,2026-04-29 18:21:16,1777458076,1,25,16777215,0,92a63e53,2100229584443725056,如果日本人打过来了我们要不要反击？
274,BV1dvfsBrEFJ,36270509724,央视一句话定调：这不是互殴，是正当防卫,245.188,04:05.188,2026-02-25,2026-02-25 18:23:46,1772015026,1,25,16777215,0,9e232649,2054569972952965376,……
275,BV1dvfsBrEFJ,36270509724,央视一句话定调：这不是互殴，是正当防卫,245.464,04:05.464,2026-02-25,2026-02-25 23:12:27,1772032347,1,25,16777215,0,72ce77a9,2054715265371368448,这种情况就应该站着被打死是吧？？？
276,BV1dvfsBrEFJ,36270509724,央视一句话定调：这不是互殴，是正当防卫,245.668,04:05.668,2026-02-25,2026-02-25 23:14:57,1772032497,1,25,16777215,0,da971b1c,2054716528670682368,明明是被打到桌旁随手拿起酒瓶反击，并不有意去拿酒瓶，应该认定为正当自卫
277,BV1dvfsBrEFJ,36270509724,央视一句话定调：这不是互殴，是正当防卫,245.677,04:05.677,2026-04-19,2026-04-19 00:07:26,1776528446,1,25,16777215,0,8b5e3573,2092431283678144000,笑了
278,BV1dvfsBrEFJ,36270509724,央视一句话定调：这不是互殴，是正当防卫,245.961,04:05.961,2026-04-02,2026-04-02 12:35:08,1775104508,1,25,15772458,0,f6dd044e,2080486425937914112,淄博上大分
279,BV1dvfsBrEFJ,36270509724,央视一句话定调：这不是互殴，是正当防卫,246.039,04:06.039,2026-04-18,2026-04-18 22:36:18,1776522978,1,25,16777215,0,2da0d5cb,2092385412169137664,哈哈
280,BV1dvfsBrEFJ,36270509724,央视一句话定调：这不是互殴，是正当防卫,246.094,04:06.094,2026-04-11,2026-04-11 08:28:19,1775867299,1,25,16777215,0,8ee8afe2,2086885178735230976,抽象
281,BV1dvfsBrEFJ,36270509724,央视一句话定调：这不是互殴，是正当防卫,246.154,04:06.154,2026-03-31,2026-03-31 18:07:38,1774951658,1,25,16777215,0,85a42478,2079204223245015808,这尼玛能服！？
282,BV1dvfsBrEFJ,36270509724,央视一句话定调：这不是互殴，是正当防卫,246.215,04:06.215,2026-04-15,2026-04-15 02:26:41,1776191201,1,25,16777215,0,1f29077b,2089602265509166080,正规派出所，鉴定完毕。
283,BV1dvfsBrEFJ,36270509724,央视一句话定调：这不是互殴，是正当防卫,246.573,04:06.573,2026-04-26,2026-04-26 09:32:22,1777167142,1,25,16777215,0,2a369ab6,2097789048164523776,干得漂亮的帽子
284,BV1dvfsBrEFJ,36270509724,央视一句话定调：这不是互殴，是正当防卫,246.623,04:06.623,2026-04-14,2026-04-14 23:44:15,1776181455,1,25,16777215,0,be54091a,2089520510253040128,不是6日，说明还是有温度的
285,BV1dvfsBrEFJ,36270509724,央视一句话定调：这不是互殴，是正当防卫,246.661,04:06.661,2026-02-25,2026-02-25 21:34:25,1772026465,1,25,16777215,0,7e8a34a3,2054665924266854400,？
286,BV1dvfsBrEFJ,36270509724,央视一句话定调：这不是互殴，是正当防卫,246.761,04:06.761,2026-04-22,2026-04-22 01:16:28,1776791788,1,25,16777215,0,df8860d6,2094640356997635840,笑了。。。。
287,BV1dvfsBrEFJ,36270509724,央视一句话定调：这不是互殴，是正当防卫,246.782,04:06.782,2026-04-13,2026-04-13 09:28:19,1776043699,1,25,16777215,0,4248d92e,2088364925855734784,知心哥哥发力了
288,BV1dvfsBrEFJ,36270509724,央视一句话定调：这不是互殴，是正当防卫,246.791,04:06.791,2026-04-09,2026-04-09 09:01:46,1775696506,1,25,16777215,0,2accd0af,2085452459953997312,。。。。。。请找正规派出所。
289,BV1dvfsBrEFJ,36270509724,央视一句话定调：这不是互殴，是正当防卫,246.900,04:06.900,2026-04-14,2026-04-14 09:45:46,1776131146,1,25,16777215,0,4a82640f,2089098486968217600,真优秀，，，，
290,BV1dvfsBrEFJ,36270509724,央视一句话定调：这不是互殴，是正当防卫,246.916,04:06.916,2026-02-25,2026-02-25 23:53:03,1772034783,1,25,16777215,0,9c24cd1c,2054735707075303680,???????
291,BV1dvfsBrEFJ,36270509724,央视一句话定调：这不是互殴，是正当防卫,247.333,04:07.333,2026-04-01,2026-04-01 12:20:56,1775017256,1,25,16777215,0,b904bdf6,2079754497433462272,按法律的意思就是被打了不能还手，我看谁不爽了就打他一顿反正也就拘五天
292,BV1dvfsBrEFJ,36270509724,央视一句话定调：这不是互殴，是正当防卫,247.367,04:07.367,2026-04-13,2026-04-13 22:19:00,1776089940,1,25,16777215,0,8fb1f46b,2088752826950945024,什么玩意？
293,BV1dvfsBrEFJ,36270509724,央视一句话定调：这不是互殴，是正当防卫,247.422,04:07.422,2026-04-19,2026-04-19 19:53:23,1776599603,1,25,16777215,0,ce279f18,2093028189147927296,非正规派出所
294,BV1dvfsBrEFJ,36270509724,央视一句话定调：这不是互殴，是正当防卫,247.586,04:07.586,2026-02-25,2026-02-25 23:06:09,1772031969,1,25,16777215,0,74f1f991,2054712099317846016,确实砸了他
295,BV1dvfsBrEFJ,36270509724,央视一句话定调：这不是互殴，是正当防卫,247.725,04:07.725,2026-04-13,2026-04-13 21:39:00,1776087540,1,25,16777215,0,9111e8b1,2088732696725138176,666666666，哈哈哈哈哈哈哈哈哈哈哈哈哈哈
296,BV1dvfsBrEFJ,36270509724,央视一句话定调：这不是互殴，是正当防卫,247.831,04:07.831,2026-03-29,2026-03-29 17:29:41,1774776581,1,25,16777215,0,8a3a65ce,2077735573698907392,有理三扁担无理扁担三
297,BV1dvfsBrEFJ,36270509724,央视一句话定调：这不是互殴，是正当防卫,247.842,04:07.842,2026-02-25,2026-02-25 19:29:00,1772018940,1,25,16777215,0,d8365310,2054602802533166080,？？？
298,BV1dvfsBrEFJ,36270509724,央视一句话定调：这不是互殴，是正当防卫,247.856,04:07.856,2026-04-05,2026-04-05 21:35:53,1775396153,1,25,16777215,0,56fc757f,2082932919889866496,笑死了，这还不是正当防卫！
299,BV1dvfsBrEFJ,36270509724,央视一句话定调：这不是互殴，是正当防卫,248.096,04:08.096,2026-02-25,2026-02-25 19:08:38,1772017718,1,25,16777215,0,ff9a5f2e,2054592555958203904,？？？？？？？？？？
300,BV1dvfsBrEFJ,36270509724,央视一句话定调：这不是互殴，是正当防卫,248.102,04:08.102,2026-04-26,2026-04-26 15:47:02,1777189622,1,25,16777215,0,a39dcb1d,2097977631504273664,可笑
301,BV1dvfsBrEFJ,36270509724,央视一句话定调：这不是互殴，是正当防卫,248.252,04:08.252,2026-02-25,2026-02-25 22:26:22,1772029582,1,25,16777215,0,36e094f6,2054692072564329472,....
302,BV1dvfsBrEFJ,36270509724,央视一句话定调：这不是互殴，是正当防卫,248.463,04:08.463,2026-03-31,2026-03-31 17:43:39,1774950219,1,25,16777215,0,1aeee741,2079192155888774400,有病？
303,BV1dvfsBrEFJ,36270509724,央视一句话定调：这不是互殴，是正当防卫,248.531,04:08.531,2026-03-29,2026-03-29 15:20:36,1774768836,1,25,16777215,0,6fc0be85,2077670602654946560,放屁
304,BV1dvfsBrEFJ,36270509724,央视一句话定调：这不是互殴，是正当防卫,248.648,04:08.648,2026-04-18,2026-04-18 22:59:52,1776524392,1,25,16777215,0,e034da68,2092397271345342720,笑尿了
305,BV1dvfsBrEFJ,36270509724,央视一句话定调：这不是互殴，是正当防卫,248.703,04:08.703,2026-02-25,2026-02-25 22:41:45,1772030505,1,25,16777215,0,15dea367,2054699819058486784,殴打他人？？？
306,BV1dvfsBrEFJ,36270509724,央视一句话定调：这不是互殴，是正当防卫,248.761,04:08.761,2026-04-08,2026-04-08 09:45:45,1775612745,1,25,16777215,0,42ef50ad,2084749820878558208,吃完被告吃原告是吧
307,BV1dvfsBrEFJ,36270509724,央视一句话定调：这不是互殴，是正当防卫,248.915,04:08.915,2026-02-25,2026-02-25 20:19:37,1772021977,1,25,16777215,0,b5fbc9c1,2054628275749436416,这是只看结果，没结合过程的处罚决定，是有程序错误的
308,BV1dvfsBrEFJ,36270509724,央视一句话定调：这不是互殴，是正当防卫,248.940,04:08.940,2026-02-25,2026-02-25 23:22:22,1772032942,1,25,16777215,0,bc37a185,2054720262993203200,？？？
309,BV1dvfsBrEFJ,36270509724,央视一句话定调：这不是互殴，是正当防卫,248.968,04:08.968,2026-02-25,2026-02-25 17:47:29,1772012849,1,25,16777215,0,4f449cc3,2054551708210363648,这时候就要第一时间联系律师
310,BV1dvfsBrEFJ,36270509724,央视一句话定调：这不是互殴，是正当防卫,249.000,04:09.000,2026-04-18,2026-04-18 06:28:23,1776464903,1,25,16777215,0,19908b83,2091898245965576704,各打五十大板
311,BV1dvfsBrEFJ,36270509724,央视一句话定调：这不是互殴，是正当防卫,249.001,04:09.001,2026-03-31,2026-03-31 17:35:25,1774949725,1,25,16777215,0,b63521d5,2079188006329810688,？？？
312,BV1dvfsBrEFJ,36270509724,央视一句话定调：这不是互殴，是正当防卫,249.065,04:09.065,2026-02-25,2026-02-25 21:25:53,1772025953,1,25,16777215,0,a6e4941e,2054661635373029632,哎………
313,BV1dvfsBrEFJ,36270509724,央视一句话定调：这不是互殴，是正当防卫,249.103,04:09.103,2026-02-27,2026-02-27 17:46:49,1772185609,1,25,16777215,0,2a3b379f,2056000926116171776,有些一眼就能看出哪方正当的，非得要浪费法律资源纠缠半天，这会不会助长了有些人有恃无恐的戾气！
314,BV1dvfsBrEFJ,36270509724,央视一句话定调：这不是互殴，是正当防卫,249.172,04:09.172,2026-03-31,2026-03-31 19:12:29,1774955549,1,25,16777215,0,997ae474,2079236862161557248,扯蛋啊！！这个还动脑子想吗？专家的大脑？浪费粮食
315,BV1dvfsBrEFJ,36270509724,央视一句话定调：这不是互殴，是正当防卫,249.507,04:09.507,2026-04-10,2026-04-10 18:28:02,1775816882,1,25,16777215,0,78917c14,2086462246761817344,浩克派出所
316,BV1dvfsBrEFJ,36270509724,央视一句话定调：这不是互殴，是正当防卫,249.651,04:09.651,2026-03-31,2026-03-31 02:25:33,1774895133,1,25,16777215,0,e2761bb8,2078730060994637568,？？？
317,BV1dvfsBrEFJ,36270509724,央视一句话定调：这不是互殴，是正当防卫,249.951,04:09.951,2026-04-21,2026-04-21 15:30:30,1776756630,1,25,16777215,0,a73cf9c3,2094345430258354176,不愧是山东
318,BV1dvfsBrEFJ,36270509724,央视一句话定调：这不是互殴，是正当防卫,249.977,04:09.977,2026-03-29,2026-03-29 15:21:24,1774768884,1,25,16777215,0,6fc0be85,2077671007304378880,谁被打，都会无意识的还击，这是正当防卫
319,BV1dvfsBrEFJ,36270509724,央视一句话定调：这不是互殴，是正当防卫,250.209,04:10.209,2026-03-30,2026-03-30 08:21:06,1774830066,1,25,16777215,0,832928df,2078184233633465600,神经
320,BV1dvfsBrEFJ,36270509724,央视一句话定调：这不是互殴，是正当防卫,250.427,04:10.427,2026-03-30,2026-03-30 16:25:46,1774859146,1,25,16777215,0,8ed53ddd,2078428182054296832,就这！！！！
321,BV1dvfsBrEFJ,36270509724,央视一句话定调：这不是互殴，是正当防卫,250.438,04:10.438,2026-02-25,2026-02-25 21:30:19,1772026219,1,25,16777215,0,8517d30c,2054663860266446336,好啊好啊
322,BV1dvfsBrEFJ,36270509724,央视一句话定调：这不是互殴，是正当防卫,250.481,04:10.481,2026-02-25,2026-02-25 22:24:09,1772029449,1,25,16777215,0,725829c1,2054690956829674496,见意老板直接起诉该机关
323,BV1dvfsBrEFJ,36270509724,央视一句话定调：这不是互殴，是正当防卫,250.640,04:10.640,2026-04-26,2026-04-26 21:35:48,1777210548,1,25,16777215,0,4bc0cd53,2098153170349051648,哈哈哈哈哈哈哈哈哈哈哈哈
324,BV1dvfsBrEFJ,36270509724,央视一句话定调：这不是互殴，是正当防卫,250.748,04:10.748,2026-03-31,2026-03-31 08:55:51,1774918551,1,25,16777215,0,9f974da0,2078926503135478528,我的天，真就各打五十大板
325,BV1dvfsBrEFJ,36270509724,央视一句话定调：这不是互殴，是正当防卫,250.830,04:10.830,2026-02-25,2026-02-25 23:05:19,1772031919,1,25,16777215,0,9d0f54f5,2054711678075260928,经典各打50大板
326,BV1dvfsBrEFJ,36270509724,央视一句话定调：这不是互殴，是正当防卫,250.832,04:10.832,2026-04-13,2026-04-13 19:08:32,1776078512,1,25,16777215,0,4501a3c7,2088656963088569344,6
327,BV1dvfsBrEFJ,36270509724,央视一句话定调：这不是互殴，是正当防卫,250.929,04:10.929,2026-02-25,2026-02-25 23:13:11,1772032391,1,25,16777215,0,8768d53b,2054715634587683072,就这监控 也不能判互殴呀
328,BV1dvfsBrEFJ,36270509724,央视一句话定调：这不是互殴，是正当防卫,250.974,04:10.974,2026-02-25,2026-02-25 21:26:15,1772025975,1,25,16777215,0,b8b2030b,2054661819611865856,？？？？？？
329,BV1dvfsBrEFJ,36270509724,央视一句话定调：这不是互殴，是正当防卫,251.268,04:11.268,2026-02-25,2026-02-25 23:20:22,1772032822,1,25,16777215,0,511a3a90,2054719256612557056,？？？
330,BV1dvfsBrEFJ,36270509724,央视一句话定调：这不是互殴，是正当防卫,251.407,04:11.407,2026-04-01,2026-04-01 08:40:50,1775004050,1,25,16777215,0,8b7ca00,2079643719967769344,哟哟哟
331,BV1dvfsBrEFJ,36270509724,央视一句话定调：这不是互殴，是正当防卫,251.791,04:11.791,2026-03-30,2026-03-30 22:15:36,1774880136,1,25,16777215,0,1c77ec25,2078604259079549952,行政复议
332,BV1dvfsBrEFJ,36270509724,央视一句话定调：这不是互殴，是正当防卫,252.108,04:12.108,2026-03-31,2026-03-31 09:56:35,1774922195,1,25,16777215,0,2b5c38ed,2078957075744286208,200块？
333,BV1dvfsBrEFJ,36270509724,央视一句话定调：这不是互殴，是正当防卫,252.186,04:12.186,2026-02-25,2026-02-25 21:16:06,1772025366,1,25,16777215,0,c2c265c2,2054656709800251136,？？
334,BV1dvfsBrEFJ,36270509724,央视一句话定调：这不是互殴，是正当防卫,252.228,04:12.228,2026-04-02,2026-04-02 09:47:55,1775094475,1,25,16777215,0,72cca58d,2080402256884678656,当地 JC
335,BV1dvfsBrEFJ,36270509724,央视一句话定调：这不是互殴，是正当防卫,252.299,04:12.299,2026-02-25,2026-02-25 21:23:45,1772025825,1,25,16777215,0,61f15072,2054660556740442112,搞笑吧
336,BV1dvfsBrEFJ,36270509724,央视一句话定调：这不是互殴，是正当防卫,252.386,04:12.386,2026-02-25,2026-02-25 17:48:08,1772012888,1,25,16777215,0,b6af79f2,2054552039392221184,张女士明明是替天行道
337,BV1dvfsBrEFJ,36270509724,央视一句话定调：这不是互殴，是正当防卫,252.563,04:12.563,2026-04-14,2026-04-14 09:46:30,1776131190,1,25,16777215,0,ad62d95d,2089098855948992000,就这～
338,BV1dvfsBrEFJ,36270509724,央视一句话定调：这不是互殴，是正当防卫,252.651,04:12.651,2026-03-31,2026-03-31 21:52:59,1774965179,1,25,16777215,0,b10a2cf1,2079317644968133632,遇到正常警察了
339,BV1dvfsBrEFJ,36270509724,央视一句话定调：这不是互殴，是正当防卫,252.779,04:12.779,2026-02-27,2026-02-27 16:57:31,1772182651,1,25,16777215,0,775204eb,2055976111900907776,？？？
340,BV1dvfsBrEFJ,36270509724,央视一句话定调：这不是互殴，是正当防卫,252.795,04:12.795,2026-02-25,2026-02-25 20:27:20,1772022440,1,25,16777215,0,4ee3e337,2054632164247286016,有时看到这些真的很搞笑，也很无语
341,BV1dvfsBrEFJ,36270509724,央视一句话定调：这不是互殴，是正当防卫,252.905,04:12.905,2026-02-25,2026-02-25 21:18:34,1772025514,1,25,16777215,0,7c1e03b2,2054657953226856192,离谱
342,BV1dvfsBrEFJ,36270509724,央视一句话定调：这不是互殴，是正当防卫,252.992,04:12.992,2026-02-25,2026-02-25 17:30:10,1772011810,1,25,16777215,0,ff707140,2054542993058987776,凭啥
343,BV1dvfsBrEFJ,36270509724,央视一句话定调：这不是互殴，是正当防卫,253.559,04:13.559,2026-02-25,2026-02-25 20:19:34,1772021974,1,25,16777215,0,3e9d15e5,2054628256254837504,哈哈
344,BV1dvfsBrEFJ,36270509724,央视一句话定调：这不是互殴，是正当防卫,253.692,04:13.692,2026-02-25,2026-02-25 20:11:21,1772021481,1,25,16777215,0,3c6b69a0,2054624120032863232,哈哈哈哈哈哈
345,BV1dvfsBrEFJ,36270509724,央视一句话定调：这不是互殴，是正当防卫,254.398,04:14.398,2026-03-31,2026-03-31 16:29:43,1774945783,1,25,16777215,0,23455b8a,2079154945349061120,哈哈哈
346,BV1dvfsBrEFJ,36270509724,央视一句话定调：这不是互殴，是正当防卫,254.641,04:14.641,2026-04-19,2026-04-19 10:53:15,1776567195,1,25,16777215,0,194e9991,2092756331324212992,？？
347,BV1dvfsBrEFJ,36270509724,央视一句话定调：这不是互殴，是正当防卫,254.691,04:14.691,2026-04-12,2026-04-12 17:01:17,1775984477,1,25,16777215,0,4d6debc1,2087868142499185664,普法～任重道远
348,BV1dvfsBrEFJ,36270509724,央视一句话定调：这不是互殴，是正当防卫,254.837,04:14.837,2026-02-25,2026-02-25 22:51:59,1772031119,1,25,16777215,0,765a4838,2054704972289032192,RNM，还能这样判
349,BV1dvfsBrEFJ,36270509724,央视一句话定调：这不是互殴，是正当防卫,255.552,04:15.552,2026-03-26,2026-03-26 20:52:59,1774529579,1,25,16777215,0,f76a282d,2075663570838317056,符合刻板印象
350,BV1dvfsBrEFJ,36270509724,央视一句话定调：这不是互殴，是正当防卫,255.560,04:15.560,2026-04-01,2026-04-01 12:16:45,1775017005,1,25,16777215,0,92a40b11,2079752399643804416,经典
351,BV1dvfsBrEFJ,36270509724,央视一句话定调：这不是互殴，是正当防卫,256.361,04:16.361,2026-04-05,2026-04-05 09:08:08,1775351288,1,25,16777215,0,fb52f345,2082556561947303424,挨打还不能还手？
352,BV1dvfsBrEFJ,36270509724,央视一句话定调：这不是互殴，是正当防卫,256.440,04:16.440,2026-04-14,2026-04-14 04:29:19,1776112159,1,25,16777215,0,a96c8e4a,2088939211134406912,遥遥领先，我可不敢乱说
353,BV1dvfsBrEFJ,36270509724,央视一句话定调：这不是互殴，是正当防卫,256.488,04:16.488,2026-04-13,2026-04-13 09:04:00,1776042240,1,25,15138834,0,8cd28f0,2088352687665031168,哈哈，太经典了
354,BV1dvfsBrEFJ,36270509724,央视一句话定调：这不是互殴，是正当防卫,257.412,04:17.412,2026-02-25,2026-02-25 23:00:10,1772031610,1,25,16777215,0,c1b2b8a8,2054709090651210752,？
355,BV1dvfsBrEFJ,36270509724,央视一句话定调：这不是互殴，是正当防卫,257.995,04:17.995,2026-03-30,2026-03-30 14:37:48,1774852668,1,25,16777215,0,919cc76b,2078373837900265728,什么神仙操作？
356,BV1dvfsBrEFJ,36270509724,央视一句话定调：这不是互殴，是正当防卫,258.110,04:18.110,2026-04-11,2026-04-11 00:52:18,1775839938,1,25,16777215,0,194e0a65,2086655659600568320,呵呵
357,BV1dvfsBrEFJ,36270509724,央视一句话定调：这不是互殴，是正当防卫,258.278,04:18.278,2026-03-29,2026-03-29 11:16:08,1774754168,1,25,16777215,0,c29c6c92,2077547560163800576,意思是必须站着被打吗？
358,BV1dvfsBrEFJ,36270509724,央视一句话定调：这不是互殴，是正当防卫,258.747,04:18.747,2026-04-19,2026-04-19 00:08:06,1776528486,1,25,16777215,0,8b5e3573,2092431613903865600,建议普法深入基层
359,BV1dvfsBrEFJ,36270509724,央视一句话定调：这不是互殴，是正当防卫,258.762,04:18.762,2026-02-25,2026-02-25 23:55:27,1772034927,1,25,16777215,0,323c34f6,2054736911226575872,其实这女老板的有一个还嘴，说你再说一句。。
360,BV1dvfsBrEFJ,36270509724,央视一句话定调：这不是互殴，是正当防卫,258.992,04:18.992,2026-03-13,2026-03-13 14:55:32,1773384932,1,25,16777215,0,35058f92,2066061572501742336,那难道不还手吗？就这样被一个男人打吗？打死了谁负责？
361,BV1dvfsBrEFJ,36270509724,央视一句话定调：这不是互殴，是正当防卫,259.615,04:19.615,2026-02-25,2026-02-25 22:15:11,1772028911,1,25,16777215,0,ddadb32d,2054686449982938880,真的是离谱到家了
362,BV1dvfsBrEFJ,36270509724,央视一句话定调：这不是互殴，是正当防卫,260.042,04:20.042,2026-04-10,2026-04-10 20:24:23,1775823863,1,25,16777215,0,f38757ad,2086520809278611968,这应该是江苏龙哥被反杀之前的案例
363,BV1dvfsBrEFJ,36270509724,央视一句话定调：这不是互殴，是正当防卫,260.345,04:20.345,2026-02-25,2026-02-25 22:26:27,1772029587,1,25,16777215,0,a0f9fda0,2054692117368595712,制度决定了法律，所以国际上大部分国家规则不同
364,BV1dvfsBrEFJ,36270509724,央视一句话定调：这不是互殴，是正当防卫,261.025,04:21.025,2026-02-25,2026-02-25 20:15:43,1772021743,1,25,16777215,0,17b51faa,2054626316606858752,??
365,BV1dvfsBrEFJ,36270509724,央视一句话定调：这不是互殴，是正当防卫,261.608,04:21.608,2026-03-29,2026-03-29 08:47:40,1774745260,1,25,16777215,0,5e1253c1,2077472836590951424,这要是没监控 指不定判成啥呢
366,BV1dvfsBrEFJ,36270509724,央视一句话定调：这不是互殴，是正当防卫,262.540,04:22.540,2026-04-15,2026-04-15 20:28:43,1776256123,1,25,16777215,0,3561c04f,2090146869266304256,普法～任重道远
367,BV1dvfsBrEFJ,36270509724,央视一句话定调：这不是互殴，是正当防卫,262.755,04:22.755,2026-02-25,2026-02-25 20:00:26,1772020826,1,25,16777215,0,cdded17a,2054618622878097664,哈哈哈
368,BV1dvfsBrEFJ,36270509724,央视一句话定调：这不是互殴，是正当防卫,264.655,04:24.655,2026-02-25,2026-02-25 23:40:02,1772034002,1,25,16777215,0,5a3c3ce9,2054729154725251072,张女士说得好，对荒唐事的讽刺很到位
369,BV1dvfsBrEFJ,36270509724,央视一句话定调：这不是互殴，是正当防卫,265.048,04:25.048,2026-05-07,2026-05-07 16:00:51,1778140851,1,25,16777215,0,3ea25d5f,2105957112395091200,要被打死了怎么办？别人打你还不能还手了吗？
370,BV1dvfsBrEFJ,36270509724,央视一句话定调：这不是互殴，是正当防卫,265.484,04:25.484,2026-04-12,2026-04-12 17:54:51,1775987691,1,25,41194,0,8f4a586a,2087895098872046592,没监控还可能是是过错呢
371,BV1dvfsBrEFJ,36270509724,央视一句话定调：这不是互殴，是正当防卫,265.897,04:25.897,2026-04-13,2026-04-13 09:29:06,1776043746,1,25,16777215,0,4248d92e,2088365320304660480,还嘴就能动手了？意思被别人辱骂就只能受着？
372,BV1dvfsBrEFJ,36270509724,央视一句话定调：这不是互殴，是正当防卫,266.189,04:26.189,2026-05-03,2026-05-03 02:03:18,1777744998,1,25,16777215,0,67e8c2b8,2102636461106644736,已经打了好几下了………
373,BV1dvfsBrEFJ,36270509724,央视一句话定调：这不是互殴，是正当防卫,266.713,04:26.713,2026-02-25,2026-02-25 20:20:27,1772022027,1,25,16777215,0,6b2bcb12,2054628700616058368,能跑就跑 不能跑用手护住
374,BV1dvfsBrEFJ,36270509724,央视一句话定调：这不是互殴，是正当防卫,267.535,04:27.535,2026-04-07,2026-04-07 09:01:54,1775523714,1,25,16777215,0,f377d008,2084002976800522752,对的只要不会戴，那就发财了
375,BV1dvfsBrEFJ,36270509724,央视一句话定调：这不是互殴，是正当防卫,268.919,04:28.919,2026-02-25,2026-02-25 17:50:33,1772013033,1,25,16777215,0,f71f94a2,2054553254658578688,好气呀
376,BV1dvfsBrEFJ,36270509724,央视一句话定调：这不是互殴，是正当防卫,269.811,04:29.811,2026-02-25,2026-02-25 21:29:01,1772026141,1,25,16777215,0,a26e6d52,2054663207784317696,不宁可打死对方坐牢也不要被打死
377,BV1dvfsBrEFJ,36270509724,央视一句话定调：这不是互殴，是正当防卫,269.907,04:29.907,2026-03-31,2026-03-31 16:15:56,1774944956,1,25,16777215,0,84d9c856,2079148002014166272,这得寒了多少人的心啊！
378,BV1dvfsBrEFJ,36270509724,央视一句话定调：这不是互殴，是正当防卫,270.866,04:30.866,2026-02-25,2026-02-25 20:27:02,1772022422,1,25,16777215,0,8d191a2a,2054632013914311680,又不是公共场所了，是在自己的店里啊，怎么还要自己跑啊，一塌糊涂的互殴定义
379,BV1dvfsBrEFJ,36270509724,央视一句话定调：这不是互殴，是正当防卫,270.944,04:30.944,2026-02-25,2026-02-25 22:42:07,1772030527,1,25,16777215,0,15dea367,2054700005495458304,凭什么
380,BV1dvfsBrEFJ,36270509724,央视一句话定调：这不是互殴，是正当防卫,271.384,04:31.384,2026-02-25,2026-02-25 18:30:37,1772015437,1,25,16777215,0,1c59e80d,2054573414689803008,心酸
381,BV1dvfsBrEFJ,36270509724,央视一句话定调：这不是互殴，是正当防卫,272.287,04:32.287,2026-04-13,2026-04-13 22:31:16,1776090676,1,25,16777215,0,81a12058,2088758997980861952,跑，是为了让受害者减少受伤害。这个已经被压制了
382,BV1dvfsBrEFJ,36270509724,央视一句话定调：这不是互殴，是正当防卫,272.373,04:32.373,2026-03-29,2026-03-29 21:37:46,1774791466,1,25,16777215,0,51c6ef1e,2077860436963183872,看笑了
383,BV1dvfsBrEFJ,36270509724,央视一句话定调：这不是互殴，是正当防卫,272.400,04:32.400,2026-03-30,2026-03-30 10:44:01,1774838641,1,25,16777215,0,ffc566f4,2078256167079314944,？？？
384,BV1dvfsBrEFJ,36270509724,央视一句话定调：这不是互殴，是正当防卫,272.410,04:32.410,2026-04-13,2026-04-13 12:32:00,1776054720,1,25,16777215,0,679ceac0,2088457383130296320,问题来了，如果是用刀你是让他砍几刀先还是直接跑？后面还是死胡同，怎么破局？
385,BV1dvfsBrEFJ,36270509724,央视一句话定调：这不是互殴，是正当防卫,272.539,04:32.539,2026-04-14,2026-04-14 13:46:45,1776145605,1,25,16777215,0,63738cc1,2089219778622711296,属于搞笑了
386,BV1dvfsBrEFJ,36270509724,央视一句话定调：这不是互殴，是正当防卫,273.155,04:33.155,2026-03-31,2026-03-31 23:54:08,1774972448,1,25,16777215,0,33257cde,2079378627682288128,应该进厨房选样趁手的
387,BV1dvfsBrEFJ,36270509724,央视一句话定调：这不是互殴，是正当防卫,274.332,04:34.332,2026-02-25,2026-02-25 20:25:48,1772022348,1,25,16777215,0,949bf0e4,2054631393559843840,所以呀，被打一定不能还手
388,BV1dvfsBrEFJ,36270509724,央视一句话定调：这不是互殴，是正当防卫,275.980,04:35.980,2026-05-06,2026-05-06 19:43:54,1778067834,1,25,16777215,0,f1899e1f,2105344601698079744,执法首先要懂法
389,BV1dvfsBrEFJ,36270509724,央视一句话定调：这不是互殴，是正当防卫,276.464,04:36.464,2026-03-26,2026-03-26 19:17:56,1774523876,1,25,16777215,0,16f2bbca,2075615730338612992,各打50大板
390,BV1dvfsBrEFJ,36270509724,央视一句话定调：这不是互殴，是正当防卫,276.801,04:36.801,2026-04-15,2026-04-15 20:28:59,1776256139,1,25,16777215,0,3561c04f,2090147002066507264,张女士说得好，对荒唐事的讽刺很到位
391,BV1dvfsBrEFJ,36270509724,央视一句话定调：这不是互殴，是正当防卫,276.988,04:36.988,2026-02-25,2026-02-25 23:56:55,1772035015,1,25,16777215,0,323c34f6,2054737648769777664,互殴基本上是双方都默认了准备来一场打架。。
392,BV1dvfsBrEFJ,36270509724,央视一句话定调：这不是互殴，是正当防卫,277.449,04:37.449,2026-02-25,2026-02-25 19:10:47,1772017847,1,25,16777215,0,57ab716c,2054593633164381696,心酸
393,BV1dvfsBrEFJ,36270509724,央视一句话定调：这不是互殴，是正当防卫,277.471,04:37.471,2026-02-25,2026-02-25 22:25:19,1772029519,1,25,16777215,0,725829c1,2054691548746766080,找律师，告这个下处罚的
394,BV1dvfsBrEFJ,36270509724,央视一句话定调：这不是互殴，是正当防卫,278.056,04:38.056,2026-04-01,2026-04-01 09:45:00,1775007900,1,25,16777215,0,3df95bd6,2079676020856348928,还要追究男的责任，最起码要就留
395,BV1dvfsBrEFJ,36270509724,央视一句话定调：这不是互殴，是正当防卫,278.163,04:38.163,2026-04-11,2026-04-11 00:52:44,1775839964,1,25,16777215,0,194e0a65,2086655877678991104,搞笑
396,BV1dvfsBrEFJ,36270509724,央视一句话定调：这不是互殴，是正当防卫,278.568,04:38.568,2026-02-25,2026-02-25 22:07:28,1772028448,1,25,16777215,0,59ffe6db,2054682565696607488,建议枪毙做出这处罚的帽子
397,BV1dvfsBrEFJ,36270509724,央视一句话定调：这不是互殴，是正当防卫,278.746,04:38.746,2026-02-25,2026-02-25 17:44:50,1772012690,1,25,16777215,0,44cad21e,2054550374547046144,太憋屈了
398,BV1dvfsBrEFJ,36270509724,央视一句话定调：这不是互殴，是正当防卫,280.239,04:40.239,2026-02-25,2026-02-25 19:28:27,1772018907,1,25,16777215,0,77fc19f3,2054602526850605824,跑得了？
399,BV1dvfsBrEFJ,36270509724,央视一句话定调：这不是互殴，是正当防卫,284.616,04:44.616,2026-02-25,2026-02-25 20:55:55,1772024155,1,25,16777215,0,a8c938d9,2054646549811671296,我们是法制社会
400,BV1dvfsBrEFJ,36270509724,央视一句话定调：这不是互殴，是正当防卫,285.126,04:45.126,2026-02-25,2026-02-25 17:48:46,1772012926,1,25,16777215,0,b6af79f2,2054552353914269440,？？？？？？
401,BV1dvfsBrEFJ,36270509724,央视一句话定调：这不是互殴，是正当防卫,286.654,04:46.654,2026-04-01,2026-04-01 10:52:12,1775011932,1,25,16777215,0,2867aff0,2079709842448767744,有病
402,BV1dvfsBrEFJ,36270509724,央视一句话定调：这不是互殴，是正当防卫,287.229,04:47.229,2026-05-03,2026-05-03 09:49:11,1777772951,1,25,16777215,0,28cfb606,2102870946640918016,谁说的做生意讲究和气生财
403,BV1dvfsBrEFJ,36270509724,央视一句话定调：这不是互殴，是正当防卫,287.642,04:47.642,2026-02-25,2026-02-25 23:02:18,1772031738,1,25,16777215,0,b51515cf,2054710158084932608,太憋屈了！
404,BV1dvfsBrEFJ,36270509724,央视一句话定调：这不是互殴，是正当防卫,287.917,04:47.917,2026-04-18,2026-04-18 23:00:48,1776524448,1,25,16777215,0,e034da68,2092397742424563200,？？？？？
405,BV1dvfsBrEFJ,36270509724,央视一句话定调：这不是互殴，是正当防卫,288.060,04:48.060,2026-04-18,2026-04-18 22:16:06,1776521766,1,25,16777215,0,b4cc1205,2092375248665392896,不接受又能如何
406,BV1dvfsBrEFJ,36270509724,央视一句话定调：这不是互殴，是正当防卫,288.125,04:48.125,2026-02-26,2026-02-26 00:06:01,1772035561,1,25,16777215,0,7aaf0130,2054742229133731584,嘿
407,BV1dvfsBrEFJ,36270509724,央视一句话定调：这不是互殴，是正当防卫,288.349,04:48.349,2026-02-25,2026-02-25 23:53:09,1772034789,1,25,16777215,0,db8ffc22,2054735754940885760,什么TM裁定
408,BV1dvfsBrEFJ,36270509724,央视一句话定调：这不是互殴，是正当防卫,288.356,04:48.356,2026-02-25,2026-02-25 22:06:18,1772028378,1,25,16777215,0,39647d1a,2054681975625032960,互殴是指两个人都有掐架行为  单方面动手 对方还击是自卫
409,BV1dvfsBrEFJ,36270509724,央视一句话定调：这不是互殴，是正当防卫,289.111,04:49.111,2026-03-31,2026-03-31 17:56:03,1774950963,1,25,16777215,0,98e91bfb,2079198397633839616,荒唐
410,BV1dvfsBrEFJ,36270509724,央视一句话定调：这不是互殴，是正当防卫,289.421,04:49.421,2026-02-25,2026-02-25 23:21:38,1772032898,1,25,16777215,0,e40128a,2054719889901376768,？？？？？？
411,BV1dvfsBrEFJ,36270509724,央视一句话定调：这不是互殴，是正当防卫,290.307,04:50.307,2026-04-08,2026-04-08 11:19:24,1775618364,1,25,16777215,0,bade597c,2084796963824020736,气人
412,BV1dvfsBrEFJ,36270509724,央视一句话定调：这不是互殴，是正当防卫,290.616,04:50.616,2026-04-10,2026-04-10 12:50:59,1775796659,1,25,16777215,0,bee79f61,2086292606090474496,太和谐了
413,BV1dvfsBrEFJ,36270509724,央视一句话定调：这不是互殴，是正当防卫,290.828,04:50.828,2026-03-30,2026-03-30 18:02:11,1774864931,1,25,16777215,0,8f19c040,2078476708356981504,都不讲道理才叫互殴，被迫还手并且制服后不再进一步伤害应该是正当防卫
414,BV1dvfsBrEFJ,36270509724,央视一句话定调：这不是互殴，是正当防卫,291.180,04:51.180,2026-03-31,2026-03-31 18:09:15,1774951755,1,25,16777215,0,5465b0d1,2079205039775988992,一堆刷问号的？记住自己生活在哪
415,BV1dvfsBrEFJ,36270509724,央视一句话定调：这不是互殴，是正当防卫,291.506,04:51.506,2026-04-18,2026-04-18 16:06:37,1776499597,1,25,16777215,0,daafa735,2092189277605340672,太尼玛憋屈了
416,BV1dvfsBrEFJ,36270509724,央视一句话定调：这不是互殴，是正当防卫,294.600,04:54.600,2026-03-30,2026-03-30 06:13:09,1774822389,1,25,16777215,0,295f0c28,2078119842368268288,这绝对是正当防卫啊。
417,BV1dvfsBrEFJ,36270509724,央视一句话定调：这不是互殴，是正当防卫,295.354,04:55.354,2026-02-25,2026-02-25 22:56:05,1772031365,1,25,16777215,0,7a9f970b,2054707035400574208,看的想哭
418,BV1dvfsBrEFJ,36270509724,央视一句话定调：这不是互殴，是正当防卫,297.108,04:57.108,2026-04-14,2026-04-14 03:56:48,1776110208,1,25,16777215,0,4db495da,2088922850924477952,那可就翻盘了
419,BV1dvfsBrEFJ,36270509724,央视一句话定调：这不是互殴，是正当防卫,298.401,04:58.401,2026-03-31,2026-03-31 15:14:50,1774941290,1,25,16777215,0,707e6a5,2079117255140741888,这个男的也是脸都不要了
420,BV1dvfsBrEFJ,36270509724,央视一句话定调：这不是互殴，是正当防卫,298.440,04:58.440,2026-02-25,2026-02-25 17:49:06,1772012946,1,25,16777215,0,b6af79f2,2054552523498605312,人渣
421,BV1dvfsBrEFJ,36270509724,央视一句话定调：这不是互殴，是正当防卫,298.487,04:58.487,2026-02-25,2026-02-25 20:16:20,1772021780,1,25,16777215,0,17b51faa,2054626630961608192,??
422,BV1dvfsBrEFJ,36270509724,央视一句话定调：这不是互殴，是正当防卫,299.454,04:59.454,2026-02-26,2026-02-26 00:39:11,1772037551,1,25,16777215,0,4b44f7a1,2054758927547289344,这酒疯男欺负老实人呢。
423,BV1dvfsBrEFJ,36270509724,央视一句话定调：这不是互殴，是正当防卫,299.926,04:59.926,2026-04-14,2026-04-14 17:19:12,1776158352,1,25,16777215,0,f4856ed5,2089326706312649984,啊？
424,BV1dvfsBrEFJ,36270509724,央视一句话定调：这不是互殴，是正当防卫,300.095,05:00.095,2026-04-05,2026-04-05 22:27:43,1775399263,1,25,16777215,0,10f7d4ab,2082959007227757056,太憋屈
425,BV1dvfsBrEFJ,36270509724,央视一句话定调：这不是互殴，是正当防卫,301.591,05:01.591,2026-04-14,2026-04-14 12:58:29,1776142709,1,25,16777215,0,d8c99ca6,2089195486153735936,？？？有脸？
426,BV1dvfsBrEFJ,36270509724,央视一句话定调：这不是互殴，是正当防卫,301.716,05:01.716,2026-02-25,2026-02-25 17:38:00,1772012280,1,25,16777215,0,abda01d5,2054546937868906496,这是个无赖啊
427,BV1dvfsBrEFJ,36270509724,央视一句话定调：这不是互殴，是正当防卫,301.725,05:01.725,2026-02-25,2026-02-25 18:55:54,1772016954,1,25,16777215,0,3a727be6,2054586146515881216,得寸进尺
428,BV1dvfsBrEFJ,36270509724,央视一句话定调：这不是互殴，是正当防卫,302.032,05:02.032,2026-03-30,2026-03-30 12:01:07,1774843267,1,25,16777215,0,6904aed3,2078294975632388608,这要不是自己找上门来这事可能就这样了是吧
429,BV1dvfsBrEFJ,36270509724,央视一句话定调：这不是互殴，是正当防卫,302.420,05:02.420,2026-02-25,2026-02-25 20:47:36,1772023656,1,25,16777215,0,9a6970a5,2054642365675346432,动机呢？
430,BV1dvfsBrEFJ,36270509724,央视一句话定调：这不是互殴，是正当防卫,302.900,05:02.900,2026-02-25,2026-02-25 20:10:20,1772021420,1,25,16777215,0,d3241728,2054623605761517824,主持人工资-100
431,BV1dvfsBrEFJ,36270509724,央视一句话定调：这不是互殴，是正当防卫,304.568,05:04.568,2026-02-25,2026-02-25 19:33:33,1772019213,1,25,16777215,0,8f1689ca,2054605092682397184,-50
432,BV1dvfsBrEFJ,36270509724,央视一句话定调：这不是互殴，是正当防卫,305.147,05:05.147,2026-04-07,2026-04-07 22:20:29,1775571629,1,25,16777215,0,6ecf61d4,2084404920157058304,看来压制情绪也是分等级的呀，我掐指一算，主持人也是在为这个大姐鸣不平吧。
433,BV1dvfsBrEFJ,36270509724,央视一句话定调：这不是互殴，是正当防卫,305.311,05:05.311,2026-03-31,2026-03-31 23:27:36,1774970856,1,25,16777215,0,c81ec193,2079365272925773824,这个男的怎么这么恶心？
434,BV1dvfsBrEFJ,36270509724,央视一句话定调：这不是互殴，是正当防卫,308.143,05:08.143,2026-04-11,2026-04-11 18:41:13,1775904073,1,25,16707842,0,43e4d2e9,2087193659954060288,开店遇到二百五，你没办法
435,BV1dvfsBrEFJ,36270509724,央视一句话定调：这不是互殴，是正当防卫,308.643,05:08.643,2026-03-29,2026-03-29 15:34:57,1774769697,1,25,15138834,0,4f63a9a9,2077677823107657472,这就陷阱，你接受是互殴，那后续别人要你赔钱你就没理由不给咯
436,BV1dvfsBrEFJ,36270509724,央视一句话定调：这不是互殴，是正当防卫,309.596,05:09.596,2026-02-25,2026-02-25 23:58:15,1772035095,1,25,16777215,0,323c34f6,2054738319195783424,互殴也不用赔偿吧，，各自负责自己的医药费。。
437,BV1dvfsBrEFJ,36270509724,央视一句话定调：这不是互殴，是正当防卫,310.320,05:10.320,2026-04-14,2026-04-14 04:30:38,1776112238,1,25,16777215,0,a96c8e4a,2088939877776887040,笑了，是条狗都知道被咬了必须还击
438,BV1dvfsBrEFJ,36270509724,央视一句话定调：这不是互殴，是正当防卫,311.340,05:11.340,2026-02-25,2026-02-25 18:27:43,1772015263,1,25,16777215,0,8bbfbcce,2054571961882994176,人太善良不好
439,BV1dvfsBrEFJ,36270509724,央视一句话定调：这不是互殴，是正当防卫,311.562,05:11.562,2026-05-04,2026-05-04 00:22:41,1777825361,1,25,16777215,0,d85356d8,2103310593284125952,要不要脸啊
440,BV1dvfsBrEFJ,36270509724,央视一句话定调：这不是互殴，是正当防卫,311.707,05:11.707,2026-02-25,2026-02-25 22:27:55,1772029675,1,25,16777215,0,f6d773e4,2054692853359771136,这喝酒的真不要个比脸
441,BV1dvfsBrEFJ,36270509724,央视一句话定调：这不是互殴，是正当防卫,314.438,05:14.438,2026-02-26,2026-02-26 00:19:45,1772036385,1,25,16777215,0,4cecd9aa,2054749144895660800,唉~~一声叹息
442,BV1dvfsBrEFJ,36270509724,央视一句话定调：这不是互殴，是正当防卫,316.848,05:16.848,2026-02-25,2026-02-25 22:19:39,1772029179,1,25,16777215,0,8088925d,2054688694497618432,嘉豪
443,BV1dvfsBrEFJ,36270509724,央视一句话定调：这不是互殴，是正当防卫,318.875,05:18.875,2026-04-18,2026-04-18 23:01:53,1776524513,1,25,16777215,0,e034da68,2092398291987333120,对酒疯子就应该像查酒驾一样严格
444,BV1dvfsBrEFJ,36270509724,央视一句话定调：这不是互殴，是正当防卫,319.270,05:19.270,2026-04-01,2026-04-01 15:41:51,1775029311,1,25,16777215,0,1844637a,2079855624149034496,这种王八蛋出门一定碰大运
445,BV1dvfsBrEFJ,36270509724,央视一句话定调：这不是互殴，是正当防卫,319.302,05:19.302,2026-03-28,2026-03-28 13:53:07,1774677187,1,25,16777215,0,4c860500,2076901792201098240,为啥不采访那个男的 
446,BV1dvfsBrEFJ,36270509724,央视一句话定调：这不是互殴，是正当防卫,320.343,05:20.343,2026-02-25,2026-02-25 22:29:46,1772029786,1,25,16777215,0,58b6b81e,2054693786290343680,葫芦曾判断葫芦案
447,BV1dvfsBrEFJ,36270509724,央视一句话定调：这不是互殴，是正当防卫,320.700,05:20.700,2026-04-05,2026-04-05 22:07:24,1775398044,1,25,16777215,0,7576ef89,2082948778628911616,不用啤酒瓶砸行凶者的话早被行凶者打死了，毕竟行凶者身强力壮，被打人都被压制在地上
448,BV1dvfsBrEFJ,36270509724,央视一句话定调：这不是互殴，是正当防卫,321.798,05:21.798,2026-04-25,2026-04-25 23:16:37,1777130197,1,25,16777215,0,5d88e011,2097479130873997056,长这个鸟样
449,BV1dvfsBrEFJ,36270509724,央视一句话定调：这不是互殴，是正当防卫,322.152,05:22.152,2026-04-12,2026-04-12 19:48:30,1775994510,1,25,16777215,0,810f91aa,2087952303491205888,打轻了
450,BV1dvfsBrEFJ,36270509724,央视一句话定调：这不是互殴，是正当防卫,322.699,05:22.699,2026-04-05,2026-04-05 18:19:28,1775384368,1,25,16777215,0,d5017a6e,2082834063223739392,抢劫去得了
451,BV1dvfsBrEFJ,36270509724,央视一句话定调：这不是互殴，是正当防卫,322.896,05:22.896,2026-03-31,2026-03-31 20:44:08,1774961048,1,25,16777215,0,f06b17de,2079282990622227456,后来确定是自己磕的，真的是
452,BV1dvfsBrEFJ,36270509724,央视一句话定调：这不是互殴，是正当防卫,323.691,05:23.691,2026-03-31,2026-03-31 21:44:57,1774964697,1,25,16777215,0,e54b8768,2079313605911771904,哇哦好重的伤，足足一厘米，晚点到医院都愈合了呢
453,BV1dvfsBrEFJ,36270509724,央视一句话定调：这不是互殴，是正当防卫,324.753,05:24.753,2026-03-26,2026-03-26 18:16:55,1774520215,1,25,16777215,0,ac443bc4,2075585020231950336,谁判的就让谁承受一次
454,BV1dvfsBrEFJ,36270509724,央视一句话定调：这不是互殴，是正当防卫,324.992,05:24.992,2026-02-25,2026-02-25 23:58:54,1772035134,1,25,16777215,0,323c34f6,2054738650067524608,互殴不用赔吧。。。除非女的是先打人。。
455,BV1dvfsBrEFJ,36270509724,央视一句话定调：这不是互殴，是正当防卫,325.690,05:25.690,2026-03-31,2026-03-31 02:27:00,1774895220,1,25,16777215,0,e2761bb8,2078730789503142400,？？？
456,BV1dvfsBrEFJ,36270509724,央视一句话定调：这不是互殴，是正当防卫,325.963,05:25.963,2026-02-25,2026-02-25 18:42:27,1772016147,1,25,16777215,0,afbfaa04,2054579371087463936,好！！！
457,BV1dvfsBrEFJ,36270509724,央视一句话定调：这不是互殴，是正当防卫,326.427,05:26.427,2026-05-04,2026-05-04 00:23:01,1777825381,1,25,16777215,0,d85356d8,2103310757810119168,敲诈勒索
458,BV1dvfsBrEFJ,36270509724,央视一句话定调：这不是互殴，是正当防卫,326.441,05:26.441,2026-03-26,2026-03-26 14:07:45,1774505265,1,25,16777215,0,f7c95b2,2075459605894628608,脸呢
459,BV1dvfsBrEFJ,36270509724,央视一句话定调：这不是互殴，是正当防卫,326.905,05:26.905,2026-03-30,2026-03-30 19:17:37,1774869457,1,25,16777215,0,bbbc68e6,2078514677293830656,这是勒索了
460,BV1dvfsBrEFJ,36270509724,央视一句话定调：这不是互殴，是正当防卫,327.718,05:27.718,2026-04-18,2026-04-18 12:54:17,1776488057,1,25,16777215,0,e2617e04,2092092477137187584,我记得几年前我看过类似的新闻
461,BV1dvfsBrEFJ,36270509724,央视一句话定调：这不是互殴，是正当防卫,328.328,05:28.328,2026-03-26,2026-03-26 14:40:34,1774507234,1,25,16777215,0,7b4d8b22,2075476124725103104,可以告他敲诈了
462,BV1dvfsBrEFJ,36270509724,央视一句话定调：这不是互殴，是正当防卫,328.955,05:28.955,2026-03-01,2026-03-01 13:41:03,1772343663,1,25,16777215,0,441282f4,2057326776120292352,受伤者无罪论
463,BV1dvfsBrEFJ,36270509724,央视一句话定调：这不是互殴，是正当防卫,329.875,05:29.875,2026-04-15,2026-04-15 19:05:14,1776251114,1,25,16777215,0,5ce8752,2090104855216718848,就算不是自己磕的还真得赔？？？
464,BV1dvfsBrEFJ,36270509724,央视一句话定调：这不是互殴，是正当防卫,330.264,05:30.264,2026-03-31,2026-03-31 12:59:21,1774933161,1,25,16777215,0,1393ff09,2079049057661901056,碰上无赖了
465,BV1dvfsBrEFJ,36270509724,央视一句话定调：这不是互殴，是正当防卫,331.912,05:31.912,2026-03-31,2026-03-31 17:37:11,1774949831,1,25,16777215,0,b63521d5,2079188902929250048,瞎搞啊
466,BV1dvfsBrEFJ,36270509724,央视一句话定调：这不是互殴，是正当防卫,331.979,05:31.979,2026-03-31,2026-03-31 17:52:37,1774950757,1,25,16777215,0,bfd2337c,2079196667986769408,恶人先告状
467,BV1dvfsBrEFJ,36270509724,央视一句话定调：这不是互殴，是正当防卫,333.655,05:33.655,2026-02-27,2026-02-27 10:16:53,1772158613,1,25,16777215,0,14a8dc21,2055774464477787392,赔个毛
468,BV1dvfsBrEFJ,36270509724,央视一句话定调：这不是互殴，是正当防卫,334.329,05:34.329,2026-03-21,2026-03-21 17:05:49,1774083949,1,25,16777215,0,b3993695,2071925352368492032,怪不得会接连上诉~~
469,BV1dvfsBrEFJ,36270509724,央视一句话定调：这不是互殴，是正当防卫,336.275,05:36.275,2026-04-19,2026-04-19 08:12:01,1776557521,1,25,16777215,0,f4fc64d,2092675182556358144,人至贱则无敌啊
470,BV1dvfsBrEFJ,36270509724,央视一句话定调：这不是互殴，是正当防卫,338.056,05:38.056,2026-04-01,2026-04-01 06:13:39,1774995219,1,25,16777215,0,3916bc7,2079569639675095808,这时候就应该往死里打，为了保护自己的人身和财产安全。
471,BV1dvfsBrEFJ,36270509724,央视一句话定调：这不是互殴，是正当防卫,338.591,05:38.591,2026-02-25,2026-02-25 22:36:00,1772030160,1,25,16777215,0,f66decd6,2054696921574595840,谁伤谁有理？是不是这样认为？
472,BV1dvfsBrEFJ,36270509724,央视一句话定调：这不是互殴，是正当防卫,338.858,05:38.858,2026-02-25,2026-02-25 21:09:09,1772024949,1,25,16646914,0,996f3a6a,2054653209460952576,继续告他敲诈勒索
473,BV1dvfsBrEFJ,36270509724,央视一句话定调：这不是互殴，是正当防卫,339.462,05:39.462,2026-02-25,2026-02-25 19:08:24,1772017704,1,25,16777215,0,309c2e98,2054592438140187392,好法
474,BV1dvfsBrEFJ,36270509724,央视一句话定调：这不是互殴，是正当防卫,341.648,05:41.648,2026-02-25,2026-02-25 20:29:18,1772022558,1,25,16777215,0,f677e390,2054633149925046784,那可太好了，自己告自己
475,BV1dvfsBrEFJ,36270509724,央视一句话定调：这不是互殴，是正当防卫,342.227,05:42.227,2026-02-25,2026-02-25 19:12:50,1772017970,1,25,16777215,0,47431600,2054594665726457088,这男的也没有个男人样
476,BV1dvfsBrEFJ,36270509724,央视一句话定调：这不是互殴，是正当防卫,342.442,05:42.442,2026-02-25,2026-02-25 23:59:34,1772035174,1,25,16777215,0,323c34f6,2054738987063251200,互殴已认定责任各半。。
477,BV1dvfsBrEFJ,36270509724,央视一句话定调：这不是互殴，是正当防卫,342.900,05:42.900,2026-04-12,2026-04-12 15:26:40,1775978800,1,25,16777215,0,5829e637,2087820517041553664,那时候吃完原吃被很正常的
478,BV1dvfsBrEFJ,36270509724,央视一句话定调：这不是互殴，是正当防卫,344.288,05:44.288,2026-02-26,2026-02-26 00:09:08,1772035748,1,25,16777215,0,adc3912e,2054743800832354560,6年了
479,BV1dvfsBrEFJ,36270509724,央视一句话定调：这不是互殴，是正当防卫,347.505,05:47.505,2026-02-25,2026-02-25 22:52:26,1772031146,1,25,16777215,0,332079,2054705196549838592,这么多年了 哎
480,BV1dvfsBrEFJ,36270509724,央视一句话定调：这不是互殴，是正当防卫,348.426,05:48.426,2026-05-04,2026-05-04 07:36:43,1777851403,1,25,16777215,0,1a37943b,2103529050387078912,《请求》
481,BV1dvfsBrEFJ,36270509724,央视一句话定调：这不是互殴，是正当防卫,348.884,05:48.884,2026-04-14,2026-04-14 20:18:52,1776169132,1,25,16777215,0,4dea41f9,2089417137520351232,奶奶的，就不能还手咯！
482,BV1dvfsBrEFJ,36270509724,央视一句话定调：这不是互殴，是正当防卫,351.360,05:51.360,2026-02-25,2026-02-25 17:30:00,1772011800,1,25,16777215,0,76411240,2054542909222847232,纯粹混蛋黄
483,BV1dvfsBrEFJ,36270509724,央视一句话定调：这不是互殴，是正当防卫,353.165,05:53.165,2026-04-13,2026-04-13 22:00:15,1776088815,1,25,16777215,0,ad5bd9eb,2088743392821058048,21年，哈哈哈哈哈哈哈哈，不服不行啊
484,BV1dvfsBrEFJ,36270509724,央视一句话定调：这不是互殴，是正当防卫,356.987,05:56.987,2026-03-27,2026-03-27 08:58:30,1774573110,1,25,16777215,0,6e13d811,2076028734888534784,精英
485,BV1dvfsBrEFJ,36270509724,央视一句话定调：这不是互殴，是正当防卫,357.089,05:57.089,2026-03-31,2026-03-31 17:45:59,1774950359,1,25,16777215,0,1aeee741,2079193327525599488,哈哈
486,BV1dvfsBrEFJ,36270509724,央视一句话定调：这不是互殴，是正当防卫,358.453,05:58.453,2026-04-19,2026-04-19 00:09:45,1776528585,1,25,16777215,0,8b5e3573,2092432446162939904,刚才还在看秋菊打官司
487,BV1dvfsBrEFJ,36270509724,央视一句话定调：这不是互殴，是正当防卫,358.684,05:58.684,2026-04-10,2026-04-10 18:29:52,1775816992,1,25,16777215,0,78917c14,2086463175330829824,浩克法院
488,BV1dvfsBrEFJ,36270509724,央视一句话定调：这不是互殴，是正当防卫,358.817,05:58.817,2026-02-25,2026-02-25 23:00:16,1772031616,1,25,16646914,0,744d7c38,2054709135505417216,井妃一家，果然有些道理
489,BV1dvfsBrEFJ,36270509724,央视一句话定调：这不是互殴，是正当防卫,359.451,05:59.451,2026-05-07,2026-05-07 16:02:02,1778140922,1,25,16777215,0,3ea25d5f,2105957709781603840,？？？牛逼啊
490,BV1dvfsBrEFJ,36270509724,央视一句话定调：这不是互殴，是正当防卫,359.550,05:59.550,2026-02-25,2026-02-25 23:41:46,1772034106,1,25,16777215,0,5a3c3ce9,2054730028029836800,正经法院
491,BV1dvfsBrEFJ,36270509724,央视一句话定调：这不是互殴，是正当防卫,359.587,05:59.587,2026-03-31,2026-03-31 16:18:12,1774945092,1,25,16777215,0,84d9c856,2079149148434887936,这是在南京？
492,BV1dvfsBrEFJ,36270509724,央视一句话定调：这不是互殴，是正当防卫,359.667,05:59.667,2026-03-26,2026-03-26 18:03:24,1774519404,1,25,16777215,0,cafa3c04,2075578218874106624,公 检 法
493,BV1dvfsBrEFJ,36270509724,央视一句话定调：这不是互殴，是正当防卫,359.818,05:59.818,2026-04-14,2026-04-14 20:14:23,1776168863,1,25,16777215,0,924915cc,2089414881647994368,太6了
494,BV1dvfsBrEFJ,36270509724,央视一句话定调：这不是互殴，是正当防卫,360.169,06:00.169,2026-02-25,2026-02-25 23:39:36,1772033976,1,25,16777215,0,8ddfef0f,2054728932837918464,哈哈
495,BV1dvfsBrEFJ,36270509724,央视一句话定调：这不是互殴，是正当防卫,360.698,06:00.698,2026-02-25,2026-02-25 21:21:37,1772025697,1,25,16777215,0,1cd9ceb4,2054659486094388736,哈
496,BV1dvfsBrEFJ,36270509724,央视一句话定调：这不是互殴，是正当防卫,360.871,06:00.871,2026-04-07,2026-04-07 15:11:10,1775545870,1,25,16777215,0,24487ddb,2084188836434733312,就这么神奇
497,BV1dvfsBrEFJ,36270509724,央视一句话定调：这不是互殴，是正当防卫,361.116,06:01.116,2026-02-25,2026-02-25 20:49:32,1772023772,5,25,16646914,0,f8cc05b8,2054643337847447040,你敢告捕快
498,BV1dvfsBrEFJ,36270509724,央视一句话定调：这不是互殴，是正当防卫,361.699,06:01.699,2026-04-17,2026-04-17 11:36:58,1776397018,1,25,16777215,0,61e6b8c4,2091328779447670016,服
499,BV1dvfsBrEFJ,36270509724,央视一句话定调：这不是互殴，是正当防卫,361.796,06:01.796,2026-02-25,2026-02-25 23:34:29,1772033669,1,25,16777215,0,9cb501cd,2054726356025792768,这里的合法  跟 后面的改判 不冲突吗？   这里判决合法的法官 后续 怎么样呢？
500,BV1dvfsBrEFJ,36270509724,央视一句话定调：这不是互殴，是正当防卫,361.961,06:01.961,2026-04-13,2026-04-13 09:06:45,1776042405,1,25,15138834,0,8cd28f0,2088354074394284032,哈哈，都一家人
501,BV1dvfsBrEFJ,36270509724,央视一句话定调：这不是互殴，是正当防卫,362.297,06:02.297,2026-03-31,2026-03-31 19:14:45,1774955685,1,25,16777215,0,997ae474,2079238002819276032,这个哪个傻乂
502,BV1dvfsBrEFJ,36270509724,央视一句话定调：这不是互殴，是正当防卫,362.780,06:02.780,2026-03-31,2026-03-31 17:39:48,1774949988,1,25,16777215,0,c45ed9a5,2079190216451134976,哈哈哈
503,BV1dvfsBrEFJ,36270509724,央视一句话定调：这不是互殴，是正当防卫,362.820,06:02.820,2026-02-25,2026-02-25 18:29:05,1772015345,1,25,16777215,0,8bbfbcce,2054572649203374848,马德 被打了不还手啊 
504,BV1dvfsBrEFJ,36270509724,央视一句话定调：这不是互殴，是正当防卫,362.889,06:02.889,2026-04-02,2026-04-02 21:29:40,1775136580,1,25,16777215,0,a9eaa10d,2080755465533078528,额呵
505,BV1dvfsBrEFJ,36270509724,央视一句话定调：这不是互殴，是正当防卫,363.098,06:03.098,2026-04-02,2026-04-02 18:44:28,1775126668,1,25,16777215,0,2ffce0f4,2080672316391892480,哈哈哈哈哈哈哈哈哈
506,BV1dvfsBrEFJ,36270509724,央视一句话定调：这不是互殴，是正当防卫,363.200,06:03.200,2026-04-01,2026-04-01 06:06:19,1774994779,1,25,16777215,0,3db7340d,2079565949677458432,葫芦僧人断葫芦案
507,BV1dvfsBrEFJ,36270509724,央视一句话定调：这不是互殴，是正当防卫,363.312,06:03.312,2026-02-25,2026-02-25 22:18:33,1772029113,1,25,16777215,0,d40a30c,2054688137200596992,哈哈哈哈哈哈哈哈哈
508,BV1dvfsBrEFJ,36270509724,央视一句话定调：这不是互殴，是正当防卫,363.889,06:03.889,2026-02-25,2026-02-25 22:23:47,1772029427,1,25,16777215,0,8088925d,2054690778647341824,哈
509,BV1dvfsBrEFJ,36270509724,央视一句话定调：这不是互殴，是正当防卫,364.479,06:04.479,2026-04-04,2026-04-04 23:17:27,1775315847,1,25,16777215,0,3b18862c,2082259267809402624,正规法院
510,BV1dvfsBrEFJ,36270509724,央视一句话定调：这不是互殴，是正当防卫,364.739,06:04.739,2026-02-25,2026-02-25 23:36:22,1772033782,1,25,16777215,0,138039c2,2054727309474504960,一审法院法官应该追责。乱判决应该首先给法官追责！
511,BV1dvfsBrEFJ,36270509724,央视一句话定调：这不是互殴，是正当防卫,364.762,06:04.762,2026-02-25,2026-02-25 17:50:18,1772013018,1,25,16777215,0,b6af79f2,2054553125599155200,？？？？？？？
512,BV1dvfsBrEFJ,36270509724,央视一句话定调：这不是互殴，是正当防卫,365.041,06:05.041,2026-02-25,2026-02-25 23:30:05,1772033405,1,25,16777215,0,942e7306,2054724145568650240,哈哈
513,BV1dvfsBrEFJ,36270509724,央视一句话定调：这不是互殴，是正当防卫,365.489,06:05.489,2026-03-31,2026-03-31 18:37:37,1774953457,1,25,16777215,0,a48d9c60,2079219315374276096,太来气了
514,BV1dvfsBrEFJ,36270509724,央视一句话定调：这不是互殴，是正当防卫,365.598,06:05.598,2026-03-30,2026-03-30 15:33:50,1774856030,1,25,16777215,0,a86446ab,2078402037548802560,《合法》
515,BV1dvfsBrEFJ,36270509724,央视一句话定调：这不是互殴，是正当防卫,365.955,06:05.955,2026-04-03,2026-04-03 11:29:07,1775186947,1,25,16777215,0,142bfdf1,2081177973788350976,人民法院
516,BV1dvfsBrEFJ,36270509724,央视一句话定调：这不是互殴，是正当防卫,366.055,06:06.055,2026-04-05,2026-04-05 02:58:31,1775329111,1,25,16777215,0,7159a2b1,2082370533324500736,沆瀣一气
517,BV1dvfsBrEFJ,36270509724,央视一句话定调：这不是互殴，是正当防卫,366.352,06:06.352,2026-04-01,2026-04-01 12:30:15,1775017815,1,25,16777215,0,854caa57,2079759190691972608,正常流程
518,BV1dvfsBrEFJ,36270509724,央视一句话定调：这不是互殴，是正当防卫,366.569,06:06.569,2026-02-25,2026-02-25 21:27:34,1772026054,1,25,16777215,0,95f8f0c4,2054662479501637888,沆瀣一气
519,BV1dvfsBrEFJ,36270509724,央视一句话定调：这不是互殴，是正当防卫,367.567,06:07.567,2026-04-01,2026-04-01 06:33:21,1774996401,1,25,16777215,0,113b065c,2079579556670686464,公检法
520,BV1dvfsBrEFJ,36270509724,央视一句话定调：这不是互殴，是正当防卫,367.759,06:07.759,2026-04-13,2026-04-13 19:10:43,1776078643,1,25,16777215,0,4501a3c7,2088658060083567104,神奇啥，这就是事实
521,BV1dvfsBrEFJ,36270509724,央视一句话定调：这不是互殴，是正当防卫,368.044,06:08.044,2026-02-25,2026-02-25 22:12:21,1772028741,1,25,16777215,0,69c64ac,2054685023038493696,我笑了
522,BV1dvfsBrEFJ,36270509724,央视一句话定调：这不是互殴，是正当防卫,368.537,06:08.537,2026-02-25,2026-02-25 22:13:31,1772028811,1,25,16646914,0,513a6fdb,2054685607833947904,如果按照这样的审判思维，是不是自卫还击战也是不对的，因为还击了嘛。
523,BV1dvfsBrEFJ,36270509724,央视一句话定调：这不是互殴，是正当防卫,369.322,06:09.322,2026-04-15,2026-04-15 20:30:35,1776256235,1,25,16777215,0,3561c04f,2090147808874546432,哈哈哈哈哈哈哈哈哈
524,BV1dvfsBrEFJ,36270509724,央视一句话定调：这不是互殴，是正当防卫,369.675,06:09.675,2026-04-01,2026-04-01 12:23:14,1775017394,1,25,16777215,0,b904bdf6,2079755657510969344,荒唐
525,BV1dvfsBrEFJ,36270509724,央视一句话定调：这不是互殴，是正当防卫,369.811,06:09.811,2026-04-18,2026-04-18 11:14:30,1776482070,1,25,16777215,0,3a862f2f,2092042250623298048,淄博好像是
526,BV1dvfsBrEFJ,36270509724,央视一句话定调：这不是互殴，是正当防卫,370.829,06:10.829,2026-02-25,2026-02-25 23:10:27,1772032227,1,25,16777215,0,54e51a31,2054714264736097024,应该赔偿店里损失，包括误工费营业损失
527,BV1dvfsBrEFJ,36270509724,央视一句话定调：这不是互殴，是正当防卫,371.168,06:11.168,2026-04-12,2026-04-12 10:37:21,1775961441,1,25,16777215,0,fe710fcc,2087674896846287872,被人先打了，你就要挨着吗？
528,BV1dvfsBrEFJ,36270509724,央视一句话定调：这不是互殴，是正当防卫,371.430,06:11.430,2026-04-13,2026-04-13 10:17:27,1776046647,1,25,16777215,0,3d4f4545,2088389655530751744,漂亮
529,BV1dvfsBrEFJ,36270509724,央视一句话定调：这不是互殴，是正当防卫,371.689,06:11.689,2026-02-26,2026-02-26 00:00:24,1772035224,1,25,16777215,0,127b2db9,2054739404656402688,正经法院
530,BV1dvfsBrEFJ,36270509724,央视一句话定调：这不是互殴，是正当防卫,372.181,06:12.181,2026-02-25,2026-02-25 22:15:52,1772028952,1,25,16777215,0,992d261b,2054686789469514240,一家人？？？？
531,BV1dvfsBrEFJ,36270509724,央视一句话定调：这不是互殴，是正当防卫,372.308,06:12.308,2026-04-17,2026-04-17 12:04:20,1776398660,1,25,16777215,0,c7d29988,2091342555219906560,民营吧
532,BV1dvfsBrEFJ,36270509724,央视一句话定调：这不是互殴，是正当防卫,372.337,06:12.337,2026-02-25,2026-02-25 21:30:31,1772026231,1,25,16777215,0,801a2f39,2054663962573980160,好真实
533,BV1dvfsBrEFJ,36270509724,央视一句话定调：这不是互殴，是正当防卫,374.233,06:14.233,2026-03-31,2026-03-31 17:46:28,1774950388,1,25,16777215,0,1aeee741,2079193567985086208,气笑了
534,BV1dvfsBrEFJ,36270509724,央视一句话定调：这不是互殴，是正当防卫,374.542,06:14.542,2026-05-07,2026-05-07 16:02:15,1778140935,1,25,16777215,0,3ea25d5f,2105957818044952832,？？？
535,BV1dvfsBrEFJ,36270509724,央视一句话定调：这不是互殴，是正当防卫,374.891,06:14.891,2026-02-25,2026-02-25 20:48:02,1772023682,1,25,16777215,0,aa2e6a97,2054642582402859264,就这么个事情，要这么麻烦，唉～
536,BV1dvfsBrEFJ,36270509724,央视一句话定调：这不是互殴，是正当防卫,375.160,06:15.160,2026-04-06,2026-04-06 00:32:53,1775406773,1,25,16777215,0,5e4441bc,2083022005590121472,憋屈啊！！！！
537,BV1dvfsBrEFJ,36270509724,央视一句话定调：这不是互殴，是正当防卫,375.510,06:15.510,2026-03-31,2026-03-31 08:13:33,1774916013,1,25,16777215,0,619a6a57,2078905214282903808,公检法应该各自独立，才能保持公平，公正，一旦出现错误判决的案例。相关的司法的人员，应该给予开除公职的处分！
538,BV1dvfsBrEFJ,36270509724,央视一句话定调：这不是互殴，是正当防卫,375.815,06:15.815,2026-04-11,2026-04-11 13:01:38,1775883698,1,25,16777215,0,2460eeda,2087022743458862848,靠 啥玩意
539,BV1dvfsBrEFJ,36270509724,央视一句话定调：这不是互殴，是正当防卫,376.005,06:16.005,2026-04-02,2026-04-02 21:30:03,1775136603,1,25,16777215,0,a9eaa10d,2080755660073111552,这才对嘛！
540,BV1dvfsBrEFJ,36270509724,央视一句话定调：这不是互殴，是正当防卫,376.255,06:16.255,2026-04-18,2026-04-18 22:17:41,1776521861,1,25,16777215,0,b4cc1205,2092376043569859328,真实
541,BV1dvfsBrEFJ,36270509724,央视一句话定调：这不是互殴，是正当防卫,376.483,06:16.483,2026-04-01,2026-04-01 08:47:26,1775004446,1,25,16777215,0,489e25f0,2079647043290837760,毕竟一家人
542,BV1dvfsBrEFJ,36270509724,央视一句话定调：这不是互殴，是正当防卫,376.532,06:16.532,2026-02-25,2026-02-25 20:25:35,1772022335,1,25,16777215,0,4c082a28,2054631279274269952,好法
543,BV1dvfsBrEFJ,36270509724,央视一句话定调：这不是互殴，是正当防卫,376.733,06:16.733,2026-04-13,2026-04-13 17:15:27,1776071727,5,25,16777215,0,213dbc0,2088600041047729152,气笑了
544,BV1dvfsBrEFJ,36270509724,央视一句话定调：这不是互殴，是正当防卫,377.220,06:17.220,2026-03-30,2026-03-30 10:46:04,1774838764,1,25,16777215,0,ffc566f4,2078257204540318208,一家人？？？
545,BV1dvfsBrEFJ,36270509724,央视一句话定调：这不是互殴，是正当防卫,378.194,06:18.194,2026-05-05,2026-05-05 22:11:32,1777990292,1,25,16777215,0,c7ec02cb,2104694134706242048,二审不太可能驳回一审判决，这基本是共识
546,BV1dvfsBrEFJ,36270509724,央视一句话定调：这不是互殴，是正当防卫,378.342,06:18.342,2026-02-25,2026-02-25 22:57:28,1772031448,1,25,16777215,0,7a9f970b,2054707730958556672,公平公正
547,BV1dvfsBrEFJ,36270509724,央视一句话定调：这不是互殴，是正当防卫,378.460,06:18.460,2026-04-06,2026-04-06 08:53:55,1775436835,1,25,16777215,0,a0b00d7a,2083274184997699328,天呀
548,BV1dvfsBrEFJ,36270509724,央视一句话定调：这不是互殴，是正当防卫,378.464,06:18.464,2026-02-25,2026-02-25 21:25:56,1772025956,1,25,16777215,0,834bb7b5,2054661661872921600,谁说山东行的？哈哈
549,BV1dvfsBrEFJ,36270509724,央视一句话定调：这不是互殴，是正当防卫,378.728,06:18.728,2026-02-25,2026-02-25 20:22:18,1772022138,1,25,16777215,0,aa2e76f9,2054629628035515904,666
550,BV1dvfsBrEFJ,36270509724,央视一句话定调：这不是互殴，是正当防卫,378.954,06:18.954,2026-02-25,2026-02-25 22:54:03,1772031243,1,25,16777215,0,765a4838,2054706012359181568,太气人了
551,BV1dvfsBrEFJ,36270509724,央视一句话定调：这不是互殴，是正当防卫,380.483,06:20.483,2026-03-31,2026-03-31 16:28:33,1774945713,1,25,16777215,0,318590da,2079154356871346432,有熟人
552,BV1dvfsBrEFJ,36270509724,央视一句话定调：这不是互殴，是正当防卫,381.136,06:21.136,2026-02-25,2026-02-25 23:19:37,1772032777,1,25,16777215,0,da971b1c,2054718879301256704,？？？？社会危害？危害了谁？如果张女士打跑了对方并且追出去继续打，那才是防卫过当，互殴是指双方都有意激化冲突
553,BV1dvfsBrEFJ,36270509724,央视一句话定调：这不是互殴，是正当防卫,381.533,06:21.533,2026-04-11,2026-04-11 08:31:23,1775867483,1,25,16777215,0,8ee8afe2,2086886722004071168,请说中文！
554,BV1dvfsBrEFJ,36270509724,央视一句话定调：这不是互殴，是正当防卫,381.577,06:21.577,2026-05-07,2026-05-07 16:02:55,1778140975,1,25,16777215,0,3ea25d5f,2105958155191435008,？？？难道被打死了，再等你们判犯罪嫌疑人吗
555,BV1dvfsBrEFJ,36270509724,央视一句话定调：这不是互殴，是正当防卫,382.830,06:22.830,2026-02-26,2026-02-26 00:43:01,1772037781,1,25,16777215,0,4b44f7a1,2054760850979756800,？什么叫社会危害性？被打不能保护自己吗？
556,BV1dvfsBrEFJ,36270509724,央视一句话定调：这不是互殴，是正当防卫,382.967,06:22.967,2026-03-31,2026-03-31 20:45:17,1774961117,1,25,16777215,0,f06b17de,2079283570014723584,社会危害性？!
557,BV1dvfsBrEFJ,36270509724,央视一句话定调：这不是互殴，是正当防卫,383.087,06:23.087,2026-04-11,2026-04-11 09:31:11,1775871071,1,25,16777215,0,cac68b94,2086916817578164992,逆天
558,BV1dvfsBrEFJ,36270509724,央视一句话定调：这不是互殴，是正当防卫,383.504,06:23.504,2026-03-30,2026-03-30 07:22:34,1774826554,1,25,16777215,0,876a2217,2078154777279901696,？
559,BV1dvfsBrEFJ,36270509724,央视一句话定调：这不是互殴，是正当防卫,383.564,06:23.564,2026-04-05,2026-04-05 15:10:25,1775373025,1,25,16777215,0,4afc625b,2082738907963081472,这是正经法院？
560,BV1dvfsBrEFJ,36270509724,央视一句话定调：这不是互殴，是正当防卫,383.620,06:23.620,2026-02-25,2026-02-25 23:28:27,1772033307,1,25,16777215,0,b227e0ac,2054723322797036544,哈哈哈气笑了
561,BV1dvfsBrEFJ,36270509724,央视一句话定调：这不是互殴，是正当防卫,383.644,06:23.644,2026-04-15,2026-04-15 20:30:51,1776256251,1,25,16777215,0,3561c04f,2090147942974837504,气笑了
562,BV1dvfsBrEFJ,36270509724,央视一句话定调：这不是互殴，是正当防卫,383.888,06:23.888,2026-02-25,2026-02-25 20:59:53,1772024393,1,25,16777215,0,1e092b9,2054648544740184320,有没有想过，会被那个醉酒者打死？
563,BV1dvfsBrEFJ,36270509724,央视一句话定调：这不是互殴，是正当防卫,384.070,06:24.070,2026-04-10,2026-04-10 19:53:15,1775821995,1,25,16777215,0,1a34709f,2086505140953351936,哈哈哈哈
564,BV1dvfsBrEFJ,36270509724,央视一句话定调：这不是互殴，是正当防卫,384.240,06:24.240,2026-02-25,2026-02-25 23:25:20,1772033120,1,25,16777215,0,bc37a185,2054721751602071552,谁？谁有社会危害性？？？
565,BV1dvfsBrEFJ,36270509724,央视一句话定调：这不是互殴，是正当防卫,384.404,06:24.404,2026-04-18,2026-04-18 23:03:05,1776524585,1,25,16777215,0,e034da68,2092398895941840384,疯了吧？？？？
566,BV1dvfsBrEFJ,36270509724,央视一句话定调：这不是互殴，是正当防卫,384.510,06:24.510,2026-02-25,2026-02-25 20:13:50,1772021630,1,25,16777215,0,80c6a11e,2054625365112224512,哈哈
567,BV1dvfsBrEFJ,36270509724,央视一句话定调：这不是互殴，是正当防卫,384.640,06:24.640,2026-03-29,2026-03-29 00:39:29,1774715969,1,25,16777215,0,f986329,2077227123424734208,艹啊，
568,BV1dvfsBrEFJ,36270509724,央视一句话定调：这不是互殴，是正当防卫,384.709,06:24.709,2026-04-13,2026-04-13 01:05:40,1776013540,1,25,16777215,0,71ab6e72,2088111939489832192,到了那个时候谁还顾虑什么危害不危害，自己不受危害最重要
569,BV1dvfsBrEFJ,36270509724,央视一句话定调：这不是互殴，是正当防卫,384.754,06:24.754,2026-03-30,2026-03-30 11:05:55,1774839955,1,25,16777215,0,2b9955e8,2078267190155110912,这样的话，只要对方是赤手空拳，你就只能站好了挨打呗
570,BV1dvfsBrEFJ,36270509724,央视一句话定调：这不是互殴，是正当防卫,384.854,06:24.854,2026-04-19,2026-04-19 00:10:18,1776528618,1,25,16777215,0,8b5e3573,2092432723162966016,虽然！？
571,BV1dvfsBrEFJ,36270509724,央视一句话定调：这不是互殴，是正当防卫,385.064,06:25.064,2026-04-14,2026-04-14 23:52:24,1776181944,1,25,16777215,0,be54091a,2089524612785590528,主要是她用了武器，他用手，所以性质变了
572,BV1dvfsBrEFJ,36270509724,央视一句话定调：这不是互殴，是正当防卫,385.096,06:25.096,2026-04-05,2026-04-05 19:21:56,1775388116,1,25,16777215,0,2bc82b6,2082865504020393216,666
573,BV1dvfsBrEFJ,36270509724,央视一句话定调：这不是互殴，是正当防卫,385.149,06:25.149,2026-03-31,2026-03-31 17:47:30,1774950450,1,25,16777215,0,39c1dc48,2079194091912013568,一个女的你要她赤手空拳的上？酒瓶子有什么危害性又不是锤子
574,BV1dvfsBrEFJ,36270509724,央视一句话定调：这不是互殴，是正当防卫,385.334,06:25.334,2026-02-25,2026-02-25 20:24:36,1772022276,1,25,16777215,0,5c4c3594,2054630790419104512,666等被打死了再说
575,BV1dvfsBrEFJ,36270509724,央视一句话定调：这不是互殴，是正当防卫,385.705,06:25.705,2026-02-25,2026-02-25 20:27:47,1772022467,1,25,16777215,0,a5c03410,2054632393759601408,真棒！
576,BV1dvfsBrEFJ,36270509724,央视一句话定调：这不是互殴，是正当防卫,386.226,06:26.226,2026-02-25,2026-02-25 22:19:11,1772029151,1,25,16777215,0,d40a30c,2054688455992806912,哈哈哈，反击会对社会造成危害
577,BV1dvfsBrEFJ,36270509724,央视一句话定调：这不是互殴，是正当防卫,386.259,06:26.259,2026-03-30,2026-03-30 08:08:11,1774829291,1,25,16707842,0,97bc555,2078177735381616896,危害谁了？危害施暴者？
578,BV1dvfsBrEFJ,36270509724,央视一句话定调：这不是互殴，是正当防卫,386.345,06:26.345,2026-02-25,2026-02-25 21:33:47,1772026427,1,25,16777215,0,fc3eafd3,2054665611900155648,好家伙
579,BV1dvfsBrEFJ,36270509724,央视一句话定调：这不是互殴，是正当防卫,386.506,06:26.506,2026-04-19,2026-04-19 01:29:46,1776533386,1,25,16777215,0,38648137,2092472721538958080,谁危害谁
580,BV1dvfsBrEFJ,36270509724,央视一句话定调：这不是互殴，是正当防卫,386.545,06:26.545,2026-03-23,2026-03-23 22:10:23,1774275023,1,25,16777215,0,49ca2d2a,2073528200407320832,到底是谁危害了谁？？？
581,BV1dvfsBrEFJ,36270509724,央视一句话定调：这不是互殴，是正当防卫,386.594,06:26.594,2026-04-01,2026-04-01 12:57:05,1775019425,1,25,16777215,0,5ad2948a,2079772695864157952,酒瓶是争议的关键
582,BV1dvfsBrEFJ,36270509724,央视一句话定调：这不是互殴，是正当防卫,386.609,06:26.609,2026-02-25,2026-02-25 19:22:32,1772018552,1,25,16777215,0,4279c42e,2054599552518182144,？？？
583,BV1dvfsBrEFJ,36270509724,央视一句话定调：这不是互殴，是正当防卫,386.727,06:26.727,2026-03-30,2026-03-30 20:27:41,1774873661,1,25,16777215,0,91402007,2078549936474952704,扯蛋
584,BV1dvfsBrEFJ,36270509724,央视一句话定调：这不是互殴，是正当防卫,386.782,06:26.782,2026-04-05,2026-04-05 19:22:07,1775388127,1,25,16777215,0,2bc82b6,2082865595942609408,太六了666
585,BV1dvfsBrEFJ,36270509724,央视一句话定调：这不是互殴，是正当防卫,387.478,06:27.478,2026-03-29,2026-03-29 20:24:22,1774787062,1,25,16777215,0,2eb03b61,2077823495035073792,用拳头打，不具有社会危害性
586,BV1dvfsBrEFJ,36270509724,央视一句话定调：这不是互殴，是正当防卫,387.731,06:27.731,2026-02-25,2026-02-25 21:36:55,1772026615,1,25,16777215,0,65b90807,2054667187012034048,好法
587,BV1dvfsBrEFJ,36270509724,央视一句话定调：这不是互殴，是正当防卫,387.757,06:27.757,2026-02-25,2026-02-25 20:27:27,1772022447,1,25,16777215,0,949bf0e4,2054632223017310208,报警一定要去正规派出所，一定要找正规法院
588,BV1dvfsBrEFJ,36270509724,央视一句话定调：这不是互殴，是正当防卫,388.007,06:28.007,2026-04-12,2026-04-12 10:38:29,1775961509,1,25,16777215,0,fe710fcc,2087675470719411456,危害性，对方先打人就没有危害性？这什么逻辑
589,BV1dvfsBrEFJ,36270509724,央视一句话定调：这不是互殴，是正当防卫,388.127,06:28.127,2026-04-12,2026-04-12 15:24:11,1775978651,1,25,16777215,0,1da53fa3,2087819264689578240,醉酒跑到人店里打砸就不是危害了？
590,BV1dvfsBrEFJ,36270509724,央视一句话定调：这不是互殴，是正当防卫,388.147,06:28.147,2026-02-25,2026-02-25 19:14:24,1772018064,1,25,16777215,0,20ac6527,2054595454993948928,真的是棒棒哒
591,BV1dvfsBrEFJ,36270509724,央视一句话定调：这不是互殴，是正当防卫,388.264,06:28.264,2026-02-25,2026-02-25 22:09:59,1772028599,1,25,16777215,0,39647d1a,2054683831243763968,醉酒本来就是存在危险性的
592,BV1dvfsBrEFJ,36270509724,央视一句话定调：这不是互殴，是正当防卫,388.295,06:28.295,2026-03-31,2026-03-31 17:57:00,1774951020,1,25,16777215,0,b80373ee,2079198875381661185,？
593,BV1dvfsBrEFJ,36270509724,央视一句话定调：这不是互殴，是正当防卫,388.536,06:28.536,2026-02-25,2026-02-25 20:50:25,1772023825,5,25,16646914,0,f8cc05b8,2054643779902071552,好客扇东
594,BV1dvfsBrEFJ,36270509724,央视一句话定调：这不是互殴，是正当防卫,388.690,06:28.690,2026-02-25,2026-02-25 23:27:00,1772033220,1,25,16777215,0,93e64c2a,2054722594649347072,社会危害性？？？？
595,BV1dvfsBrEFJ,36270509724,央视一句话定调：这不是互殴，是正当防卫,388.839,06:28.839,2026-03-30,2026-03-30 06:22:20,1774822940,1,25,16777215,0,7dbb1f0f,2078124463668962304,我草，草，草！
596,BV1dvfsBrEFJ,36270509724,央视一句话定调：这不是互殴，是正当防卫,389.086,06:29.086,2026-02-25,2026-02-25 22:33:53,1772030033,1,25,16777215,0,a87b1794,2054695857840016640,可笑啊，
597,BV1dvfsBrEFJ,36270509724,央视一句话定调：这不是互殴，是正当防卫,389.166,06:29.166,2026-04-05,2026-04-05 19:22:16,1775388136,1,25,16777215,0,2bc82b6,2082865666516050944,六道起飞
598,BV1dvfsBrEFJ,36270509724,央视一句话定调：这不是互殴，是正当防卫,389.470,06:29.470,2026-04-10,2026-04-10 00:46:23,1775753183,1,25,16777215,0,432cc667,2085927904990801664,哈？？？
599,BV1dvfsBrEFJ,36270509724,央视一句话定调：这不是互殴，是正当防卫,389.520,06:29.520,2026-03-31,2026-03-31 19:58:06,1774958286,1,25,16777215,0,262ec01e,2079259823014828800,张女士殴打他人！！！！！！！！！
600,BV1dvfsBrEFJ,36270509724,央视一句话定调：这不是互殴，是正当防卫,389.750,06:29.750,2026-04-12,2026-04-12 17:57:19,1775987839,1,25,41194,0,8f4a586a,2087896343489862144,危害施暴者了是吗？保护自己了。
601,BV1dvfsBrEFJ,36270509724,央视一句话定调：这不是互殴，是正当防卫,390.093,06:30.093,2026-03-30,2026-03-30 12:09:31,1774843771,1,25,16777215,0,ca51218e,2078299203029465600,符合山东省的气质
602,BV1dvfsBrEFJ,36270509724,央视一句话定调：这不是互殴，是正当防卫,390.388,06:30.388,2026-04-01,2026-04-01 12:04:54,1775016294,1,25,16777215,0,17bc4ac0,2079746435092033024,好样的
603,BV1dvfsBrEFJ,36270509724,央视一句话定调：这不是互殴，是正当防卫,390.554,06:30.554,2026-04-12,2026-04-12 14:15:08,1775974508,1,25,16777215,0,2f4ee6c1,2087784516063611648,哈哈哈哈哈
604,BV1dvfsBrEFJ,36270509724,央视一句话定调：这不是互殴，是正当防卫,390.660,06:30.660,2026-04-03,2026-04-03 03:43:32,1775159012,1,25,16777215,0,56d31eb7,2080943633644695296,那男的多大劲，不还手准备被打死吗
605,BV1dvfsBrEFJ,36270509724,央视一句话定调：这不是互殴，是正当防卫,390.699,06:30.699,2026-04-05,2026-04-05 19:22:21,1775388141,1,25,16777215,0,2bc82b6,2082865713735579392,666666666666666
606,BV1dvfsBrEFJ,36270509724,央视一句话定调：这不是互殴，是正当防卫,390.701,06:30.701,2026-04-01,2026-04-01 08:55:09,1775004909,1,25,16777215,0,ab86f914,2079650927342199040,一个女人对一个成年男子，生理上的悬殊我觉得拿把刀都不为过。
607,BV1dvfsBrEFJ,36270509724,央视一句话定调：这不是互殴，是正当防卫,390.793,06:30.793,2026-03-30,2026-03-30 08:56:44,1774832204,1,25,16777215,0,10d2782d,2078202170222155776,醉酒就能随便打人的危害性最大吧
608,BV1dvfsBrEFJ,36270509724,央视一句话定调：这不是互殴，是正当防卫,390.996,06:30.996,2026-02-25,2026-02-25 22:45:55,1772030755,1,25,16777215,0,b7af7e1b,2054701918014158336,气笑了
609,BV1dvfsBrEFJ,36270509724,央视一句话定调：这不是互殴，是正当防卫,391.548,06:31.548,2026-04-05,2026-04-05 19:22:26,1775388146,1,25,16777215,0,2bc82b6,2082865748288072192,6666
610,BV1dvfsBrEFJ,36270509724,央视一句话定调：这不是互殴，是正当防卫,391.571,06:31.571,2026-02-25,2026-02-25 22:41:24,1772030484,1,25,16777215,0,cfeb3778,2054699641211648512,不是一家人，不进。。。
611,BV1dvfsBrEFJ,36270509724,央视一句话定调：这不是互殴，是正当防卫,391.705,06:31.705,2026-02-25,2026-02-25 23:55:51,1772034951,1,25,16777215,0,2e035260,2054737117434905344,哎！
612,BV1dvfsBrEFJ,36270509724,央视一句话定调：这不是互殴，是正当防卫,391.903,06:31.903,2026-02-25,2026-02-25 22:44:28,1772030668,1,25,16777215,0,15dea367,2054701184002626816,哪里危害性了、？？
613,BV1dvfsBrEFJ,36270509724,央视一句话定调：这不是互殴，是正当防卫,392.267,06:32.267,2026-05-04,2026-05-04 14:05:36,1777874736,1,25,16777215,0,dac4000,2103724783405159936,醉酒男子动手打人没有危害性吗？太搞笑
614,BV1dvfsBrEFJ,36270509724,央视一句话定调：这不是互殴，是正当防卫,392.513,06:32.513,2026-02-25,2026-02-25 20:20:01,1772022001,1,25,16777215,0,a8f22df4,2054628476766112256,山东
615,BV1dvfsBrEFJ,36270509724,央视一句话定调：这不是互殴，是正当防卫,392.900,06:32.900,2026-04-05,2026-04-05 19:22:34,1775388154,1,25,16707842,0,2bc82b6,2082865821185159680,666
616,BV1dvfsBrEFJ,36270509724,央视一句话定调：这不是互殴，是正当防卫,393.220,06:33.220,2026-04-14,2026-04-14 23:35:59,1776180959,1,25,16777215,0,cb5fc6d0,2089516353228454656,谁按着他喝酒了？他才对社会存在危害性更大
617,BV1dvfsBrEFJ,36270509724,央视一句话定调：这不是互殴，是正当防卫,393.348,06:33.348,2026-03-31,2026-03-31 17:53:24,1774950804,1,25,16777215,0,bfd2337c,2079197061697731584,山东
618,BV1dvfsBrEFJ,36270509724,央视一句话定调：这不是互殴，是正当防卫,393.457,06:33.457,2026-02-25,2026-02-25 21:29:21,1772026161,1,25,16777215,0,1bcb14d8,2054663378693697280,还得是山东
619,BV1dvfsBrEFJ,36270509724,央视一句话定调：这不是互殴，是正当防卫,393.564,06:33.564,2026-02-25,2026-02-25 21:15:24,1772025324,1,25,16777215,0,764a23f1,2054656354022705152,haha
620,BV1dvfsBrEFJ,36270509724,央视一句话定调：这不是互殴，是正当防卫,393.767,06:33.767,2026-02-25,2026-02-25 19:51:52,1772020312,1,25,16777215,0,715f2832,2054614311603190272,危害谁了
621,BV1dvfsBrEFJ,36270509724,央视一句话定调：这不是互殴，是正当防卫,394.204,06:34.204,2026-03-31,2026-03-31 13:11:27,1774933887,1,25,16777215,0,fec107f5,2079055149309510400,气笑了……
622,BV1dvfsBrEFJ,36270509724,央视一句话定调：这不是互殴，是正当防卫,394.250,06:34.250,2026-04-16,2026-04-16 20:37:36,1776343056,5,25,15138834,0,f3737dfb,2090876117510028800,浩克沙东欢迎您
623,BV1dvfsBrEFJ,36270509724,央视一句话定调：这不是互殴，是正当防卫,394.260,06:34.260,2026-02-25,2026-02-25 22:25:01,1772029501,1,25,16777215,0,8088925d,2054691392592673792,哪个攻击行为和反击行为不存在社会危害性？
624,BV1dvfsBrEFJ,36270509724,央视一句话定调：这不是互殴，是正当防卫,394.308,06:34.308,2026-04-05,2026-04-05 19:22:40,1775388160,1,25,16707842,0,2bc82b6,2082865871894139904,666666
625,BV1dvfsBrEFJ,36270509724,央视一句话定调：这不是互殴，是正当防卫,394.354,06:34.354,2026-03-30,2026-03-30 04:32:58,1774816378,1,25,16777215,0,b41db192,2078069414737255680,在山东就不难理解了
626,BV1dvfsBrEFJ,36270509724,央视一句话定调：这不是互殴，是正当防卫,394.407,06:34.407,2026-04-12,2026-04-12 10:38:50,1775961530,1,25,16777215,0,fe710fcc,2087675647198564096,危害施暴者啦？
627,BV1dvfsBrEFJ,36270509724,央视一句话定调：这不是互殴，是正当防卫,394.410,06:34.410,2026-02-25,2026-02-25 23:05:57,1772031957,1,25,16777215,0,e1c6c2ad,2054711999669115648,被害者危害性？？？
628,BV1dvfsBrEFJ,36270509724,央视一句话定调：这不是互殴，是正当防卫,395.496,06:35.496,2026-02-25,2026-02-25 19:28:09,1772018889,1,25,16777215,0,90650ef2,2054602374924458240,呵呵呵，喝醉酒耍酒疯就没有社会危害性
629,BV1dvfsBrEFJ,36270509724,央视一句话定调：这不是互殴，是正当防卫,395.561,06:35.561,2026-02-25,2026-02-25 20:21:56,1772022116,1,25,16777215,0,3e9d15e5,2054629447923736576,哈哈
630,BV1dvfsBrEFJ,36270509724,央视一句话定调：这不是互殴，是正当防卫,396.021,06:36.021,2026-04-05,2026-04-05 19:22:50,1775388170,1,25,38979,0,2bc82b6,2082865954320677632,666666
631,BV1dvfsBrEFJ,36270509724,央视一句话定调：这不是互殴，是正当防卫,396.351,06:36.351,2026-04-14,2026-04-14 07:32:51,1776123171,1,25,16777215,0,6b59b7e3,2089031588926795520,不是被判了为什么还能追偿？这个才是关键点吧
632,BV1dvfsBrEFJ,36270509724,央视一句话定调：这不是互殴，是正当防卫,396.361,06:36.361,2026-02-25,2026-02-25 19:11:07,1772017867,1,25,16777215,0,ff9a5f2e,2054593799619574272,没有他先动手
633,BV1dvfsBrEFJ,36270509724,央视一句话定调：这不是互殴，是正当防卫,397.513,06:37.513,2026-02-25,2026-02-25 23:15:37,1772032537,1,25,16777215,0,8768d53b,2054716864114448640,操 应该好言相劝吗
634,BV1dvfsBrEFJ,36270509724,央视一句话定调：这不是互殴，是正当防卫,398.263,06:38.263,2026-04-06,2026-04-06 08:54:37,1775436877,1,25,16777215,0,a0b00d7a,2083274536605999104,作为山东人，怎么说呢？！
635,BV1dvfsBrEFJ,36270509724,央视一句话定调：这不是互殴，是正当防卫,398.403,06:38.403,2026-03-27,2026-03-27 14:41:31,1774593691,1,25,16777215,0,c4f67f06,2076201378607064064,太难了
636,BV1dvfsBrEFJ,36270509724,央视一句话定调：这不是互殴，是正当防卫,398.580,06:38.580,2026-02-25,2026-02-25 23:40:49,1772034049,1,25,16777215,0,f877cd1d,2054729542799122176,山东？
637,BV1dvfsBrEFJ,36270509724,央视一句话定调：这不是互殴，是正当防卫,398.601,06:38.601,2026-04-03,2026-04-03 03:43:48,1775159028,1,25,16777215,0,e96a20f3,2080943772870744320,幽默山东
638,BV1dvfsBrEFJ,36270509724,央视一句话定调：这不是互殴，是正当防卫,398.886,06:38.886,2026-02-25,2026-02-25 20:35:16,1772022916,1,25,16777215,0,1a4a07f6,2054636157165260288,去美国上诉。那里法律健全。
639,BV1dvfsBrEFJ,36270509724,央视一句话定调：这不是互殴，是正当防卫,399.166,06:39.166,2026-03-29,2026-03-29 08:50:05,1774745405,1,25,16777215,0,5e1253c1,2077474053677181440,正经法院
640,BV1dvfsBrEFJ,36270509724,央视一句话定调：这不是互殴，是正当防卫,399.188,06:39.188,2026-03-31,2026-03-31 20:14:18,1774959258,1,25,16777215,0,2f556639,2079267975197764352,服了！草
641,BV1dvfsBrEFJ,36270509724,央视一句话定调：这不是互殴，是正当防卫,399.231,06:39.231,2026-04-01,2026-04-01 13:31:14,1775021474,1,25,16777215,0,1ce78ade,2079789880715725568,山东有说法？
642,BV1dvfsBrEFJ,36270509724,央视一句话定调：这不是互殴，是正当防卫,399.629,06:39.629,2026-02-25,2026-02-25 20:26:09,1772022369,1,25,16777215,0,609fe8c4,2054631570694496000,对方是托 竞争对手请的
643,BV1dvfsBrEFJ,36270509724,央视一句话定调：这不是互殴，是正当防卫,399.821,06:39.821,2026-04-10,2026-04-10 23:52:04,1775836324,1,25,16777215,0,8fc06ce0,2086625343103936768,瘦小的女子能危害谁？
644,BV1dvfsBrEFJ,36270509724,央视一句话定调：这不是互殴，是正当防卫,400.604,06:40.604,2026-04-05,2026-04-05 15:11:00,1775373060,1,25,16777215,0,4afc625b,2082739203527122176,原来是山东啊，这就好理解了
645,BV1dvfsBrEFJ,36270509724,央视一句话定调：这不是互殴，是正当防卫,400.708,06:40.708,2026-02-25,2026-02-25 17:36:32,1772012192,1,25,16777215,0,bdc3d6fe,2054546193329762304,卧槽
646,BV1dvfsBrEFJ,36270509724,央视一句话定调：这不是互殴，是正当防卫,400.998,06:40.998,2026-02-25,2026-02-25 22:12:54,1772028774,1,25,16777215,0,69c64ac,2054685299199922688,不还手就没危害性了
647,BV1dvfsBrEFJ,36270509724,央视一句话定调：这不是互殴，是正当防卫,401.116,06:41.116,2026-04-07,2026-04-07 22:21:45,1775571705,1,25,16777215,0,6ecf61d4,2084405555585860608,划重点，这已经是二审了。
648,BV1dvfsBrEFJ,36270509724,央视一句话定调：这不是互殴，是正当防卫,402.061,06:42.061,2026-04-09,2026-04-09 18:57:21,1775732241,1,25,16777215,0,a8b40cfd,2085752226962003712,无敌了
649,BV1dvfsBrEFJ,36270509724,央视一句话定调：这不是互殴，是正当防卫,402.120,06:42.120,2026-03-30,2026-03-30 10:46:33,1774838793,1,25,16777215,0,ffc566f4,2078257443389150720,山东
650,BV1dvfsBrEFJ,36270509724,央视一句话定调：这不是互殴，是正当防卫,402.227,06:42.227,2026-03-30,2026-03-30 20:27:56,1774873676,1,25,16777215,0,91402007,2078550065659958784,卧槽
651,BV1dvfsBrEFJ,36270509724,央视一句话定调：这不是互殴，是正当防卫,402.420,06:42.420,2026-02-25,2026-02-25 21:49:25,1772027365,1,25,16777215,0,1f59320c,2054673476488635136,山东上大分
652,BV1dvfsBrEFJ,36270509724,央视一句话定调：这不是互殴，是正当防卫,402.830,06:42.830,2026-03-28,2026-03-28 05:53:55,1774648435,1,25,16777215,0,a94d75e5,2076660608631882496,好绝望呀
653,BV1dvfsBrEFJ,36270509724,央视一句话定调：这不是互殴，是正当防卫,402.900,06:42.900,2026-02-25,2026-02-25 19:10:30,1772017830,1,25,16777215,0,8e52b291,2054593494970501888,正规法院
654,BV1dvfsBrEFJ,36270509724,央视一句话定调：这不是互殴，是正当防卫,403.439,06:43.439,2026-02-25,2026-02-25 22:54:28,1772031268,1,25,16777215,0,765a4838,2054706218685158912,太不容易了
655,BV1dvfsBrEFJ,36270509724,央视一句话定调：这不是互殴，是正当防卫,403.526,06:43.526,2026-02-25,2026-02-25 22:09:19,1772028559,1,25,16777215,0,c96ab467,2054683496362617600,给我气笑了
656,BV1dvfsBrEFJ,36270509724,央视一句话定调：这不是互殴，是正当防卫,403.582,06:43.582,2026-04-01,2026-04-01 08:38:45,1775003925,1,25,16777215,0,fcabf4e5,2079642674738444288,山东？6666啊
657,BV1dvfsBrEFJ,36270509724,央视一句话定调：这不是互殴，是正当防卫,403.632,06:43.632,2026-04-05,2026-04-05 07:23:20,1775345000,1,25,16777215,0,b2808409,2082503819018831872,神奇滑稽
658,BV1dvfsBrEFJ,36270509724,央视一句话定调：这不是互殴，是正当防卫,403.841,06:43.841,2026-04-07,2026-04-07 08:53:57,1775523237,1,25,16777215,0,556c40ed,2083998980845007104,这好意思报道？？？？
659,BV1dvfsBrEFJ,36270509724,央视一句话定调：这不是互殴，是正当防卫,404.048,06:44.048,2026-04-14,2026-04-14 20:06:38,1776168398,1,25,16777215,0,e881a18,2089410978143205632,“考公大省”
660,BV1dvfsBrEFJ,36270509724,央视一句话定调：这不是互殴，是正当防卫,404.795,06:44.795,2026-02-25,2026-02-25 20:16:17,1772021777,1,25,16777215,0,7c342424,2054626599671706624,区区区
661,BV1dvfsBrEFJ,36270509724,央视一句话定调：这不是互殴，是正当防卫,404.808,06:44.808,2026-02-25,2026-02-25 22:33:13,1772029993,1,25,16777215,0,a0f9fda0,2054695519099978752,不还手就没有危害
662,BV1dvfsBrEFJ,36270509724,央视一句话定调：这不是互殴，是正当防卫,405.098,06:45.098,2026-02-25,2026-02-25 21:55:39,1772027739,1,25,16646914,0,3e54321,2054676613626655232,珍爱生命。。远离山东。。
663,BV1dvfsBrEFJ,36270509724,央视一句话定调：这不是互殴，是正当防卫,405.752,06:45.752,2026-02-25,2026-02-25 19:22:57,1772018577,1,25,16777215,0,4279c42e,2054599754247207936,山东上大分
664,BV1dvfsBrEFJ,36270509724,央视一句话定调：这不是互殴，是正当防卫,406.164,06:46.164,2026-04-17,2026-04-17 21:38:45,1776433125,1,25,16777215,0,f9133db8,2091631674525533952,被打还手具有社会危害性哈哈
665,BV1dvfsBrEFJ,36270509724,央视一句话定调：这不是互殴，是正当防卫,406.439,06:46.439,2026-03-31,2026-03-31 19:35:40,1774956940,1,25,16777215,0,31fe6d01,2079248537476429056,自卫权必须受到保护
666,BV1dvfsBrEFJ,36270509724,央视一句话定调：这不是互殴，是正当防卫,406.661,06:46.661,2026-02-25,2026-02-25 19:24:11,1772018651,1,25,16777215,0,6836eca7,2054600378142063616,山东正规法院，佩服！
667,BV1dvfsBrEFJ,36270509724,央视一句话定调：这不是互殴，是正当防卫,407.849,06:47.849,2026-02-25,2026-02-25 19:27:20,1772018840,1,25,16777215,0,d8c7696e,2054601965693854976,气死啦
668,BV1dvfsBrEFJ,36270509724,央视一句话定调：这不是互殴，是正当防卫,408.325,06:48.325,2026-02-25,2026-02-25 20:20:48,1772022048,1,25,16777215,0,a8f22df4,2054628875795360256,对，应该找个正规法院
669,BV1dvfsBrEFJ,36270509724,央视一句话定调：这不是互殴，是正当防卫,408.363,06:48.363,2026-02-25,2026-02-25 20:05:21,1772021121,1,25,16777215,0,b22293c9,2054621099211865088,山东真是个神奇的地方
670,BV1dvfsBrEFJ,36270509724,央视一句话定调：这不是互殴，是正当防卫,408.651,06:48.651,2026-04-07,2026-04-07 15:24:49,1775546689,1,25,16777215,0,eb7ae74a,2084195706344363264,山东好汉
671,BV1dvfsBrEFJ,36270509724,央视一句话定调：这不是互殴，是正当防卫,408.805,06:48.805,2026-04-15,2026-04-15 20:31:18,1776256278,1,25,16777215,0,3561c04f,2090148167654937088,好绝望呀
672,BV1dvfsBrEFJ,36270509724,央视一句话定调：这不是互殴，是正当防卫,408.894,06:48.894,2026-02-25,2026-02-25 17:13:36,1772010816,1,25,16777215,0,26fa9c46,2054534657877876992,好难啊
673,BV1dvfsBrEFJ,36270509724,央视一句话定调：这不是互殴，是正当防卫,409.474,06:49.474,2026-02-25,2026-02-25 21:01:45,1772024505,1,25,16777215,0,1e092b9,2054649489532594688,记得加“”啊，前面的
674,BV1dvfsBrEFJ,36270509724,央视一句话定调：这不是互殴，是正当防卫,410.279,06:50.279,2026-02-26,2026-02-26 00:43:50,1772037830,1,25,16777215,0,4b44f7a1,2054761261862132480,还好张女士没放弃
675,BV1dvfsBrEFJ,36270509724,央视一句话定调：这不是互殴，是正当防卫,410.463,06:50.463,2026-02-25,2026-02-25 22:02:03,1772028123,1,25,16777215,0,d994189f,2054679832696603904,真搞笑
676,BV1dvfsBrEFJ,36270509724,央视一句话定调：这不是互殴，是正当防卫,410.601,06:50.601,2026-02-25,2026-02-25 22:25:26,1772029526,1,25,16777215,0,f35f4444,2054691607592795904,驳回那么多次啊
677,BV1dvfsBrEFJ,36270509724,央视一句话定调：这不是互殴，是正当防卫,411.219,06:51.219,2026-02-25,2026-02-25 23:22:18,1772032938,1,25,16777215,0,a4c24407,2054720229841451776,昆山龙哥忆尤未忘
678,BV1dvfsBrEFJ,36270509724,央视一句话定调：这不是互殴，是正当防卫,411.381,06:51.381,2026-03-30,2026-03-30 12:10:08,1774843808,1,25,16777215,0,ca51218e,2078299515437907456,重男轻女大省
679,BV1dvfsBrEFJ,36270509724,央视一句话定调：这不是互殴，是正当防卫,413.103,06:53.103,2026-02-25,2026-02-25 17:41:29,1772012489,1,25,16777215,0,b4cd2b8b,2054548689183057664,太难了
680,BV1dvfsBrEFJ,36270509724,央视一句话定调：这不是互殴，是正当防卫,413.309,06:53.309,2026-02-25,2026-02-25 21:52:57,1772027577,1,25,16777215,0,5b0b603a,2054675255394039552,真够无耻的
681,BV1dvfsBrEFJ,36270509724,央视一句话定调：这不是互殴，是正当防卫,413.362,06:53.362,2026-02-25,2026-02-25 19:41:28,1772019688,1,25,16777215,0,77bf5fd6,2054609081624618752,遥遥领先
682,BV1dvfsBrEFJ,36270509724,央视一句话定调：这不是互殴，是正当防卫,414.696,06:54.696,2026-02-25,2026-02-25 22:33:35,1772030015,1,25,16777215,0,3a0ef3fe,2054695708765819392,能获得国家赔偿吗？
683,BV1dvfsBrEFJ,36270509724,央视一句话定调：这不是互殴，是正当防卫,415.714,06:55.714,2026-02-25,2026-02-25 23:09:35,1772032175,1,25,16777215,0,384a3464,2054713824342516736,这是勇士，佩服
684,BV1dvfsBrEFJ,36270509724,央视一句话定调：这不是互殴，是正当防卫,416.775,06:56.775,2026-02-25,2026-02-25 17:09:52,1772010592,1,25,16777215,0,fb1159c2,2054532776925664000,ca0
685,BV1dvfsBrEFJ,36270509724,央视一句话定调：这不是互殴，是正当防卫,418.134,06:58.134,2026-02-25,2026-02-25 21:22:45,1772025765,1,25,16777215,0,1cd9ceb4,2054660053575286016,不愧是考公大省
686,BV1dvfsBrEFJ,36270509724,央视一句话定调：这不是互殴，是正当防卫,420.335,07:00.335,2026-02-26,2026-02-26 00:44:44,1772037884,1,25,16777215,0,4b44f7a1,2054761713286442496,很多人估计都没心力继续了，还好张女士勇敢。
687,BV1dvfsBrEFJ,36270509724,央视一句话定调：这不是互殴，是正当防卫,420.581,07:00.581,2026-02-25,2026-02-25 17:17:32,1772011052,1,25,16777215,0,c1726040,2054536637673393664,律师牛逼，明知山有虎，偏向虎山行。
688,BV1dvfsBrEFJ,36270509724,央视一句话定调：这不是互殴，是正当防卫,420.596,07:00.596,2026-04-15,2026-04-15 20:31:31,1776256291,1,25,16777215,0,3561c04f,2090148280247152640,昆山龙哥忆尤未忘
689,BV1dvfsBrEFJ,36270509724,央视一句话定调：这不是互殴，是正当防卫,421.352,07:01.352,2026-02-25,2026-02-25 22:01:23,1772028083,1,25,16777215,0,d6b21887,2054679499677387008,正规好词啊
690,BV1dvfsBrEFJ,36270509724,央视一句话定调：这不是互殴，是正当防卫,421.874,07:01.874,2026-02-26,2026-02-26 00:55:53,1772038553,1,25,16777215,0,2cbbc6de,2054767331649339648,这是检察官
691,BV1dvfsBrEFJ,36270509724,央视一句话定调：这不是互殴，是正当防卫,423.747,07:03.747,2026-02-26,2026-02-26 09:03:01,1772067781,1,25,16777215,0,9e8c7558,2055012509572435456,还好，有地方说理
692,BV1dvfsBrEFJ,36270509724,央视一句话定调：这不是互殴，是正当防卫,424.109,07:04.109,2026-03-31,2026-03-31 09:31:13,1774920673,1,25,16707842,0,14601eeb,2078944306018338816,还得是检察官啊
693,BV1dvfsBrEFJ,36270509724,央视一句话定调：这不是互殴，是正当防卫,426.563,07:06.563,2026-02-25,2026-02-25 20:22:27,1772022147,1,25,16777215,0,3e9d15e5,2054629708272486656,遥遥领先
694,BV1dvfsBrEFJ,36270509724,央视一句话定调：这不是互殴，是正当防卫,426.899,07:06.899,2026-02-25,2026-02-25 20:19:41,1772021981,1,25,16777215,0,91fbcc3b,2054628310713540864,这个律师牛逼啊
695,BV1dvfsBrEFJ,36270509724,央视一句话定调：这不是互殴，是正当防卫,429.788,07:09.788,2026-02-25,2026-02-25 19:13:45,1772018025,1,25,16777215,0,3c2f821f,2054595125531273984,葫芦僧错判葫芦案
696,BV1dvfsBrEFJ,36270509724,央视一句话定调：这不是互殴，是正当防卫,430.740,07:10.740,2026-02-25,2026-02-25 21:21:35,1772025695,1,25,16777215,0,7c1e03b2,2054659471439023872,牛啊
697,BV1dvfsBrEFJ,36270509724,央视一句话定调：这不是互殴，是正当防卫,433.470,07:13.470,2026-02-25,2026-02-25 22:40:28,1772030428,1,25,16777215,0,ed4fe5bb,2054699174913980928,这暖气片不应该是正当防卫的理由啊 那万一没有呢 就算互殴？这不扯犊子
698,BV1dvfsBrEFJ,36270509724,央视一句话定调：这不是互殴，是正当防卫,433.556,07:13.556,2026-04-17,2026-04-17 07:35:20,1776382520,1,25,16777215,0,42cd19e,2091207163564469760,看来还是得乖乖挨打，学会格挡，同时祈祷别被打死
699,BV1dvfsBrEFJ,36270509724,央视一句话定调：这不是互殴，是正当防卫,437.326,07:17.326,2026-02-25,2026-02-25 17:21:27,1772011287,1,25,16777215,0,9663e0ce,2054538603643955200,连续对他人造成侵害，且有追逐侵犯，还不明确？
700,BV1dvfsBrEFJ,36270509724,央视一句话定调：这不是互殴，是正当防卫,437.760,07:17.760,2026-05-03,2026-05-03 02:06:52,1777745212,1,25,16777215,0,67e8c2b8,2102638253206955264,我真不明白了，就算是啤酒瓶给它咂出来的，那咋了？那也是正当防卫啊
701,BV1dvfsBrEFJ,36270509724,央视一句话定调：这不是互殴，是正当防卫,438.049,07:18.049,2026-02-25,2026-02-25 22:30:22,1772029822,1,25,16777215,0,725829c1,2054694086988313344,呵呵了，这TM也搞笑，如果没那个暖气片就还TM是互殴呗
702,BV1dvfsBrEFJ,36270509724,央视一句话定调：这不是互殴，是正当防卫,438.151,07:18.151,2026-03-31,2026-03-31 17:58:46,1774951126,1,25,16777215,0,98e91bfb,2079199762200065792,跟暖气片有个屁关系
703,BV1dvfsBrEFJ,36270509724,央视一句话定调：这不是互殴，是正当防卫,440.018,07:20.018,2026-02-25,2026-02-25 21:53:37,1772027617,1,25,16777215,0,940a9be4,2054675589612249088,山东法院NB啊
704,BV1dvfsBrEFJ,36270509724,央视一句话定调：这不是互殴，是正当防卫,440.078,07:20.078,2026-02-25,2026-02-25 20:49:14,1772023754,1,25,16777215,0,f8d14b0c,2054643189973430784,也就是说，到最后，起决定性作用的不是反击合法，而是伤口不是她打的，如果是她打的，还是互殴？
705,BV1dvfsBrEFJ,36270509724,央视一句话定调：这不是互殴，是正当防卫,441.331,07:21.331,2026-04-09,2026-04-09 20:45:38,1775738738,1,25,16777215,0,58acf3e8,2085806727856880896,那要是不是暖气片弄的，还不能排除互殴了？
706,BV1dvfsBrEFJ,36270509724,央视一句话定调：这不是互殴，是正当防卫,442.784,07:22.784,2026-03-29,2026-03-29 16:08:55,1774771735,1,25,16777215,0,a415b610,2077694917664524032,就是没有暖气片也是正当防卫啊
707,BV1dvfsBrEFJ,36270509724,央视一句话定调：这不是互殴，是正当防卫,443.371,07:23.371,2026-03-30,2026-03-30 14:12:56,1774851176,1,25,16777215,0,9b9d20b6,2078361318641469696,其实，这都不是暖气片的问题，这是对方全责问题。即使它被刘女士打伤，都是正当防卫
708,BV1dvfsBrEFJ,36270509724,央视一句话定调：这不是互殴，是正当防卫,443.932,07:23.932,2026-02-25,2026-02-25 22:26:17,1772029577,1,25,16777215,0,f35f4444,2054692030319878400,那就是新证据，如果我还手，还是算互殴
709,BV1dvfsBrEFJ,36270509724,央视一句话定调：这不是互殴，是正当防卫,444.344,07:24.344,2026-02-25,2026-02-25 20:50:35,1772023835,1,25,16777215,0,aa2e6a97,2054643864886989568,真有意思，挨打的人必须思路清晰，冷静克制，做好赴死的准备
710,BV1dvfsBrEFJ,36270509724,央视一句话定调：这不是互殴，是正当防卫,444.752,07:24.752,2026-04-13,2026-04-13 08:30:07,1776040207,1,25,16777215,0,383f16e0,2088335637567992832,也就是没暖气片还是互殴了？
711,BV1dvfsBrEFJ,36270509724,央视一句话定调：这不是互殴，是正当防卫,445.368,07:25.368,2026-03-30,2026-03-30 08:58:48,1774832328,1,25,16777215,0,10d2782d,2078203212473278208,所以说根本没有证据证明男方头上的伤是女方砸的，而男方视频里明显动手打了女方……
712,BV1dvfsBrEFJ,36270509724,央视一句话定调：这不是互殴，是正当防卫,445.570,07:25.570,2026-04-01,2026-04-01 06:34:43,1774996483,1,25,16777215,0,113b065c,2079580243890729728,太难了
713,BV1dvfsBrEFJ,36270509724,央视一句话定调：这不是互殴，是正当防卫,445.592,07:25.592,2026-04-26,2026-04-26 09:35:09,1777167309,1,25,16777215,0,2a369ab6,2097790452400612864,啊，找个这理由？
714,BV1dvfsBrEFJ,36270509724,央视一句话定调：这不是互殴，是正当防卫,446.417,07:26.417,2026-04-01,2026-04-01 02:38:18,1774982298,1,25,16777215,0,6f6661b7,2079461252694604288,？？？？这，
715,BV1dvfsBrEFJ,36270509724,央视一句话定调：这不是互殴，是正当防卫,446.740,07:26.740,2026-02-25,2026-02-25 22:58:44,1772031524,1,25,16777215,0,7a9f970b,2054708364667765248,这有区别？
716,BV1dvfsBrEFJ,36270509724,央视一句话定调：这不是互殴，是正当防卫,447.468,07:27.468,2026-02-25,2026-02-25 21:08:19,1772024899,1,25,16777215,0,fcd819fe,2054652791431531776,也就是说，认定是不是正当防卫还是看对方受伤情况，而不是行为？
717,BV1dvfsBrEFJ,36270509724,央视一句话定调：这不是互殴，是正当防卫,448.840,07:28.840,2026-02-25,2026-02-25 21:34:38,1772026478,1,25,16777215,0,acd95aa1,2054666035173070592,？？？？？？
718,BV1dvfsBrEFJ,36270509724,央视一句话定调：这不是互殴，是正当防卫,450.617,07:30.617,2026-02-25,2026-02-25 20:15:41,1772021741,1,25,16777215,0,1ef141c2,2054626301171789056,关注点错误
719,BV1dvfsBrEFJ,36270509724,央视一句话定调：这不是互殴，是正当防卫,451.103,07:31.103,2026-04-01,2026-04-01 06:17:22,1774995442,1,25,16777215,0,3916bc7,2079571512171779072,就这？
720,BV1dvfsBrEFJ,36270509724,央视一句话定调：这不是互殴，是正当防卫,451.630,07:31.630,2026-04-07,2026-04-07 09:21:35,1775524895,1,25,16777215,0,30041b69,2084012884434035200,要是没有暖气片呢？
721,BV1dvfsBrEFJ,36270509724,央视一句话定调：这不是互殴，是正当防卫,452.201,07:32.201,2026-04-05,2026-04-05 16:34:37,1775378077,1,25,16777215,0,a87ea090,2082781288636886528,这尼玛就是纯扯淡，不管是撞暖气片还是被打的，都是他活该
722,BV1dvfsBrEFJ,36270509724,央视一句话定调：这不是互殴，是正当防卫,452.266,07:32.266,2026-02-25,2026-02-25 22:56:09,1772031369,1,25,16777215,0,4803fce1,2054707063955453696,是这个原因？
723,BV1dvfsBrEFJ,36270509724,央视一句话定调：这不是互殴，是正当防卫,452.455,07:32.455,2026-04-08,2026-04-08 11:22:38,1775618558,1,25,16777215,0,bade597c,2084798590727420416,是不是应该稍微支持一下自己保护自己啊
724,BV1dvfsBrEFJ,36270509724,央视一句话定调：这不是互殴，是正当防卫,452.581,07:32.581,2026-02-26,2026-02-26 00:46:08,1772037968,1,25,16777215,0,4b44f7a1,2054762418407792128,就算没有暖气片，就问这醉酒男先动手打人，被打的是不是就不能还击保护自己了？
725,BV1dvfsBrEFJ,36270509724,央视一句话定调：这不是互殴，是正当防卫,452.937,07:32.937,2026-02-25,2026-02-25 20:36:31,1772022991,1,25,16777215,0,1a4a07f6,2054636786881611264,在人家的饭店里算互殴？
726,BV1dvfsBrEFJ,36270509724,央视一句话定调：这不是互殴，是正当防卫,453.125,07:33.125,2026-02-26,2026-02-26 00:55:05,1772038505,1,25,16777215,0,697ae2e2,2054766926806926080,谁看了不气！
727,BV1dvfsBrEFJ,36270509724,央视一句话定调：这不是互殴，是正当防卫,453.145,07:33.145,2026-02-25,2026-02-25 15:33:13,1772004793,1,25,16777215,0,c0a4e065,2054484127126151936,嗯，我认为就算是用啤酒瓶打烂的都是正当防卫。
728,BV1dvfsBrEFJ,36270509724,央视一句话定调：这不是互殴，是正当防卫,453.314,07:33.314,2026-02-25,2026-02-25 21:40:05,1772026805,1,25,16777215,0,94b4bf5f,2054668776544830208,？？？？？？？
729,BV1dvfsBrEFJ,36270509724,央视一句话定调：这不是互殴，是正当防卫,453.386,07:33.386,2026-02-25,2026-02-25 17:59:42,1772013582,1,25,16707842,0,e563e4d8,2054557859098407168,不还手都危及生命了……
730,BV1dvfsBrEFJ,36270509724,央视一句话定调：这不是互殴，是正当防卫,454.534,07:34.534,2026-02-25,2026-02-25 22:45:30,1772030730,1,25,16777215,0,15dea367,2054701709062139136,被打了不能还手？？？
731,BV1dvfsBrEFJ,36270509724,央视一句话定调：这不是互殴，是正当防卫,454.716,07:34.716,2026-02-25,2026-02-25 20:54:09,1772024049,1,25,16777215,0,93ccd266,2054645660838010880,可悲啊
732,BV1dvfsBrEFJ,36270509724,央视一句话定调：这不是互殴，是正当防卫,454.825,07:34.825,2026-03-31,2026-03-31 18:21:45,1774952505,1,25,16777215,0,82b121ea,2079211327532264960,气死了
733,BV1dvfsBrEFJ,36270509724,央视一句话定调：这不是互殴，是正当防卫,454.891,07:34.891,2026-04-29,2026-04-29 23:16:34,1777475794,1,25,16777215,0,43855e8e,2100378209496580096,散了吧
734,BV1dvfsBrEFJ,36270509724,央视一句话定调：这不是互殴，是正当防卫,454.899,07:34.899,2026-04-15,2026-04-15 20:32:07,1776256327,1,25,16777215,0,3561c04f,2090148584669471232,那要是不是暖气片弄的，还不能排除互殴了？
735,BV1dvfsBrEFJ,36270509724,央视一句话定调：这不是互殴，是正当防卫,455.060,07:35.060,2026-04-22,2026-04-22 07:47:07,1776815227,1,25,16777215,0,7442fca6,2094836973914904576,我擦，没这个暖气片就完蛋了。以后大家要记得往暖气片旁边跑
736,BV1dvfsBrEFJ,36270509724,央视一句话定调：这不是互殴，是正当防卫,455.140,07:35.140,2026-03-30,2026-03-30 22:36:20,1774881380,1,25,16777215,0,548ca00b,2078614692754460928,所以没有暖气片就是互殴？
737,BV1dvfsBrEFJ,36270509724,央视一句话定调：这不是互殴，是正当防卫,455.141,07:35.141,2026-02-25,2026-02-25 17:59:55,1772013595,1,25,16707842,0,e563e4d8,2054557964224341248,唉………………太难了
738,BV1dvfsBrEFJ,36270509724,央视一句话定调：这不是互殴，是正当防卫,455.145,07:35.145,2026-04-13,2026-04-13 09:09:01,1776042541,1,25,15138834,0,8cd28f0,2088355212971748352,没有暖气片，就互殴了，哈哈，孩子心理创伤是一点也不关心
739,BV1dvfsBrEFJ,36270509724,央视一句话定调：这不是互殴，是正当防卫,455.191,07:35.191,2026-04-03,2026-04-03 09:22:30,1775179350,1,25,16777215,0,8172b5fb,2081114247429394432,如果是暖气片是关键，那这案子没有任何意义
740,BV1dvfsBrEFJ,36270509724,央视一句话定调：这不是互殴，是正当防卫,455.389,07:35.389,2026-04-19,2026-04-19 14:16:41,1776579401,1,25,16777215,0,f40254ad,2092858721717291008,纯粹是看办案人员的良心，和其他都没有什么关系
741,BV1dvfsBrEFJ,36270509724,央视一句话定调：这不是互殴，是正当防卫,455.553,07:35.553,2026-04-10,2026-04-10 17:13:18,1775812398,1,25,16777215,0,195aa091,2086424634148575232,关键不是这里好不，就算是店家打的，也应该判定为正当防卫
742,BV1dvfsBrEFJ,36270509724,央视一句话定调：这不是互殴，是正当防卫,455.709,07:35.709,2026-02-25,2026-02-25 18:01:51,1772013711,1,25,16777215,0,9bb42310,2054558939206496256,想骂人
743,BV1dvfsBrEFJ,36270509724,央视一句话定调：这不是互殴，是正当防卫,456.060,07:36.060,2026-03-30,2026-03-30 07:08:48,1774825728,1,25,16777215,0,c10ee251,2078147847064795904,这个真较的好，给刘女士点赞。
744,BV1dvfsBrEFJ,36270509724,央视一句话定调：这不是互殴，是正当防卫,456.532,07:36.532,2026-03-31,2026-03-31 19:14:09,1774955649,1,25,16777215,0,e6d55796,2079237701173515264,就这？
745,BV1dvfsBrEFJ,36270509724,央视一句话定调：这不是互殴，是正当防卫,456.662,07:36.662,2026-02-25,2026-02-25 23:08:40,1772032120,1,25,16777215,0,44a95071,2054713368857939456,我觉得我看了个寂寞
746,BV1dvfsBrEFJ,36270509724,央视一句话定调：这不是互殴，是正当防卫,457.191,07:37.191,2026-04-18,2026-04-18 23:24:41,1776525881,1,25,16777215,0,28323bf4,2092409769079435264,亏你们还学法律，基本道理和逻辑都无视！你们在回避神马？
747,BV1dvfsBrEFJ,36270509724,央视一句话定调：这不是互殴，是正当防卫,457.230,07:37.230,2026-02-25,2026-02-25 20:58:11,1772024291,1,25,16777215,0,9d99e73,2054647688339429120,真的是不堪事情起因是吧
748,BV1dvfsBrEFJ,36270509724,央视一句话定调：这不是互殴，是正当防卫,457.735,07:37.735,2026-04-15,2026-04-15 01:14:21,1776186861,1,25,16777215,0,65e2e434,2089565861542472704,砸死都算正当防卫，谁知道醉酒男的会干出什么事
749,BV1dvfsBrEFJ,36270509724,央视一句话定调：这不是互殴，是正当防卫,458.004,07:38.004,2026-04-04,2026-04-04 23:21:15,1775316075,1,25,16777215,0,3b18862c,2082261176368585728,跟tm暖气片有啥关系！？
750,BV1dvfsBrEFJ,36270509724,央视一句话定调：这不是互殴，是正当防卫,458.063,07:38.063,2026-02-25,2026-02-25 22:21:13,1772029273,1,25,16777215,0,24b05a28,2054689485887404800,我就想知道被人打能不能还手？不能还手的话 我以后就先发制人
751,BV1dvfsBrEFJ,36270509724,央视一句话定调：这不是互殴，是正当防卫,458.092,07:38.092,2026-02-25,2026-02-25 20:50:43,1772023843,1,25,16777215,0,62078a97,2054643934428671488,是不是暖气片的原因，也是正当防卫啊
752,BV1dvfsBrEFJ,36270509724,央视一句话定调：这不是互殴，是正当防卫,458.217,07:38.217,2026-04-01,2026-04-01 15:05:53,1775027153,1,25,16777215,0,dbc2143b,2079837526348855296,这TM真的窝火！！！还要靠暖气片
753,BV1dvfsBrEFJ,36270509724,央视一句话定调：这不是互殴，是正当防卫,458.218,07:38.218,2026-04-16,2026-04-16 04:03:59,1776283439,1,25,16777215,0,98a71f02,2090376013581963008,正规法律
754,BV1dvfsBrEFJ,36270509724,央视一句话定调：这不是互殴，是正当防卫,459.183,07:39.183,2026-02-25,2026-02-25 22:40:24,1772030424,1,25,16777215,0,e810cdd,2054699141216686080,？？？？？？？？？？？
755,BV1dvfsBrEFJ,36270509724,央视一句话定调：这不是互殴，是正当防卫,459.321,07:39.321,2026-04-08,2026-04-08 00:50:08,1775580608,1,25,16777215,0,c56652fe,2084480240621233920,搞笑嘛这不？靠暖气片认定非互殴？！！！！
756,BV1dvfsBrEFJ,36270509724,央视一句话定调：这不是互殴，是正当防卫,459.340,07:39.340,2026-02-25,2026-02-25 23:50:06,1772034606,1,25,16777215,0,e2f0a5cb,2054734219355709952,呵呵，这个理由好啊
757,BV1dvfsBrEFJ,36270509724,央视一句话定调：这不是互殴，是正当防卫,459.625,07:39.625,2026-04-02,2026-04-02 11:27:33,1775100453,1,25,16777215,0,82642433,2080452405007027968,即便不是撞击致伤也应该是自卫。
758,BV1dvfsBrEFJ,36270509724,央视一句话定调：这不是互殴，是正当防卫,459.757,07:39.757,2026-02-25,2026-02-25 21:40:21,1772026821,1,25,16707842,0,94b4bf5f,2054668910620128256,气笑了
759,BV1dvfsBrEFJ,36270509724,央视一句话定调：这不是互殴，是正当防卫,459.835,07:39.835,2026-04-17,2026-04-17 19:57:08,1776427028,1,25,16777215,0,a5a89e58,2091580523302158592,我靠，难评
760,BV1dvfsBrEFJ,36270509724,央视一句话定调：这不是互殴，是正当防卫,459.986,07:39.986,2026-04-02,2026-04-02 11:59:39,1775102379,1,25,16777215,0,c9ec0c5e,2080468564493663488,没有暖气片也是正当防卫
761,BV1dvfsBrEFJ,36270509724,央视一句话定调：这不是互殴，是正当防卫,460.040,07:40.040,2026-02-25,2026-02-25 19:15:57,1772018157,1,25,16777215,0,20ac6527,2054596235964803840,就算不是弄到暖气片那也是正当防卫啊
762,BV1dvfsBrEFJ,36270509724,央视一句话定调：这不是互殴，是正当防卫,460.189,07:40.189,2026-04-13,2026-04-13 16:30:43,1776069043,1,25,16777215,0,f1a64d1a,2088577533104374272,气笑了
763,BV1dvfsBrEFJ,36270509724,央视一句话定调：这不是互殴，是正当防卫,460.897,07:40.897,2026-04-12,2026-04-12 19:56:28,1775994988,1,25,16777215,0,5ee394b3,2087956308581238784,这不对
764,BV1dvfsBrEFJ,36270509724,央视一句话定调：这不是互殴，是正当防卫,460.963,07:40.963,2026-05-07,2026-05-07 16:04:35,1778141075,1,25,16777215,0,3ea25d5f,2105958997466164480,那要是不是撞到的，就是刘女士被迫还击的意思就是刘女士还得赔他钱？
765,BV1dvfsBrEFJ,36270509724,央视一句话定调：这不是互殴，是正当防卫,461.246,07:41.246,2026-02-25,2026-02-25 20:33:01,1772022781,1,25,16777215,0,75d86d13,2054635025878296832,这么看只是个案啊，大家不要以偏概全。
766,BV1dvfsBrEFJ,36270509724,央视一句话定调：这不是互殴，是正当防卫,461.567,07:41.567,2026-02-25,2026-02-25 22:09:52,1772028592,1,25,16777215,0,53458b55,2054683772825862400,气笑了
767,BV1dvfsBrEFJ,36270509724,央视一句话定调：这不是互殴，是正当防卫,461.757,07:41.757,2026-04-07,2026-04-07 19:22:17,1775560937,1,25,16777215,0,2be33cea,2084315231852920832,这么说得感谢暖气片？施暴人必须不受伤才算正当防卫？哈哈哈哈
768,BV1dvfsBrEFJ,36270509724,央视一句话定调：这不是互殴，是正当防卫,462.110,07:42.110,2026-04-12,2026-04-12 17:58:42,1775987922,1,25,16707842,0,8f4a586a,2087897035583533056,需要这样判定吗？要自己反击的。难道就不应该判定为正当吗？
769,BV1dvfsBrEFJ,36270509724,央视一句话定调：这不是互殴，是正当防卫,462.185,07:42.185,2026-03-30,2026-03-30 01:20:35,1774804835,1,25,16777215,0,275218d2,2077972587878809088,标题党？
770,BV1dvfsBrEFJ,36270509724,央视一句话定调：这不是互殴，是正当防卫,462.300,07:42.300,2026-03-30,2026-03-30 10:47:37,1774838857,1,25,16777215,0,ffc566f4,2078257981946303744,气死
771,BV1dvfsBrEFJ,36270509724,央视一句话定调：这不是互殴，是正当防卫,462.788,07:42.788,2026-02-26,2026-02-26 00:12:03,1772035923,1,25,16777215,0,adc3912e,2054745270675792128,太扯了
772,BV1dvfsBrEFJ,36270509724,央视一句话定调：这不是互殴，是正当防卫,462.807,07:42.807,2026-03-30,2026-03-30 02:09:47,1774807787,1,25,16777215,0,1f306fdf,2077997343525528832,这是高人呀
773,BV1dvfsBrEFJ,36270509724,央视一句话定调：这不是互殴，是正当防卫,463.081,07:43.081,2026-04-14,2026-04-14 12:56:07,1776142567,1,25,16777215,0,66160863,2089194297017861120,酒瓶子是这种伤口吗？
774,BV1dvfsBrEFJ,36270509724,央视一句话定调：这不是互殴，是正当防卫,463.636,07:43.636,2026-04-04,2026-04-04 23:21:32,1775316092,1,25,16777215,0,3b18862c,2082261319453257216,法治社会
775,BV1dvfsBrEFJ,36270509724,央视一句话定调：这不是互殴，是正当防卫,463.675,07:43.675,2026-03-30,2026-03-30 16:29:56,1774859396,1,25,16777215,0,8ed53ddd,2078430273955155200,原来是暖气片认定的，太气人了！好人就应该被揍被讹钱吗？？？
776,BV1dvfsBrEFJ,36270509724,央视一句话定调：这不是互殴，是正当防卫,463.873,07:43.873,2026-02-25,2026-02-25 20:57:36,1772024256,1,25,16777215,0,a9b170c4,2054647398412242944,当个好人太难了！
777,BV1dvfsBrEFJ,36270509724,央视一句话定调：这不是互殴，是正当防卫,464.052,07:44.052,2026-03-31,2026-03-31 20:09:34,1774958974,1,25,16777215,0,2893cf8c,2079265597606914304,一审法律依据？？？？？
778,BV1dvfsBrEFJ,36270509724,央视一句话定调：这不是互殴，是正当防卫,464.132,07:44.132,2026-04-13,2026-04-13 18:48:01,1776077281,1,25,16777215,0,1d60f0e6,2088646637106566656,终于遇到正规法律姐姐了
779,BV1dvfsBrEFJ,36270509724,央视一句话定调：这不是互殴，是正当防卫,464.356,07:44.356,2026-02-25,2026-02-25 22:35:57,1772030157,1,25,16777215,0,a0f9fda0,2054696897365027072,如果没有暖气片，那就是互殴，有暖气片可以是也可以不是，看你怎么说
780,BV1dvfsBrEFJ,36270509724,央视一句话定调：这不是互殴，是正当防卫,464.580,07:44.580,2026-03-31,2026-03-31 17:38:50,1774949930,1,25,16777215,0,2b85d890,2079189728829886464,气笑了
781,BV1dvfsBrEFJ,36270509724,央视一句话定调：这不是互殴，是正当防卫,465.487,07:45.487,2026-02-25,2026-02-25 16:49:21,1772009361,1,25,16777215,0,7c87b25f,2054522450313848576,即便是刘女士酒瓶击伤的，也属于正当防卫。
782,BV1dvfsBrEFJ,36270509724,央视一句话定调：这不是互殴，是正当防卫,465.528,07:45.528,2026-03-31,2026-03-31 18:13:06,1774951986,1,25,16777215,0,85a42478,2079206977476883456,这？
783,BV1dvfsBrEFJ,36270509724,央视一句话定调：这不是互殴，是正当防卫,465.709,07:45.709,2026-02-25,2026-02-25 21:40:48,1772026848,1,25,16707842,0,94b4bf5f,2054669140350546944,庆幸文明掌握在我们手中！
784,BV1dvfsBrEFJ,36270509724,央视一句话定调：这不是互殴，是正当防卫,465.830,07:45.830,2026-02-25,2026-02-25 17:21:21,1772011281,1,25,16777215,0,154ff0e6,2054538555367560704,酒瓶容易被认定持械？
785,BV1dvfsBrEFJ,36270509724,央视一句话定调：这不是互殴，是正当防卫,466.035,07:46.035,2026-02-26,2026-02-26 00:46:51,1772038011,1,25,16777215,0,4b44f7a1,2054762784872411392,没有暖气片也是正当防卫啊，不然让先动手的继续打？
786,BV1dvfsBrEFJ,36270509724,央视一句话定调：这不是互殴，是正当防卫,466.048,07:46.048,2026-04-23,2026-04-23 16:26:40,1776932800,1,25,16777215,0,bd7b6430,2095823244937957376,妙啊
787,BV1dvfsBrEFJ,36270509724,央视一句话定调：这不是互殴，是正当防卫,466.897,07:46.897,2026-02-25,2026-02-25 23:33:28,1772033608,1,25,16777215,0,d00b2473,2054725850217492992,气笑了
788,BV1dvfsBrEFJ,36270509724,央视一句话定调：这不是互殴，是正当防卫,467.173,07:47.173,2026-03-31,2026-03-31 21:49:11,1774964951,1,25,16777215,0,e54b8768,2079315738992527872,就算不是暖气片，就算是店主反击的时候酒瓶划伤的，就算划到喉咙直接死了，也是打人者自己全责，也是店主正当防卫
789,BV1dvfsBrEFJ,36270509724,央视一句话定调：这不是互殴，是正当防卫,467.265,07:47.265,2026-02-25,2026-02-25 20:38:58,1772023138,1,25,16777215,0,16e1dff5,2054638014881919232,老实本分的人真难活
790,BV1dvfsBrEFJ,36270509724,央视一句话定调：这不是互殴，是正当防卫,467.632,07:47.632,2026-03-30,2026-03-30 12:06:51,1774843611,1,25,16777215,0,6904aed3,2078297859468095744,当个好人就意味着应该等着被坏人打死
791,BV1dvfsBrEFJ,36270509724,央视一句话定调：这不是互殴，是正当防卫,467.825,07:47.825,2026-02-25,2026-02-25 16:59:18,1772009958,1,25,16777215,0,e37e1063,2054527456685880320,应该支持正当防卫，给那些想打人的人心里没有那么有恃无恐
792,BV1dvfsBrEFJ,36270509724,央视一句话定调：这不是互殴，是正当防卫,468.149,07:48.149,2026-03-31,2026-03-31 20:15:35,1774959335,1,25,16777215,0,2f556639,2079268620306773760,这样给意见？
793,BV1dvfsBrEFJ,36270509724,央视一句话定调：这不是互殴，是正当防卫,468.193,07:48.193,2026-04-13,2026-04-13 16:06:42,1776067602,1,25,16777215,0,b62d5ff5,2088565444473628928,明明是那个男的先动手的!谁先动手谁就有错
794,BV1dvfsBrEFJ,36270509724,央视一句话定调：这不是互殴，是正当防卫,468.400,07:48.400,2026-04-14,2026-04-14 05:13:53,1776114833,1,25,16777215,0,4a135145,2088961647431193600,我认为就算把这人打死了也是正当防卫
795,BV1dvfsBrEFJ,36270509724,央视一句话定调：这不是互殴，是正当防卫,468.455,07:48.455,2026-03-31,2026-03-31 12:27:30,1774931250,1,25,16777215,0,2064bdca,2079033029799756800,避重就轻
796,BV1dvfsBrEFJ,36270509724,央视一句话定调：这不是互殴，是正当防卫,468.912,07:48.912,2026-04-05,2026-04-05 07:24:48,1775345088,1,25,16777215,0,b2808409,2082504556176180992,要追究暖气片责任？
797,BV1dvfsBrEFJ,36270509724,央视一句话定调：这不是互殴，是正当防卫,469.086,07:49.086,2026-02-25,2026-02-25 23:49:40,1772034580,1,25,16777215,0,9e5b75a7,2054734001184902144,当个好人太难了！
798,BV1dvfsBrEFJ,36270509724,央视一句话定调：这不是互殴，是正当防卫,469.325,07:49.325,2026-03-26,2026-03-26 19:22:36,1774524156,1,25,16777215,0,16f2bbca,2075618077731182848,和暖气片有啥关系，对方主动殴打挑事……不能为了维护法院的错判而找借口
799,BV1dvfsBrEFJ,36270509724,央视一句话定调：这不是互殴，是正当防卫,469.791,07:49.791,2026-04-18,2026-04-18 23:24:59,1776525899,1,25,16777215,0,28323bf4,2092409915980929280,真的气笑了
800,BV1dvfsBrEFJ,36270509724,央视一句话定调：这不是互殴，是正当防卫,469.849,07:49.849,2026-04-07,2026-04-07 08:55:06,1775523306,1,25,16777215,0,556c40ed,2083999554474920704,笑死了
801,BV1dvfsBrEFJ,36270509724,央视一句话定调：这不是互殴，是正当防卫,469.865,07:49.865,2026-04-11,2026-04-11 20:57:25,1775912245,1,25,16777215,0,b2146efb,2087262209905982976,当年日本鬼子进中国，算互殴吗
802,BV1dvfsBrEFJ,36270509724,央视一句话定调：这不是互殴，是正当防卫,470.565,07:50.565,2026-04-14,2026-04-14 12:23:33,1776140613,1,25,16777215,0,cf5dbb66,2089177901407921408,依据  正当防卫就是不能还手 但是正当防卫必须还手啊。。这个逻辑。。
803,BV1dvfsBrEFJ,36270509724,央视一句话定调：这不是互殴，是正当防卫,470.833,07:50.833,2026-04-27,2026-04-27 17:25:44,1777281944,1,25,16777215,0,933b54e3,2098752083422990080,这就不是暖气片的事。就算是啤酒瓶打的也是正当防卫
804,BV1dvfsBrEFJ,36270509724,央视一句话定调：这不是互殴，是正当防卫,471.756,07:51.756,2026-02-25,2026-02-25 15:33:42,1772004822,1,25,16777215,0,c0a4e065,2054484371234932992,互殴这个词有点扯淡。
805,BV1dvfsBrEFJ,36270509724,央视一句话定调：这不是互殴，是正当防卫,471.909,07:51.909,2026-04-14,2026-04-14 18:05:25,1776161125,1,25,16777215,0,66316413,2089349968971904768,暖汽片立了大功！要是没暖气片，怎么办呢？
806,BV1dvfsBrEFJ,36270509724,央视一句话定调：这不是互殴，是正当防卫,472.411,07:52.411,2026-03-29,2026-03-29 01:55:58,1774720558,1,25,16777215,0,2a4ea590,2077265622043064320,暖气片。牛逼！！！
807,BV1dvfsBrEFJ,36270509724,央视一句话定调：这不是互殴，是正当防卫,472.948,07:52.948,2026-04-14,2026-04-14 16:26:10,1776155170,1,25,16777215,0,98715c6a,2089300012646984192,那不给暖气片磕一个
808,BV1dvfsBrEFJ,36270509724,央视一句话定调：这不是互殴，是正当防卫,472.960,07:52.960,2026-02-25,2026-02-25 18:31:23,1772015483,1,25,16777215,0,8bbfbcce,2054573803585356032,说白了 就是啤酒瓶打的怎么了 不还手等死吗
809,BV1dvfsBrEFJ,36270509724,央视一句话定调：这不是互殴，是正当防卫,472.965,07:52.965,2026-03-30,2026-03-30 16:45:44,1774860344,1,25,16777215,0,45d135dc,2078438224040732928,即使是原告用酒瓶打的，也是正当防卫！
810,BV1dvfsBrEFJ,36270509724,央视一句话定调：这不是互殴，是正当防卫,473.848,07:53.848,2026-02-25,2026-02-25 19:30:41,1772019041,1,25,16777215,0,90650ef2,2054603651813224704,喝醉酒打人，这人还有理智么？面对一个没有理智的人，我们还要忍让，简直是扯淡，就该跟喝酒开车一样，喝醉酒发生的一切行为你自己承担
811,BV1dvfsBrEFJ,36270509724,央视一句话定调：这不是互殴，是正当防卫,474.054,07:54.054,2026-03-31,2026-03-31 13:58:12,1774936692,1,25,16777215,0,ee116501,2079078678323269120,真搞笑，这就是我国的法律从业人员，太专业了。
812,BV1dvfsBrEFJ,36270509724,央视一句话定调：这不是互殴，是正当防卫,474.134,07:54.134,2026-03-31,2026-03-31 10:33:27,1774924407,1,25,16777215,0,cde84437,2078975626689826816,这什么逻辑，受伤的程度是决定案件性质的条件吗？有人普法吗？
813,BV1dvfsBrEFJ,36270509724,央视一句话定调：这不是互殴，是正当防卫,474.206,07:54.206,2026-02-25,2026-02-25 20:51:30,1772023890,1,25,16777215,0,aa2e6a97,2054644328139443712,是啤酒瓶打到的又咋啦？
814,BV1dvfsBrEFJ,36270509724,央视一句话定调：这不是互殴，是正当防卫,474.269,07:54.269,2026-02-25,2026-02-25 22:00:54,1772028054,1,25,16777215,0,2d90e451,2054679260375432192,可能？
815,BV1dvfsBrEFJ,36270509724,央视一句话定调：这不是互殴，是正当防卫,474.362,07:54.362,2026-04-13,2026-04-13 15:38:10,1776065890,1,25,16777215,0,ce1fc8e3,2088551078748225024,打架不分谁先动手吗
816,BV1dvfsBrEFJ,36270509724,央视一句话定调：这不是互殴，是正当防卫,474.383,07:54.383,2026-04-09,2026-04-09 23:56:30,1775750190,1,25,16777215,0,ea3b762e,2085902797064865280,哪怕啤酒瓶打的也应该是正当防卫！！！！
817,BV1dvfsBrEFJ,36270509724,央视一句话定调：这不是互殴，是正当防卫,474.642,07:54.642,2026-04-01,2026-04-01 12:39:04,1775018344,1,25,16777215,0,854caa57,2079763624297626624,笑死
818,BV1dvfsBrEFJ,36270509724,央视一句话定调：这不是互殴，是正当防卫,474.868,07:54.868,2026-04-06,2026-04-06 08:56:30,1775436990,1,25,16777215,0,a0b00d7a,2083275482723554816,作为被侵害者，应该怎样配合施暴？？？
819,BV1dvfsBrEFJ,36270509724,央视一句话定调：这不是互殴，是正当防卫,474.905,07:54.905,2026-05-09,2026-05-09 08:15:07,1778285707,1,25,16777215,0,5b99e4b0,2107172257754679552,真不能还手啊
820,BV1dvfsBrEFJ,36270509724,央视一句话定调：这不是互殴，是正当防卫,474.972,07:54.972,2026-03-29,2026-03-29 19:07:32,1774782452,1,25,16777215,0,e6a72dd6,2077784825406435072,暖气片……？
821,BV1dvfsBrEFJ,36270509724,央视一句话定调：这不是互殴，是正当防卫,475.091,07:55.091,2026-02-25,2026-02-25 22:59:46,1772031586,1,25,16777215,0,76659db9,2054708886120012544,这是找了个其他理由，还是属于幻兽就呼偶
822,BV1dvfsBrEFJ,36270509724,央视一句话定调：这不是互殴，是正当防卫,475.144,07:55.144,2026-03-26,2026-03-26 08:53:11,1774486391,1,25,16777215,0,221f0ae0,2075301286228232192,？？？？？
823,BV1dvfsBrEFJ,36270509724,央视一句话定调：这不是互殴，是正当防卫,475.555,07:55.555,2026-02-26,2026-02-26 00:02:49,1772035369,1,25,16777215,0,323c34f6,2054740618530074368,就算是女的打的，既然认定互殴，那女的就没责任，各自负责自己的医药费。。
824,BV1dvfsBrEFJ,36270509724,央视一句话定调：这不是互殴，是正当防卫,476.375,07:56.375,2026-04-05,2026-04-05 14:34:40,1775370880,1,25,16777215,0,191f5186,2082720912813913088,那就不是正当防卫咯，暖气片进去蹲吧
825,BV1dvfsBrEFJ,36270509724,央视一句话定调：这不是互殴，是正当防卫,476.381,07:56.381,2026-04-01,2026-04-01 06:35:36,1774996536,1,25,16777215,0,113b065c,2079580692370738176,咱昆山龙哥是几几年被反杀的呀
826,BV1dvfsBrEFJ,36270509724,央视一句话定调：这不是互殴，是正当防卫,476.510,07:56.510,2026-04-10,2026-04-10 16:48:32,1775810912,1,25,16777215,0,4af1e844,2086412167980822272,这种流氓人人得而诛之
827,BV1dvfsBrEFJ,36270509724,央视一句话定调：这不是互殴，是正当防卫,476.571,07:56.571,2026-02-25,2026-02-25 22:07:08,1772028428,1,25,16777215,0,6e62bfbc,2054682391406645248,这是暖气片和伤口的事么？
828,BV1dvfsBrEFJ,36270509724,央视一句话定调：这不是互殴，是正当防卫,476.805,07:56.805,2026-05-03,2026-05-03 00:41:58,1777740118,1,25,16777215,0,51742df9,2102595519037231872,由此可以看出，当坏人还是容易些
829,BV1dvfsBrEFJ,36270509724,央视一句话定调：这不是互殴，是正当防卫,476.930,07:56.930,2026-02-25,2026-02-25 20:34:03,1772022843,1,25,16777215,0,f203cef3,2054635543455033344,可能 !
830,BV1dvfsBrEFJ,36270509724,央视一句话定调：这不是互殴，是正当防卫,477.373,07:57.373,2026-02-25,2026-02-25 21:39:01,1772026741,1,25,16777215,0,488ffd46,2054668245294179072,笑了
831,BV1dvfsBrEFJ,36270509724,央视一句话定调：这不是互殴，是正当防卫,477.710,07:57.710,2026-03-30,2026-03-30 03:52:30,1774813950,1,25,16777215,0,1d8d2fec,2078049050485159936,漂亮
832,BV1dvfsBrEFJ,36270509724,央视一句话定调：这不是互殴，是正当防卫,478.231,07:58.231,2026-04-13,2026-04-13 11:24:28,1776050668,1,25,16777215,0,82321373,2088423390854819328,可能
833,BV1dvfsBrEFJ,36270509724,央视一句话定调：这不是互殴，是正当防卫,478.820,07:58.820,2026-04-01,2026-04-01 12:21:07,1775017267,1,25,16777215,0,92a40b11,2079754591654153472,谢谢暖气片还是谢谢法律
834,BV1dvfsBrEFJ,36270509724,央视一句话定调：这不是互殴，是正当防卫,479.351,07:59.351,2026-04-12,2026-04-12 20:53:11,1775998391,1,25,16777215,0,dcae8b1a,2087984857573063936,还是不服气，就算是啤酒瓶也应该正当防卫
835,BV1dvfsBrEFJ,36270509724,央视一句话定调：这不是互殴，是正当防卫,479.919,07:59.919,2026-02-25,2026-02-25 21:17:35,1772025455,1,25,16777215,0,2b6a0a6a,2054657458231673856,没有视频 这事就到互殴就算了 哈哈哈哈哈
836,BV1dvfsBrEFJ,36270509724,央视一句话定调：这不是互殴，是正当防卫,480.219,08:00.219,2026-04-12,2026-04-12 19:56:43,1775995003,1,25,16777215,0,5ee394b3,2087956436733943808,？？？？？？？？？
837,BV1dvfsBrEFJ,36270509724,央视一句话定调：这不是互殴，是正当防卫,481.385,08:01.385,2026-02-25,2026-02-25 20:30:53,1772022653,1,25,16777215,0,7b5c82d4,2054633949334494208,重点是暖气片吗？真是无语
838,BV1dvfsBrEFJ,36270509724,央视一句话定调：这不是互殴，是正当防卫,481.784,08:01.784,2026-04-18,2026-04-18 22:51:03,1776523863,1,25,16777215,0,a98b015b,2092392835314808064,是这样判的正当防卫吗，好抽象啊...
839,BV1dvfsBrEFJ,36270509724,央视一句话定调：这不是互殴，是正当防卫,481.827,08:01.827,2026-03-30,2026-03-30 22:24:06,1774880646,1,25,16777215,0,206cf288,2078608532211270144,打了别人，自己磕了一下，还要找那人麻烦。有道理？
840,BV1dvfsBrEFJ,36270509724,央视一句话定调：这不是互殴，是正当防卫,482.129,08:02.129,2026-03-31,2026-03-31 09:32:38,1774920758,1,25,16707842,0,14601eeb,2078945018647421184,检察官比柯南牛逼
841,BV1dvfsBrEFJ,36270509724,央视一句话定调：这不是互殴，是正当防卫,482.372,08:02.372,2026-03-30,2026-03-30 12:11:45,1774843905,1,25,16777215,0,ca51218e,2078300328000389888,暖气片：不是我，别瞎说，我没动啊
842,BV1dvfsBrEFJ,36270509724,央视一句话定调：这不是互殴，是正当防卫,482.417,08:02.417,2026-02-25,2026-02-25 22:25:49,1772029549,1,25,16777215,0,59a0246c,2054691800002016768,这是暖气片与啤酒瓶的事吗？
843,BV1dvfsBrEFJ,36270509724,央视一句话定调：这不是互殴，是正当防卫,482.500,08:02.500,2026-02-25,2026-02-25 23:34:33,1772033673,1,25,16777215,0,b73de84d,2054726396039471104,即使是啤酒瓶砸的，难道就不是正当防卫了？
844,BV1dvfsBrEFJ,36270509724,央视一句话定调：这不是互殴，是正当防卫,482.730,08:02.730,2026-03-31,2026-03-31 17:40:48,1774950048,1,25,16777215,0,b63521d5,2079190718878359040,真的太可笑了
845,BV1dvfsBrEFJ,36270509724,央视一句话定调：这不是互殴，是正当防卫,483.211,08:03.211,2026-03-29,2026-03-29 19:56:45,1774785405,1,25,16777215,0,d630ef38,2077809597980408832,暖气片是重点吗？论点被带偏了，谁主动发动矛盾谁主动攻击他人才是重点吧！
846,BV1dvfsBrEFJ,36270509724,央视一句话定调：这不是互殴，是正当防卫,483.561,08:03.561,2026-04-11,2026-04-11 08:22:04,1775866924,1,25,16777215,0,cfe94ce5,2086882031472211968,说到底还是因为他的伤不确定，而不是受到伤害反击不合法
847,BV1dvfsBrEFJ,36270509724,央视一句话定调：这不是互殴，是正当防卫,484.474,08:04.474,2026-02-25,2026-02-25 23:29:08,1772033348,1,25,16777215,0,b28d57d6,2054723664113089280,逆天，就算是比酒瓶子砸的也是正当防卫
848,BV1dvfsBrEFJ,36270509724,央视一句话定调：这不是互殴，是正当防卫,484.990,08:04.990,2026-02-25,2026-02-25 21:04:18,1772024658,1,25,16777215,0,9e129584,2054650767612082944,所以说，还手这个行为还是错误的，只不过是因为这次是他自己撞到的所以是正当防卫，好好好
849,BV1dvfsBrEFJ,36270509724,央视一句话定调：这不是互殴，是正当防卫,485.229,08:05.229,2026-04-05,2026-04-05 18:31:56,1775385116,1,25,16777215,0,bd9e0161,2082840331334344960,就硬扯，这是暖气片和啤酒瓶区别的问题吗？
850,BV1dvfsBrEFJ,36270509724,央视一句话定调：这不是互殴，是正当防卫,485.241,08:05.241,2026-02-25,2026-02-25 23:45:51,1772034351,1,25,16777215,0,5a3c3ce9,2054732079547729664,律师没办法，只能从致伤原因这里找说法，算是围魏救赵的明智之举
851,BV1dvfsBrEFJ,36270509724,央视一句话定调：这不是互殴，是正当防卫,485.371,08:05.371,2026-02-25,2026-02-25 19:26:12,1772018772,1,25,16777215,0,c1b4819f,2054601394866548224,避重就轻，这个是否是互殴咋不说那
852,BV1dvfsBrEFJ,36270509724,央视一句话定调：这不是互殴，是正当防卫,485.531,08:05.531,2026-03-30,2026-03-30 08:56:02,1774832162,1,25,16777215,0,6f0be63d,2078201816105261824,就意味着张女士连手都没还，不构成互殴
853,BV1dvfsBrEFJ,36270509724,央视一句话定调：这不是互殴，是正当防卫,485.740,08:05.740,2026-02-25,2026-02-25 23:25:26,1772033126,1,25,16777215,0,18808a10,2054721803041648640,暖气片也是店里的，还是得赔，继续驳回
854,BV1dvfsBrEFJ,36270509724,央视一句话定调：这不是互殴，是正当防卫,486.101,08:06.101,2026-02-25,2026-02-25 20:27:30,1772022450,1,25,16777215,0,9050e6ec,2054632251589310976,暖气片全责
855,BV1dvfsBrEFJ,36270509724,央视一句话定调：这不是互殴，是正当防卫,486.288,08:06.288,2026-03-27,2026-03-27 09:01:27,1774573287,1,25,16777215,0,6e13d811,2076030220796407552,能不能把4w定为敲诈？店里的损失还没让他赔呢
856,BV1dvfsBrEFJ,36270509724,央视一句话定调：这不是互殴，是正当防卫,486.383,08:06.383,2026-03-27,2026-03-27 17:44:25,1774604665,1,25,16777215,0,249dc151,2076293432691062528,厉害了，我没想到
857,BV1dvfsBrEFJ,36270509724,央视一句话定调：这不是互殴，是正当防卫,486.657,08:06.657,2026-03-31,2026-03-31 12:28:49,1774931329,1,25,16777215,0,c40418e6,2079033695318191104,张女士因为愿意被打在地上，至对方滑倒撞到暖气片受伤，张女士全责doge
858,BV1dvfsBrEFJ,36270509724,央视一句话定调：这不是互殴，是正当防卫,486.703,08:06.703,2026-02-25,2026-02-25 23:28:29,1772033309,1,25,16777215,0,4962cf0,2054723340093950720,我在想，如果是女老板后脑勺磕到暖气片，事情定性又该如何。这个位置和倒下的姿势来看，是很容易的
859,BV1dvfsBrEFJ,36270509724,央视一句话定调：这不是互殴，是正当防卫,486.931,08:06.931,2026-04-12,2026-04-12 19:56:58,1775995018,1,25,16777215,0,5ee394b3,2087956562143819264,确定也应该市正当防卫
860,BV1dvfsBrEFJ,36270509724,央视一句话定调：这不是互殴，是正当防卫,487.859,08:07.859,2026-02-26,2026-02-26 00:47:57,1772038077,1,25,16777215,0,4b44f7a1,2054763335181806336,就问张女士不用啤酒瓶反击能用啥？用她那点小拳拳吗？
861,BV1dvfsBrEFJ,36270509724,央视一句话定调：这不是互殴，是正当防卫,488.340,08:08.340,2026-03-31,2026-03-31 18:00:49,1774951249,1,25,16777215,0,b4e7c423,2079200791063134208,暖气片：我是被害者，他撞过来的
862,BV1dvfsBrEFJ,36270509724,央视一句话定调：这不是互殴，是正当防卫,488.607,08:08.607,2026-02-25,2026-02-25 22:42:31,1772030551,1,25,16777215,0,59ee9d6f,2054700205345494784,滑天下之大稽
863,BV1dvfsBrEFJ,36270509724,央视一句话定调：这不是互殴，是正当防卫,489.112,08:09.112,2026-04-18,2026-04-18 06:46:29,1776465989,1,25,16777215,0,d116bbbf,2091907354122915328,气笑了
864,BV1dvfsBrEFJ,36270509724,央视一句话定调：这不是互殴，是正当防卫,489.297,08:09.297,2026-02-25,2026-02-25 16:56:31,1772009791,1,25,16777215,0,57d38d67,2054526054277953792,这是抗诉，能有这样的结果已经很不易，这里牵扯到启发解释，以及后续类似案件的决定，都比较谨慎！
865,BV1dvfsBrEFJ,36270509724,央视一句话定调：这不是互殴，是正当防卫,489.951,08:09.951,2026-02-25,2026-02-25 23:19:18,1772032758,1,25,16777215,0,54604a21,2054718714440079616,那我请问，我被打了我应该怎么做？
866,BV1dvfsBrEFJ,36270509724,央视一句话定调：这不是互殴，是正当防卫,490.380,08:10.380,2026-03-31,2026-03-31 19:50:53,1774957853,1,25,16777215,0,f19c2d0c,2079256188616662016,咋，就是啤酒瓶啐的就一定互殴了？？
867,BV1dvfsBrEFJ,36270509724,央视一句话定调：这不是互殴，是正当防卫,490.529,08:10.529,2026-04-14,2026-04-14 08:13:08,1776125588,1,25,16777215,0,64a21477,2089051867698589952,昆山龙哥要诈尸了
868,BV1dvfsBrEFJ,36270509724,央视一句话定调：这不是互殴，是正当防卫,490.652,08:10.652,2026-04-26,2026-04-26 09:36:31,1777167391,1,25,16777215,0,2a369ab6,2097791141961035776,艹，这特么的好意思放出来当案例？
869,BV1dvfsBrEFJ,36270509724,央视一句话定调：这不是互殴，是正当防卫,490.740,08:10.740,2026-02-25,2026-02-25 21:29:26,1772026166,1,25,16777215,0,1588bc69,2054663419512510208,好扯淡的逻辑啊！
870,BV1dvfsBrEFJ,36270509724,央视一句话定调：这不是互殴，是正当防卫,491.373,08:11.373,2026-02-26,2026-02-26 09:04:08,1772067848,1,25,16777215,0,9e8c7558,2055013077145618944,就算是啤酒瓶，也应该是正当防卫
871,BV1dvfsBrEFJ,36270509724,央视一句话定调：这不是互殴，是正当防卫,492.845,08:12.845,2026-03-31,2026-03-31 22:30:02,1774967402,1,25,16707842,0,3153c443,2079336296778347264,暖气片划伤，暖气片上就有组织残留，验一下不就好了
872,BV1dvfsBrEFJ,36270509724,央视一句话定调：这不是互殴，是正当防卫,492.869,08:12.869,2026-02-25,2026-02-25 16:46:47,1772009207,1,25,16777215,0,e64b3345,2054521154727061504,不该打吗？
873,BV1dvfsBrEFJ,36270509724,央视一句话定调：这不是互殴，是正当防卫,493.499,08:13.499,2026-03-31,2026-03-31 00:11:24,1774887084,1,25,16777215,0,767daea8,2078662537348094720,看不下去了
874,BV1dvfsBrEFJ,36270509724,央视一句话定调：这不是互殴，是正当防卫,494.378,08:14.378,2026-04-08,2026-04-08 18:13:27,1775643207,1,25,14811775,0,f3c69197,2085005361173304320,所以现在美国在跟伊朗互殴对吧
875,BV1dvfsBrEFJ,36270509724,央视一句话定调：这不是互殴，是正当防卫,494.958,08:14.958,2026-02-25,2026-02-25 22:59:14,1772031554,1,25,16777215,0,27879eb2,2054708614547410688,暖气片上应该有血迹啊
876,BV1dvfsBrEFJ,36270509724,央视一句话定调：这不是互殴，是正当防卫,495.160,08:15.160,2026-04-03,2026-04-03 11:12:59,1775185979,1,25,16777215,0,ef3fbe03,2081169849304174336,暖气片：他碰瓷
877,BV1dvfsBrEFJ,36270509724,央视一句话定调：这不是互殴，是正当防卫,495.290,08:15.290,2026-03-30,2026-03-30 00:05:41,1774800341,1,25,16777215,0,548f18de,2077934888468031744,是合理的
878,BV1dvfsBrEFJ,36270509724,央视一句话定调：这不是互殴，是正当防卫,496.745,08:16.745,2026-03-30,2026-03-30 06:49:16,1774824556,1,25,16777215,0,2b1bf410,2078138016698077184,太气人了，就算是用啤酒瓶打伤他也应该算正当防卫
879,BV1dvfsBrEFJ,36270509724,央视一句话定调：这不是互殴，是正当防卫,496.984,08:16.984,2026-02-25,2026-02-25 22:56:53,1772031413,1,25,16777215,0,4803fce1,2054707437659299584,这个角度很刁钻
880,BV1dvfsBrEFJ,36270509724,央视一句话定调：这不是互殴，是正当防卫,497.008,08:17.008,2026-04-18,2026-04-18 22:42:58,1776523378,1,25,16777215,0,2da0d5cb,2092388767469505536,站着挨打
881,BV1dvfsBrEFJ,36270509724,央视一句话定调：这不是互殴，是正当防卫,497.901,08:17.901,2026-04-13,2026-04-13 15:39:26,1776065966,1,25,16777215,0,ce1fc8e3,2088551714403471872,照这么说美国打伊拉克伊拉克不能还手吗
882,BV1dvfsBrEFJ,36270509724,央视一句话定调：这不是互殴，是正当防卫,500.226,08:20.226,2026-03-30,2026-03-30 20:29:34,1774873774,1,25,16777215,0,91402007,2078550887860870656,草！曲线救国啊。汪精卫真他妈冤枉。
883,BV1dvfsBrEFJ,36270509724,央视一句话定调：这不是互殴，是正当防卫,500.463,08:20.463,2026-02-25,2026-02-25 19:04:57,1772017497,1,25,16777215,0,e91fb8b,2054590698745334784,就算自卫啤酒打伤  也是自卫啊
884,BV1dvfsBrEFJ,36270509724,央视一句话定调：这不是互殴，是正当防卫,501.348,08:21.348,2026-02-25,2026-02-25 23:42:48,1772034168,1,25,16777215,0,73f6260a,2054730546152262912,有什么意义
885,BV1dvfsBrEFJ,36270509724,央视一句话定调：这不是互殴，是正当防卫,501.501,08:21.501,2026-03-31,2026-03-31 18:15:48,1774952148,1,25,16777215,0,85a42478,2079208331624504832,如果你被打了，能跑尽量跑，孩子都不要的那种跑，跑不掉就祈祷对方不会往死里打你，并且做好忍痛的准备
886,BV1dvfsBrEFJ,36270509724,央视一句话定调：这不是互殴，是正当防卫,502.334,08:22.334,2026-03-29,2026-03-29 09:04:24,1774746264,1,25,16777215,0,9f520e9f,2077481252554204416,检察院从这个观点虽然改变了审判 但并未直面正当防卫 难道民众不能行使法律赋予的正当权利吗？应该对互殴罪明确形式
887,BV1dvfsBrEFJ,36270509724,央视一句话定调：这不是互殴，是正当防卫,502.418,08:22.418,2026-03-30,2026-03-30 02:05:50,1774807550,1,25,16777215,0,d5fe066c,2077995361808729088,弹幕各位还不懂吗
888,BV1dvfsBrEFJ,36270509724,央视一句话定调：这不是互殴，是正当防卫,502.842,08:22.842,2026-02-25,2026-02-25 23:05:34,1772031934,1,25,16777215,0,74632bb6,2054711806639480576,可能不能作为法律用词吧
889,BV1dvfsBrEFJ,36270509724,央视一句话定调：这不是互殴，是正当防卫,503.785,08:23.785,2026-04-01,2026-04-01 00:55:23,1774976123,1,25,16777215,0,ab25b20a,2079409449642778368,核心问题不是他的伤是啤酒瓶还是暖气片 核心问题是他就算死了 张女士也是正当防卫！
890,BV1dvfsBrEFJ,36270509724,央视一句话定调：这不是互殴，是正当防卫,504.070,08:24.070,2026-04-05,2026-04-05 07:26:23,1775345183,1,25,16777215,0,b2808409,2082505350342642944,就算啤酒瓶打伤也是正当防卫！
891,BV1dvfsBrEFJ,36270509724,央视一句话定调：这不是互殴，是正当防卫,505.037,08:25.037,2026-02-25,2026-02-25 22:07:36,1772028456,1,25,16777215,0,6e62bfbc,2054682629978796032,醉酒先动手...就可以反击，打死都是正当防卫...
892,BV1dvfsBrEFJ,36270509724,央视一句话定调：这不是互殴，是正当防卫,506.515,08:26.515,2026-04-09,2026-04-09 13:01:15,1775710875,1,25,16777215,0,3c318646,2085573001381869824,遇到真的知心姐姐了
893,BV1dvfsBrEFJ,36270509724,央视一句话定调：这不是互殴，是正当防卫,507.850,08:27.850,2026-02-25,2026-02-25 22:16:03,1772028963,1,25,16777215,0,39647d1a,2054686878497562368,都被他按在地上了 拿酒瓶还击也是自卫啊 怎么就是互殴了
894,BV1dvfsBrEFJ,36270509724,央视一句话定调：这不是互殴，是正当防卫,508.753,08:28.753,2026-02-25,2026-02-25 22:49:51,1772030991,1,25,16777215,0,f9e23e31,2054703893933586176,挨打不能还手，不然就是互殴，让对方把你打嗝屁了，然后再迟来的争议？什么逻辑呢
895,BV1dvfsBrEFJ,36270509724,央视一句话定调：这不是互殴，是正当防卫,509.571,08:29.571,2026-04-16,2026-04-16 23:45:17,1776354317,1,25,16777215,0,712d029,2090970583445190144,真她妈可笑
896,BV1dvfsBrEFJ,36270509724,央视一句话定调：这不是互殴，是正当防卫,512.340,08:32.340,2026-03-31,2026-03-31 19:51:17,1774957877,1,25,16777215,0,f19c2d0c,2079256392761781760,对
897,BV1dvfsBrEFJ,36270509724,央视一句话定调：这不是互殴，是正当防卫,512.533,08:32.533,2026-02-25,2026-02-25 20:07:26,1772021246,1,25,16777215,0,f626d97d,2054622145698809856,不可以 就算别国侵略 我们不能还手的 任人宰割
898,BV1dvfsBrEFJ,36270509724,央视一句话定调：这不是互殴，是正当防卫,512.628,08:32.628,2026-02-25,2026-02-25 22:37:06,1772030226,1,25,16777215,0,a0f9fda0,2054697478947417600,不可以
899,BV1dvfsBrEFJ,36270509724,央视一句话定调：这不是互殴，是正当防卫,514.042,08:34.042,2026-02-25,2026-02-25 20:55:12,1772024112,1,25,16777215,0,aa2e6a97,2054646188086768128,当然不行，受害者当然是要承受全部啦
900,BV1dvfsBrEFJ,36270509724,央视一句话定调：这不是互殴，是正当防卫,514.119,08:34.119,2026-04-15,2026-04-15 21:26:15,1776259575,1,25,16777215,0,551d8262,2090175827077128960,避重就轻
901,BV1dvfsBrEFJ,36270509724,央视一句话定调：这不是互殴，是正当防卫,514.230,08:34.230,2026-04-14,2026-04-14 12:31:16,1776141076,1,25,16777215,0,1785c90d,2089181784796532992,前面说的对啊，就算是拿啤酒瓶打伤他也是正当防。
902,BV1dvfsBrEFJ,36270509724,央视一句话定调：这不是互殴，是正当防卫,514.259,08:34.259,2026-04-06,2026-04-06 20:58:55,1775480335,1,25,16777215,0,fa7a10bc,2083639088799852800,意思是以后就算正当防卫也不能伤对方一根汗毛
903,BV1dvfsBrEFJ,36270509724,央视一句话定调：这不是互殴，是正当防卫,515.507,08:35.507,2026-02-25,2026-02-25 20:59:09,1772024349,1,25,16777215,0,9d99e73,2054648177302984704,醉酒，先动手。这尼玛能各打50大板。。真的服了
904,BV1dvfsBrEFJ,36270509724,央视一句话定调：这不是互殴，是正当防卫,517.279,08:37.279,2026-04-06,2026-04-06 08:57:28,1775437048,1,25,16777215,0,a0b00d7a,2083275974556119808,民族性格不能被扭曲！
905,BV1dvfsBrEFJ,36270509724,央视一句话定调：这不是互殴，是正当防卫,517.884,08:37.884,2026-04-11,2026-04-11 13:05:08,1775883908,1,25,16777215,0,2460eeda,2087024503019403264,21条啊
906,BV1dvfsBrEFJ,36270509724,央视一句话定调：这不是互殴，是正当防卫,518.297,08:38.297,2026-04-04,2026-04-04 21:21:23,1775308883,1,25,16777215,0,aa54d723,2082200847974614272,美国打伊朗，伊朗还手了，这叫互侵，哈哈哈！
907,BV1dvfsBrEFJ,36270509724,央视一句话定调：这不是互殴，是正当防卫,518.765,08:38.765,2026-02-25,2026-02-25 19:15:07,1772018107,1,25,16777215,0,5e8deea1,2054595812465324800,"就算是打的也是正当防卫,男性攻击性明显且强烈,难道不能反抗吗?"
908,BV1dvfsBrEFJ,36270509724,央视一句话定调：这不是互殴，是正当防卫,518.988,08:38.988,2026-02-25,2026-02-25 22:11:11,1772028671,1,25,16777215,0,a7cc9d61,2054684431834779648,就算啤酒瓶砸了 被打打不过那个酒瓶难道要被打死？？
909,BV1dvfsBrEFJ,36270509724,央视一句话定调：这不是互殴，是正当防卫,519.387,08:39.387,2026-02-25,2026-02-25 19:15:21,1772018121,1,25,16777215,0,822a50ed,2054595931542403840,危机时刻防御他人攻击是一种本能反应，面对眼前这种情况，弱势的一方该怎么办，逃的掉吗
910,BV1dvfsBrEFJ,36270509724,央视一句话定调：这不是互殴，是正当防卫,520.082,08:40.082,2026-02-25,2026-02-25 18:55:15,1772016915,1,25,16777215,0,2ed64fb6,2054585814461116160,应该严惩先动手的人
911,BV1dvfsBrEFJ,36270509724,央视一句话定调：这不是互殴，是正当防卫,520.238,08:40.238,2026-02-25,2026-02-25 20:28:31,1772022511,1,25,16777215,0,b2f428f4,2054632760945372928,即使就是她用酒瓶砸的，也应该是正当防卫啊。难道正当防卫，不能使对方受伤？！
912,BV1dvfsBrEFJ,36270509724,央视一句话定调：这不是互殴，是正当防卫,520.828,08:40.828,2026-03-27,2026-03-27 09:02:57,1774573377,1,25,16777215,0,6e13d811,2076030977339826688,跟喝醉酒的怎么打都是输，所以看到喝醉酒的躲远点就对了
913,BV1dvfsBrEFJ,36270509724,央视一句话定调：这不是互殴，是正当防卫,521.727,08:41.727,2026-02-27,2026-02-27 10:26:18,1772159178,1,25,16777215,0,2e01af13,2055779207313302016,唤醒你老冯
914,BV1dvfsBrEFJ,36270509724,央视一句话定调：这不是互殴，是正当防卫,521.876,08:41.876,2026-04-01,2026-04-01 04:08:38,1774987718,1,25,16777215,0,58ef2a16,2079506719897467904,唤醒了吗
915,BV1dvfsBrEFJ,36270509724,央视一句话定调：这不是互殴，是正当防卫,522.033,08:42.033,2026-02-25,2026-02-25 23:51:52,1772034712,1,25,16777215,0,aacca5d7,2054735111484372480,对啊
916,BV1dvfsBrEFJ,36270509724,央视一句话定调：这不是互殴，是正当防卫,522.424,08:42.424,2026-02-26,2026-02-26 00:03:51,1772035431,1,25,16777215,0,323c34f6,2054741142868287488,是互殴。。
917,BV1dvfsBrEFJ,36270509724,央视一句话定调：这不是互殴，是正当防卫,524.177,08:44.177,2026-02-25,2026-02-25 20:11:23,1772021483,1,25,16777215,0,b5c5660c,2054624137842413568,对方一直在追击，此时还手就应该属于防卫
918,BV1dvfsBrEFJ,36270509724,央视一句话定调：这不是互殴，是正当防卫,524.521,08:44.521,2026-02-25,2026-02-25 17:43:45,1772012625,1,25,16777215,0,abda01d5,2054549830889919232,治安案件是谁判定的呢？当时他以暴力方式侵害别人人身安全为什么会被认定为治安案件
919,BV1dvfsBrEFJ,36270509724,央视一句话定调：这不是互殴，是正当防卫,525.202,08:45.202,2026-03-31,2026-03-31 16:06:32,1774944392,1,25,16777215,0,707e6a5,2079143273750600192,意思就是说，反击必须把对方物理消灭
920,BV1dvfsBrEFJ,36270509724,央视一句话定调：这不是互殴，是正当防卫,525.751,08:45.751,2026-02-25,2026-02-25 21:06:10,1772024770,1,25,16777215,0,1e092b9,2054651706834498560,就是，不还手会给醉酒的打死的，死了算谁的？
921,BV1dvfsBrEFJ,36270509724,央视一句话定调：这不是互殴，是正当防卫,526.455,08:46.455,2026-02-25,2026-02-25 22:48:45,1772030925,1,25,16777215,0,43eb60b3,2054703341593798400,这个解释还真不解气
922,BV1dvfsBrEFJ,36270509724,央视一句话定调：这不是互殴，是正当防卫,526.920,08:46.920,2026-04-15,2026-04-15 15:38:04,1776238684,1,25,16777215,0,b9c86a66,2090000585389857792,我们要保护施暴者的施暴行为
923,BV1dvfsBrEFJ,36270509724,央视一句话定调：这不是互殴，是正当防卫,527.935,08:47.935,2026-04-01,2026-04-01 15:07:30,1775027250,1,25,16777215,0,dbc2143b,2079838333617911040,“并不多见”
924,BV1dvfsBrEFJ,36270509724,央视一句话定调：这不是互殴，是正当防卫,528.102,08:48.102,2026-02-26,2026-02-26 09:24:36,1772069076,1,25,16777215,0,6275ff2a,2055023374983812352,对啊 这才是关键问题
925,BV1dvfsBrEFJ,36270509724,央视一句话定调：这不是互殴，是正当防卫,529.411,08:49.411,2026-04-16,2026-04-16 23:45:41,1776354341,1,25,16777215,0,712d029,2090970787204522496,太可笑了
926,BV1dvfsBrEFJ,36270509724,央视一句话定调：这不是互殴，是正当防卫,530.330,08:50.330,2026-02-26,2026-02-26 00:57:57,1772038677,1,25,16777215,0,2cbbc6de,2054768369723006976,昆山龙哥今年几岁了？？？？？
927,BV1dvfsBrEFJ,36270509724,央视一句话定调：这不是互殴，是正当防卫,530.665,08:50.665,2026-04-01,2026-04-01 00:57:19,1774976239,1,25,16777215,0,ab25b20a,2079410423610513152,凭什么喝醉酒可以逃避违法行为的责任 喝醉酒就可以无法无天了？
928,BV1dvfsBrEFJ,36270509724,央视一句话定调：这不是互殴，是正当防卫,530.820,08:50.820,2026-03-30,2026-03-30 16:46:08,1774860368,1,25,16777215,0,b68aad54,2078438425802864384,正解
929,BV1dvfsBrEFJ,36270509724,央视一句话定调：这不是互殴，是正当防卫,530.995,08:50.995,2026-03-30,2026-03-30 18:50:35,1774867835,1,25,16777215,0,1b59868a,2078501067137650944,还是去昆山开店吧
930,BV1dvfsBrEFJ,36270509724,央视一句话定调：这不是互殴，是正当防卫,531.062,08:51.062,2026-04-19,2026-04-19 16:35:48,1776587748,1,25,16777215,0,28ea2097,2092928746301961984,喝酒开车是全责，喝酒动手就没事儿吗？
931,BV1dvfsBrEFJ,36270509724,央视一句话定调：这不是互殴，是正当防卫,534.241,08:54.241,2026-03-31,2026-03-31 03:11:26,1774897886,1,25,16707842,0,7a6dfc15,2078753150118101504,我就想问一句，凭什么别人打我时，我只能选择逃？！
932,BV1dvfsBrEFJ,36270509724,央视一句话定调：这不是互殴，是正当防卫,534.461,08:54.461,2026-02-25,2026-02-25 23:23:58,1772033038,1,25,16777215,0,b83f88f5,2054721061983018752,混账 那个酒鬼可以说是他拉扯之下 撞到暖气片   归根究底  他们的认知一开始就出现了很大的问题
933,BV1dvfsBrEFJ,36270509724,央视一句话定调：这不是互殴，是正当防卫,535.059,08:55.059,2026-04-11,2026-04-11 01:41:10,1775842870,1,25,16777215,0,80dd3959,2086680252138354432,就算他被啤酒瓶插死了也是正当防卫，不然龙哥也不算
934,BV1dvfsBrEFJ,36270509724,央视一句话定调：这不是互殴，是正当防卫,536.658,08:56.658,2026-02-25,2026-02-25 22:55:09,1772031309,1,25,16777215,0,25080aaf,2054706564731834112,因为伤害程度不够，所以说治安，要是事发时被一拳打死那就是刑事案件，要是持刀那不用被捅死也是刑事案件。持械与否也是重要依据
935,BV1dvfsBrEFJ,36270509724,央视一句话定调：这不是互殴，是正当防卫,537.312,08:57.312,2026-02-25,2026-02-25 22:50:37,1772031037,1,25,16777215,0,ab01d334,2054704284465443328,还击得不够狠？
936,BV1dvfsBrEFJ,36270509724,央视一句话定调：这不是互殴，是正当防卫,538.123,08:58.123,2026-04-18,2026-04-18 23:06:32,1776524792,1,25,16777215,0,e034da68,2092400627837373952,原来如此
937,BV1dvfsBrEFJ,36270509724,央视一句话定调：这不是互殴，是正当防卫,538.178,08:58.178,2026-03-28,2026-03-28 20:24:11,1774700651,1,25,38979,0,b306e363,2077098629277492224,喝酒打人=最后驾驶，这没毛病。
938,BV1dvfsBrEFJ,36270509724,央视一句话定调：这不是互殴，是正当防卫,538.190,08:58.190,2026-04-15,2026-04-15 22:30:12,1776263412,1,25,16777215,0,27b55d5,2090208011607563520,第二十，第二百条，第贰万条，第二亿条也没用
939,BV1dvfsBrEFJ,36270509724,央视一句话定调：这不是互殴，是正当防卫,538.252,08:58.252,2026-03-30,2026-03-30 22:27:46,1774880866,1,25,16777215,0,9a237e5d,2078610378921257984,刘某醉酒失去控制，张女士作为弱者在被压倒在地的情况下拥有无限防卫权！
940,BV1dvfsBrEFJ,36270509724,央视一句话定调：这不是互殴，是正当防卫,540.945,09:00.945,2026-02-25,2026-02-25 19:57:58,1772020678,1,25,16777215,0,ef079a8e,2054617379921233664,应该追查那两次审判法官
941,BV1dvfsBrEFJ,36270509724,央视一句话定调：这不是互殴，是正当防卫,541.652,09:01.652,2026-04-12,2026-04-12 00:11:26,1775923886,1,25,16777215,0,a7e58cf5,2087359868083531776,评判标准模糊的东西，让人民大众来评判不是更好吗
942,BV1dvfsBrEFJ,36270509724,央视一句话定调：这不是互殴，是正当防卫,544.523,09:04.523,2026-02-25,2026-02-25 20:41:13,1772023273,1,25,16777215,0,2542c9b8,2054639151453658624,挨打的时候 你为什么要还手
943,BV1dvfsBrEFJ,36270509724,央视一句话定调：这不是互殴，是正当防卫,545.367,09:05.367,2026-03-28,2026-03-28 20:24:40,1774700680,1,25,38979,0,b306e363,2077098865962301952,喝酒打人=醉酒驾驶，这没毛病
944,BV1dvfsBrEFJ,36270509724,央视一句话定调：这不是互殴，是正当防卫,545.563,09:05.563,2026-02-25,2026-02-25 23:18:05,1772032685,1,25,16777215,0,8768d53b,2054718106056168192,对方连续打你 你还不能还手了吗
945,BV1dvfsBrEFJ,36270509724,央视一句话定调：这不是互殴，是正当防卫,548.520,09:08.520,2026-04-12,2026-04-12 13:35:16,1775972116,1,25,16777215,0,99e478f3,2087764444733707776,还2007呢
946,BV1dvfsBrEFJ,36270509724,央视一句话定调：这不是互殴，是正当防卫,549.296,09:09.296,2026-02-25,2026-02-25 21:12:55,1772025175,1,25,16646914,0,996f3a6a,2054655103768084736,2007年就有，就是不用
947,BV1dvfsBrEFJ,36270509724,央视一句话定调：这不是互殴，是正当防卫,551.131,09:11.131,2026-04-29,2026-04-29 23:18:17,1777475897,1,25,16777215,0,43855e8e,2100379080477347584,我嘞个07年
948,BV1dvfsBrEFJ,36270509724,央视一句话定调：这不是互殴，是正当防卫,551.568,09:11.568,2026-03-31,2026-03-31 20:07:52,1774958872,1,25,16777215,0,be1c3638,2079264737103372288,醉酒人员本身就没有什么能为自己的行为负责的能力
949,BV1dvfsBrEFJ,36270509724,央视一句话定调：这不是互殴，是正当防卫,554.542,09:14.542,2026-02-25,2026-02-25 23:06:26,1772031986,1,25,16777215,0,74632bb6,2054712240296889088,本身就是模糊的可以
950,BV1dvfsBrEFJ,36270509724,央视一句话定调：这不是互殴，是正当防卫,555.620,09:15.620,2026-04-14,2026-04-14 17:50:22,1776160222,1,25,16777215,0,9004c182,2089342392590619392,不伤害施暴者的制止行为？
951,BV1dvfsBrEFJ,36270509724,央视一句话定调：这不是互殴，是正当防卫,556.170,09:16.170,2026-02-25,2026-02-25 23:46:58,1772034418,1,25,16777215,0,c255f7b1,2054732639302431232,怎么制止！？求他吗
952,BV1dvfsBrEFJ,36270509724,央视一句话定调：这不是互殴，是正当防卫,556.801,09:16.801,2026-04-02,2026-04-02 21:10:59,1775135459,1,25,16777215,0,7d14a9d,2080746056609974016,这有多模糊啊，只能制止才算正当防卫，对方有任何伤都算防卫过当。
953,BV1dvfsBrEFJ,36270509724,央视一句话定调：这不是互殴，是正当防卫,560.037,09:20.037,2026-02-25,2026-02-25 22:20:04,1772029204,1,25,16777215,0,39647d1a,2054688903759383296,谁先动手 谁就是加害者 要这样认定才行 而不是只看结果 不看起因
954,BV1dvfsBrEFJ,36270509724,央视一句话定调：这不是互殴，是正当防卫,560.371,09:20.371,2026-04-16,2026-04-16 23:48:24,1776354504,1,25,16777215,0,712d029,2090972146385494528,可笑可笑
955,BV1dvfsBrEFJ,36270509724,央视一句话定调：这不是互殴，是正当防卫,565.409,09:25.409,2026-04-13,2026-04-13 01:10:07,1776013807,1,25,16777215,0,71ab6e72,2088114176488431872,这种法律条款很多都是这么一步一步推动的。。任重道远
956,BV1dvfsBrEFJ,36270509724,央视一句话定调：这不是互殴，是正当防卫,566.166,09:26.166,2026-02-25,2026-02-25 22:30:31,1772029831,1,25,16777215,0,ba7350b0,2054694165941538304,谁先动手谁就错也不一定对好么，还得看起因。
957,BV1dvfsBrEFJ,36270509724,央视一句话定调：这不是互殴，是正当防卫,568.951,09:28.951,2026-02-25,2026-02-25 21:42:49,1772026969,1,25,16776960,0,1156f14e,2054670159053917952,无感
958,BV1dvfsBrEFJ,36270509724,央视一句话定调：这不是互殴，是正当防卫,568.980,09:28.980,2026-02-25,2026-02-25 19:09:14,1772017754,1,25,16777215,0,b4bf37e8,2054592852679942144,MD 弱势群里 就只能被打死？整个正当防卫条款 到底是挡了谁的利益
959,BV1dvfsBrEFJ,36270509724,央视一句话定调：这不是互殴，是正当防卫,570.769,09:30.769,2026-02-26,2026-02-26 00:06:41,1772035601,1,25,16777215,0,323c34f6,2054742563286225408,并不是完全看先动手，还要看对方是否挑衅，也就是双方默认了来一场较量
960,BV1dvfsBrEFJ,36270509724,央视一句话定调：这不是互殴，是正当防卫,571.774,09:31.774,2026-03-31,2026-03-31 17:57:49,1774951069,1,25,16777215,0,39c1dc48,2079199283067868928,主要是为了确保别人打你一巴掌你能还手的权利
961,BV1dvfsBrEFJ,36270509724,央视一句话定调：这不是互殴，是正当防卫,575.299,09:35.299,2026-04-10,2026-04-10 19:15:11,1775819711,1,25,16777215,0,4cb38a6f,2086485979778379776,以和加沙算互殴，都有错
962,BV1dvfsBrEFJ,36270509724,央视一句话定调：这不是互殴，是正当防卫,575.720,09:35.720,2026-04-11,2026-04-11 23:34:02,1775921642,1,25,16777215,0,f017d136,2087341040045610496,先让三招，如果还打，那就还手自卫
963,BV1dvfsBrEFJ,36270509724,央视一句话定调：这不是互殴，是正当防卫,577.203,09:37.203,2026-03-26,2026-03-26 19:09:30,1774523370,1,25,16777215,0,3ce69983,2075611481197797376,应该按事情起因，而不是经过
964,BV1dvfsBrEFJ,36270509724,央视一句话定调：这不是互殴，是正当防卫,577.575,09:37.575,2026-04-01,2026-04-01 10:52:55,1775011975,1,25,16777215,0,7b89578c,2079710202915789312,人类？这是什么词儿？
965,BV1dvfsBrEFJ,36270509724,央视一句话定调：这不是互殴，是正当防卫,577.992,09:37.992,2026-03-31,2026-03-31 18:54:46,1774954486,5,25,16777215,0,8fe18143,2079227950826059776,《人类》
966,BV1dvfsBrEFJ,36270509724,央视一句话定调：这不是互殴，是正当防卫,580.129,09:40.129,2026-04-23,2026-04-23 17:26:33,1776936393,1,25,16777215,0,c298886,2095853387916320000,看谁先挑事呗，无故寻衅的一方没有防卫权
967,BV1dvfsBrEFJ,36270509724,央视一句话定调：这不是互殴，是正当防卫,582.410,09:42.410,2026-02-25,2026-02-25 21:18:25,1772025505,1,25,16777215,0,863c812f,2054657872578803456,人民还是人类
968,BV1dvfsBrEFJ,36270509724,央视一句话定调：这不是互殴，是正当防卫,583.327,09:43.327,2026-04-07,2026-04-07 19:25:38,1775561138,1,25,16777215,0,2be33cea,2084316917979651328,就这水平？
969,BV1dvfsBrEFJ,36270509724,央视一句话定调：这不是互殴，是正当防卫,584.460,09:44.460,2026-02-25,2026-02-25 17:36:07,1772012167,1,25,16777215,0,76411240,2054545985375729152,会
970,BV1dvfsBrEFJ,36270509724,央视一句话定调：这不是互殴，是正当防卫,585.002,09:45.002,2026-04-15,2026-04-15 00:07:34,1776182854,1,25,16777215,0,be54091a,2089532248784486656,做生意的要大度一点，开餐馆桌椅碗筷损耗是正常的，难免会遇到素质低的人，要挣钱也得忍一忍
971,BV1dvfsBrEFJ,36270509724,央视一句话定调：这不是互殴，是正当防卫,585.612,09:45.612,2026-04-01,2026-04-01 13:35:09,1775021709,1,25,16777215,0,1ce78ade,2079791857214359552,起因经过结果，都是判断标准
972,BV1dvfsBrEFJ,36270509724,央视一句话定调：这不是互殴，是正当防卫,585.876,09:45.876,2026-03-26,2026-03-26 19:25:10,1774524310,1,25,16777215,0,16f2bbca,2075619368754685440,应该看情节，谁挑事制造矛盾与纠纷，先动手是第一参考
973,BV1dvfsBrEFJ,36270509724,央视一句话定调：这不是互殴，是正当防卫,587.326,09:47.326,2026-02-25,2026-02-25 20:18:45,1772021925,1,25,16777215,0,41251cb,2054627840850936320,终于清醒了
974,BV1dvfsBrEFJ,36270509724,央视一句话定调：这不是互殴，是正当防卫,590.780,09:50.780,2026-04-07,2026-04-07 19:25:50,1775561150,1,25,16777215,0,2be33cea,2084317010623518976,不知所云
975,BV1dvfsBrEFJ,36270509724,央视一句话定调：这不是互殴，是正当防卫,591.251,09:51.251,2026-04-16,2026-04-16 23:49:36,1776354576,1,25,16777215,0,712d029,2090972753863458304,可笑可笑
976,BV1dvfsBrEFJ,36270509724,央视一句话定调：这不是互殴，是正当防卫,591.506,09:51.506,2026-03-31,2026-03-31 18:01:02,1774951262,1,25,16777215,0,cd0f456c,2079200901440603392,这个案例不错
977,BV1dvfsBrEFJ,36270509724,央视一句话定调：这不是互殴，是正当防卫,592.788,09:52.788,2026-03-30,2026-03-30 13:29:30,1774848570,1,25,16777215,0,307c668b,2078339462089952768,你不能代表人类吧
978,BV1dvfsBrEFJ,36270509724,央视一句话定调：这不是互殴，是正当防卫,593.680,09:53.680,2026-04-10,2026-04-10 09:46:28,1775785588,1,25,16777215,0,119394bc,2086199737110958336,熊猫等动物不适用正当防卫的意思是吧？
979,BV1dvfsBrEFJ,36270509724,央视一句话定调：这不是互殴，是正当防卫,595.956,09:55.956,2026-04-03,2026-04-03 22:10:41,1775225441,1,25,16777215,0,d65adc1c,2081500883187455488,有案例对于后边的同样的案子有有据可依了，不知道弹幕们急什么…
980,BV1dvfsBrEFJ,36270509724,央视一句话定调：这不是互殴，是正当防卫,597.480,09:57.480,2026-02-25,2026-02-25 22:29:40,1772029780,1,25,16777215,0,f35f4444,2054693732074802432,是为了制止做恶，而不是因为别人先动手你就可以出气
981,BV1dvfsBrEFJ,36270509724,央视一句话定调：这不是互殴，是正当防卫,599.368,09:59.368,2026-03-30,2026-03-30 08:18:22,1774829902,1,25,16777215,0,502522,2078182862582653440,就是找补呗，不是什么大事，一人挨一棒子，不用麻烦调查，好结案
982,BV1dvfsBrEFJ,36270509724,央视一句话定调：这不是互殴，是正当防卫,599.626,09:59.626,2026-02-26,2026-02-26 00:07:12,1772035632,1,25,16777215,0,323c34f6,2054742827703544832,这个案子是 互殴。。
983,BV1dvfsBrEFJ,36270509724,央视一句话定调：这不是互殴，是正当防卫,606.149,10:06.149,2026-02-25,2026-02-25 21:08:16,1772024896,1,25,16777215,0,1e092b9,2054652767573699840,这就很莫名其妙，起因就是醉酒者，那时情况已经相当紧急了。
984,BV1dvfsBrEFJ,36270509724,央视一句话定调：这不是互殴，是正当防卫,606.562,10:06.562,2026-04-18,2026-04-18 10:19:19,1776478759,1,25,16777215,0,92bd7203,2092014478794277632,因为要社会和谐，稳定
985,BV1dvfsBrEFJ,36270509724,央视一句话定调：这不是互殴，是正当防卫,609.229,10:09.229,2026-02-25,2026-02-25 23:00:16,1772031616,1,25,16777215,0,f9e23e31,2054709136754958848,那么问题来了，如何做到有效反击制止侵害行为呢，弹他脑瓜崩？
986,BV1dvfsBrEFJ,36270509724,央视一句话定调：这不是互殴，是正当防卫,609.550,10:09.550,2026-02-25,2026-02-25 23:51:27,1772034687,1,25,16777215,0,9e5b75a7,2054734895133760768,真TM拟人。。。脸都不要了
987,BV1dvfsBrEFJ,36270509724,央视一句话定调：这不是互殴，是正当防卫,610.017,10:10.017,2026-04-06,2026-04-06 12:11:19,1775448679,1,25,16777215,0,7b93dff6,2083373539653972224,谁看见用啤酒瓶？有人证物证监控嘛
988,BV1dvfsBrEFJ,36270509724,央视一句话定调：这不是互殴，是正当防卫,610.019,10:10.019,2026-03-31,2026-03-31 07:11:42,1774912302,1,25,16777215,0,66a8e8bd,2078874085584374784,不用瓶子，用舌头舔管用吗？
989,BV1dvfsBrEFJ,36270509724,央视一句话定调：这不是互殴，是正当防卫,610.317,10:10.317,2026-05-07,2026-05-07 16:07:25,1778141245,1,25,16777215,0,3ea25d5f,2105960420501492480,她不用啤酒瓶，她一个女的能打得过那个喝了酒的男的吗？ 他往死里打她，把她打死了怎么办？情急之下还考虑拿的防卫武器是否合适？
990,BV1dvfsBrEFJ,36270509724,央视一句话定调：这不是互殴，是正当防卫,610.603,10:10.603,2026-02-25,2026-02-25 23:21:48,1772032908,1,25,16777215,0,59b66010,2054719971959093248,女人空手跟男人打那不是找虐吗
991,BV1dvfsBrEFJ,36270509724,央视一句话定调：这不是互殴，是正当防卫,610.978,10:10.978,2026-04-14,2026-04-14 17:52:13,1776160333,1,25,16777215,0,9004c182,2089343329564588544,哈哈哈哈哈给我整笑了
992,BV1dvfsBrEFJ,36270509724,央视一句话定调：这不是互殴，是正当防卫,611.580,10:11.580,2026-03-28,2026-03-28 09:42:31,1774662151,1,25,16777215,0,9be4e1cc,2076775665797726976,反击行为超过一定限度是对普通百姓的基本要求，你若做不到，休怪我六扇门对你不客气了。
993,BV1dvfsBrEFJ,36270509724,央视一句话定调：这不是互殴，是正当防卫,611.862,10:11.862,2026-03-31,2026-03-31 16:08:41,1774944521,1,25,16777215,0,707e6a5,2079144353163154176,女方本就是弱势群体，不抄家伙，难道和对方肉搏？
994,BV1dvfsBrEFJ,36270509724,央视一句话定调：这不是互殴，是正当防卫,611.942,10:11.942,2026-05-04,2026-05-04 00:28:03,1777825683,1,25,16777215,0,d85356d8,2103313294499846656,神金
995,BV1dvfsBrEFJ,36270509724,央视一句话定调：这不是互殴，是正当防卫,612.051,10:12.051,2026-03-31,2026-03-31 17:58:32,1774951112,1,25,16777215,0,39c1dc48,2079199648148813568,搞笑
996,BV1dvfsBrEFJ,36270509724,央视一句话定调：这不是互殴，是正当防卫,612.261,10:12.261,2026-04-19,2026-04-19 00:16:08,1776528968,1,25,16777215,0,8b5e3573,2092435661743010304,怎么个限度？是要被打伤了才可以反击么？
997,BV1dvfsBrEFJ,36270509724,央视一句话定调：这不是互殴，是正当防卫,612.706,10:12.706,2026-04-01,2026-04-01 10:50:40,1775011840,1,25,16777215,0,1c1d2180,2079709067382966528,操蛋的超过限度！
998,BV1dvfsBrEFJ,36270509724,央视一句话定调：这不是互殴，是正当防卫,612.771,10:12.771,2026-04-14,2026-04-14 06:33:13,1776119593,1,25,16777215,0,d9f6c30a,2089001574880965632,一定的限度？？？
999,BV1dvfsBrEFJ,36270509724,央视一句话定调：这不是互殴，是正当防卫,613.510,10:13.510,2026-02-25,2026-02-25 23:41:42,1772034102,1,25,16777215,0,f0c4fb13,2054729987630242560,一个用拳头 一个持械反击
1000,BV1dvfsBrEFJ,36270509724,央视一句话定调：这不是互殴，是正当防卫,614.370,10:14.370,2026-02-25,2026-02-25 23:03:11,1772031791,1,25,16777215,0,f9e23e31,2054710603863770112,怎么超出，事实认定清楚吗，怎么证明就是她打的？
1001,BV1dvfsBrEFJ,36270509724,央视一句话定调：这不是互殴，是正当防卫,614.520,10:14.520,2026-02-25,2026-02-25 20:27:10,1772022430,1,25,16707842,0,41d8bb4a,2054632080075604224,我认为，当受到不法侵害时，被侵害一方应当立即做出让侵害人失去行动能力的行为！这才是社会正能量的法律表现！
1002,BV1dvfsBrEFJ,36270509724,央视一句话定调：这不是互殴，是正当防卫,614.602,10:14.602,2026-02-25,2026-02-25 21:38:02,1772026682,1,25,16777215,0,35c35678,2054667749946636288,被打了还得大脑飞速运转思考限度是吧，什么年代了还在用这么陈旧的解释？
1003,BV1dvfsBrEFJ,36270509724,央视一句话定调：这不是互殴，是正当防卫,614.958,10:14.958,2026-02-25,2026-02-25 20:20:32,1772022032,1,25,16777215,0,794f5bf1,2054628739723848192,这是胡扯，当时的形势怎么可能由得女老板仔细评估什么情况算是不超过某个限度？
1004,BV1dvfsBrEFJ,36270509724,央视一句话定调：这不是互殴，是正当防卫,615.106,10:15.106,2026-02-25,2026-02-25 20:46:38,1772023598,1,25,16777215,0,1d7da178,2054641876904540928,一定的限度？
1005,BV1dvfsBrEFJ,36270509724,央视一句话定调：这不是互殴，是正当防卫,615.128,10:15.128,2026-02-25,2026-02-25 17:40:40,1772012440,1,25,16777215,0,49b01967,2054548277068206592,对反击的人是不是太苛刻了，毕竟她才是受害者
1006,BV1dvfsBrEFJ,36270509724,央视一句话定调：这不是互殴，是正当防卫,615.332,10:15.332,2026-03-30,2026-03-30 12:11:08,1774843868,1,25,16777215,0,6904aed3,2078300017982699264,你觉得女人一拳跟男人一拳要按对等的限度吗
1007,BV1dvfsBrEFJ,36270509724,央视一句话定调：这不是互殴，是正当防卫,615.563,10:15.563,2026-02-25,2026-02-25 22:45:48,1772030748,1,25,16777215,0,59ee9d6f,2054701855577737984,对方醉酒，还是男性，又是先动手，就算是老板娘用啤酒瓶砸了对方，也是为了制止继续侵害，自我保护的行为，建国几十年了，这种案子居然能够打到检察院抗诉，真是悲哀！
1008,BV1dvfsBrEFJ,36270509724,央视一句话定调：这不是互殴，是正当防卫,615.642,10:15.642,2026-04-11,2026-04-11 13:07:06,1775884026,1,25,16777215,0,2460eeda,2087025495970619904,挨打后 立即到地
1009,BV1dvfsBrEFJ,36270509724,央视一句话定调：这不是互殴，是正当防卫,616.611,10:16.611,2026-04-16,2026-04-16 23:50:07,1776354607,1,25,16777215,0,712d029,2090973013616710400,可笑可笑，
1010,BV1dvfsBrEFJ,36270509724,央视一句话定调：这不是互殴，是正当防卫,616.715,10:16.715,2026-03-13,2026-03-13 14:59:49,1773385189,1,25,16777215,0,35058f92,2066063726729714432,反击还有一定的限度
1011,BV1dvfsBrEFJ,36270509724,央视一句话定调：这不是互殴，是正当防卫,616.715,10:16.715,2026-03-13,2026-03-13 14:59:55,1773385195,1,25,16777215,0,35058f92,2066063784644463360,那万一被人家打死了怎么办？还不能反击？
1012,BV1dvfsBrEFJ,36270509724,央视一句话定调：这不是互殴，是正当防卫,617.668,10:17.668,2026-02-25,2026-02-25 22:58:37,1772031517,1,25,16777215,0,e2540b7,2054708311122839040,比如a先打b一拳，b直接一刀砍下a头，那b要不要被罚？
1013,BV1dvfsBrEFJ,36270509724,央视一句话定调：这不是互殴，是正当防卫,617.691,10:17.691,2026-04-16,2026-04-16 23:50:11,1776354611,1,25,16777215,0,712d029,2090973049737939200,气死了
1014,BV1dvfsBrEFJ,36270509724,央视一句话定调：这不是互殴，是正当防卫,617.885,10:17.885,2026-03-31,2026-03-31 01:30:10,1774891810,1,25,16777215,0,16c86784,2078702183352400640,一定限度？如何界定
1015,BV1dvfsBrEFJ,36270509724,央视一句话定调：这不是互殴，是正当防卫,619.174,10:19.174,2026-02-25,2026-02-25 23:01:42,1772031702,1,25,16777215,0,27879eb2,2054709860784384768,人类啊如果有保护级野兽攻击你你反杀也是正当防卫
1016,BV1dvfsBrEFJ,36270509724,央视一句话定调：这不是互殴，是正当防卫,619.249,10:19.249,2026-02-25,2026-02-25 17:53:25,1772013205,1,25,16777215,0,b31d026b,2054554694596569856,她是个女人诶 难道要她赤手空拳制止犯罪吗？
1017,BV1dvfsBrEFJ,36270509724,央视一句话定调：这不是互殴，是正当防卫,619.408,10:19.408,2026-04-18,2026-04-18 22:21:20,1776522080,1,25,15138835,0,93d5f07e,2092377880288936704,这个超过怎么界定？应该是一厘米以内的伤吗？砸之前先用尺子量一下
1018,BV1dvfsBrEFJ,36270509724,央视一句话定调：这不是互殴，是正当防卫,620.051,10:20.051,2026-02-25,2026-02-25 21:28:59,1772026139,1,25,16777215,0,3abaff5d,2054663196744687360,限度是多少？
1019,BV1dvfsBrEFJ,36270509724,央视一句话定调：这不是互殴，是正当防卫,620.340,10:20.340,2026-02-25,2026-02-25 23:12:36,1772032356,1,25,16777215,0,8050cfaf,2054715345474400512,各打50大板
1020,BV1dvfsBrEFJ,36270509724,央视一句话定调：这不是互殴，是正当防卫,620.678,10:20.678,2026-02-26,2026-02-26 00:50:32,1772038232,1,25,16777215,0,4b44f7a1,2054764632690072576,那种帮派约架才是互殴吧
1021,BV1dvfsBrEFJ,36270509724,央视一句话定调：这不是互殴，是正当防卫,620.826,10:20.826,2026-04-23,2026-04-23 17:27:30,1776936450,1,25,16777215,0,c298886,2095853865278456064,女店主赤手空拳反击什么？
1022,BV1dvfsBrEFJ,36270509724,央视一句话定调：这不是互殴，是正当防卫,621.156,10:21.156,2026-04-15,2026-04-15 20:34:55,1776256495,1,25,16777215,0,3561c04f,2090149992395253248,哈哈哈哈哈给我整笑了
1023,BV1dvfsBrEFJ,36270509724,央视一句话定调：这不是互殴，是正当防卫,621.647,10:21.647,2026-03-29,2026-03-29 01:30:30,1774719030,1,25,16777215,0,96572d1b,2077252796004494848,两个人力量悬殊，女士不拿武器怎么与之抗衡？
1024,BV1dvfsBrEFJ,36270509724,央视一句话定调：这不是互殴，是正当防卫,621.649,10:21.649,2026-03-28,2026-03-28 09:18:39,1774660719,1,25,16777215,0,9be4e1cc,2076763651557763840,喝酒算醉驾要入刑？那喝酒后伤害他人就该使用量刑保护？我有点晕乎。
1025,BV1dvfsBrEFJ,36270509724,央视一句话定调：这不是互殴，是正当防卫,621.690,10:21.690,2026-02-25,2026-02-25 18:38:43,1772015923,1,25,16777215,0,1c59e80d,2054577497676854272,玛德看的火大，凶手明显力气更大，你的意思是我必须赤手上去打才算防卫吗
1026,BV1dvfsBrEFJ,36270509724,央视一句话定调：这不是互殴，是正当防卫,623.709,10:23.709,2026-03-27,2026-03-27 04:26:40,1774556800,1,25,16777215,0,3a16192d,2075891917278756608,哈哈哈哈哈
1027,BV1dvfsBrEFJ,36270509724,央视一句话定调：这不是互殴，是正当防卫,624.745,10:24.745,2026-02-25,2026-02-25 17:45:37,1772012737,1,25,16777215,0,9305b5c1,2054550770397015808,在那种混乱情况下刘女士有可能是无意识抓到什么用什么
1028,BV1dvfsBrEFJ,36270509724,央视一句话定调：这不是互殴，是正当防卫,625.175,10:25.175,2026-03-28,2026-03-28 20:26:24,1774700784,1,25,38979,0,b306e363,2077099737949446400,(最后还得让龙哥出场解释）
1029,BV1dvfsBrEFJ,36270509724,央视一句话定调：这不是互殴，是正当防卫,625.780,10:25.780,2026-02-25,2026-02-25 20:42:21,1772023341,1,25,16777215,0,72a3587f,2054639718171350016,龙哥千古
1030,BV1dvfsBrEFJ,36270509724,央视一句话定调：这不是互殴，是正当防卫,626.106,10:26.106,2026-04-18,2026-04-18 09:08:31,1776474511,1,25,16777215,0,50020b00,2091978843853998592,龙哥
1031,BV1dvfsBrEFJ,36270509724,央视一句话定调：这不是互殴，是正当防卫,626.742,10:26.742,2026-03-31,2026-03-31 09:04:46,1774919086,1,25,16777215,0,cda254fc,2078930992449918208,可是一个弱小女性用拳头回击醉酒的男性，打不过怎么办?
1032,BV1dvfsBrEFJ,36270509724,央视一句话定调：这不是互殴，是正当防卫,626.776,10:26.776,2026-05-08,2026-05-08 06:23:09,1778192589,1,25,16777215,0,88de636a,2106391124418669824,龙哥
1033,BV1dvfsBrEFJ,36270509724,央视一句话定调：这不是互殴，是正当防卫,628.703,10:28.703,2026-03-31,2026-03-31 09:27:07,1774920427,1,25,16777215,0,54a9fd68,2078942241438878720,还得是龙哥啊
1034,BV1dvfsBrEFJ,36270509724,央视一句话定调：这不是互殴，是正当防卫,628.747,10:28.747,2026-02-25,2026-02-25 19:58:40,1772020720,1,25,16777215,0,4d324586,2054617737510215424,66666，只能这样了
1035,BV1dvfsBrEFJ,36270509724,央视一句话定调：这不是互殴，是正当防卫,628.907,10:28.907,2026-04-07,2026-04-07 08:20:36,1775521236,1,25,16777215,0,56c67afe,2083982193847583232,热心肠来喽
1036,BV1dvfsBrEFJ,36270509724,央视一句话定调：这不是互殴，是正当防卫,628.919,10:28.919,2026-03-30,2026-03-30 22:14:22,1774880062,1,25,16777215,0,76b87b87,2078603636174710784,这个被人拿刀追着砍砍，应该属于无限防卫权了
1037,BV1dvfsBrEFJ,36270509724,央视一句话定调：这不是互殴，是正当防卫,628.929,10:28.929,2026-02-25,2026-02-25 20:55:08,1772024108,5,25,16646914,0,f8cc05b8,2054646152275670528,对方都拿刀了，还考虑这老些，保证自己安全才是最重要的
1038,BV1dvfsBrEFJ,36270509724,央视一句话定调：这不是互殴，是正当防卫,630.559,10:30.559,2026-03-01,2026-03-01 13:51:57,1772344317,1,25,16777215,0,441282f4,2057332265767777024,也就是说，受害者不能比施暴者出手重？？
1039,BV1dvfsBrEFJ,36270509724,央视一句话定调：这不是互殴，是正当防卫,631.268,10:31.268,2026-02-25,2026-02-25 19:20:56,1772018456,1,25,16777215,0,cd8ede94,2054598746322535936,感谢龙哥，龙哥现在上小学了吧
1040,BV1dvfsBrEFJ,36270509724,央视一句话定调：这不是互殴，是正当防卫,632.015,10:32.015,2026-04-02,2026-04-02 11:37:28,1775101048,4,25,15138834,0,c6e1d5bb,2080457398367782912,古道热肠的龙哥
1041,BV1dvfsBrEFJ,36270509724,央视一句话定调：这不是互殴，是正当防卫,632.649,10:32.649,2026-02-25,2026-02-25 22:32:28,1772029948,1,25,16777215,0,9ccb7ef1,2054695144875833344,算算时间，龙哥也该上小学了吧
1042,BV1dvfsBrEFJ,36270509724,央视一句话定调：这不是互殴，是正当防卫,633.428,10:33.428,2026-04-11,2026-04-11 08:35:57,1775867757,1,25,16777215,0,8ee8afe2,2086889020524764928,龙哥太伟大了
1043,BV1dvfsBrEFJ,36270509724,央视一句话定调：这不是互殴，是正当防卫,633.801,10:33.801,2026-04-18,2026-04-18 20:29:27,1776515367,1,25,16777215,0,5aebcbac,2092321568209480192,龙哥，几岁了
1044,BV1dvfsBrEFJ,36270509724,央视一句话定调：这不是互殴，是正当防卫,633.915,10:33.915,2026-02-26,2026-02-26 00:04:09,1772035449,1,25,16777215,0,504b10c0,2054741289307940864,一个男的一个女的 咋防卫 你说
1045,BV1dvfsBrEFJ,36270509724,央视一句话定调：这不是互殴，是正当防卫,635.151,10:35.151,2026-03-31,2026-03-31 18:17:15,1774952235,1,25,16777215,0,d87b8f4f,2079209068488846848,龙哥功德无量
1046,BV1dvfsBrEFJ,36270509724,央视一句话定调：这不是互殴，是正当防卫,635.475,10:35.475,2026-02-25,2026-02-25 22:58:04,1772031484,1,25,16777215,0,555fbda3,2054708030381329408,谢谢龙哥为 中国法律 补上案件建议
1047,BV1dvfsBrEFJ,36270509724,央视一句话定调：这不是互殴，是正当防卫,636.754,10:36.754,2026-03-26,2026-03-26 10:38:55,1774492735,1,25,16777215,0,77000cd3,2075354496778755584,还得是我龙哥
1048,BV1dvfsBrEFJ,36270509724,央视一句话定调：这不是互殴，是正当防卫,637.382,10:37.382,2026-02-25,2026-02-25 22:22:16,1772029336,1,25,16777215,0,d952651e,2054690014763942400,龙哥限时返场
1049,BV1dvfsBrEFJ,36270509724,央视一句话定调：这不是互殴，是正当防卫,638.003,10:38.003,2026-02-25,2026-02-25 19:22:11,1772018531,1,25,16777215,0,90e7fe37,2054599374998494208,坤山龙哥
1050,BV1dvfsBrEFJ,36270509724,央视一句话定调：这不是互殴，是正当防卫,638.504,10:38.504,2026-03-30,2026-03-30 12:15:01,1774844101,1,25,16777215,0,ca51218e,2078301974474371840,龙哥：未来很长一段时间内都需要我经常出来解释的，我把话说死了！
1051,BV1dvfsBrEFJ,36270509724,央视一句话定调：这不是互殴，是正当防卫,639.109,10:39.109,2026-02-25,2026-02-25 22:42:21,1772030541,1,25,16777215,0,f58ab3e7,2054700118481224192,还得要昆山龙哥出场
1052,BV1dvfsBrEFJ,36270509724,央视一句话定调：这不是互殴，是正当防卫,639.625,10:39.625,2026-02-25,2026-02-25 20:16:55,1772021815,1,25,16777215,0,d6086e82,2054626922071887616,笑死我！你防卫还要替对方考虑伤情
1053,BV1dvfsBrEFJ,36270509724,央视一句话定调：这不是互殴，是正当防卫,640.617,10:40.617,2026-02-25,2026-02-25 23:56:28,1772034988,1,25,16777215,0,e8002dab,2054737422646483968,扬肠而去的龙哥
1054,BV1dvfsBrEFJ,36270509724,央视一句话定调：这不是互殴，是正当防卫,642.657,10:42.657,2026-02-26,2026-02-26 00:03:09,1772035389,1,25,16777215,0,9d7437e4,2054740785211048704,龙哥时不时的出现~~~
1055,BV1dvfsBrEFJ,36270509724,央视一句话定调：这不是互殴，是正当防卫,642.887,10:42.887,2026-02-25,2026-02-25 19:58:17,1772020697,1,25,16777215,0,715f2832,2054617539027882752,这个有社会危害性吗？
1056,BV1dvfsBrEFJ,36270509724,央视一句话定调：这不是互殴，是正当防卫,643.924,10:43.924,2026-04-01,2026-04-01 12:22:52,1775017372,1,25,16777215,0,64afa591,2079755474965933824,龙哥现在也该上小学了吧
1057,BV1dvfsBrEFJ,36270509724,央视一句话定调：这不是互殴，是正当防卫,644.004,10:44.004,2026-02-25,2026-02-25 22:23:37,1772029417,1,25,16777215,0,d40a30c,2054690690365546496,昆山龙哥
1058,BV1dvfsBrEFJ,36270509724,央视一句话定调：这不是互殴，是正当防卫,644.935,10:44.935,2026-04-13,2026-04-13 19:16:14,1776078974,1,25,16777215,0,4501a3c7,2088660833684605440,龙哥为司法做的最大贡献
1059,BV1dvfsBrEFJ,36270509724,央视一句话定调：这不是互殴，是正当防卫,645.507,10:45.507,2026-02-25,2026-02-25 23:07:51,1772032071,1,25,16777215,0,7622f2d2,2054712952816482048,龙哥：我白死了？
1060,BV1dvfsBrEFJ,36270509724,央视一句话定调：这不是互殴，是正当防卫,646.160,10:46.160,2026-02-25,2026-02-25 22:41:24,1772030484,1,25,16646914,0,a0f9fda0,2054699639248762368,这事如果没有舆论，一样是有罪
1061,BV1dvfsBrEFJ,36270509724,央视一句话定调：这不是互殴，是正当防卫,647.302,10:47.302,2026-04-13,2026-04-13 01:12:31,1776013951,1,25,16777215,0,71ab6e72,2088115380605916672,龙哥今年上几年级了？感谢龙哥促进司法进步
1062,BV1dvfsBrEFJ,36270509724,央视一句话定调：这不是互殴，是正当防卫,648.039,10:48.039,2026-02-25,2026-02-25 23:03:47,1772031827,1,25,16777215,0,728c409e,2054710909829944064,龙哥现场教学
1063,BV1dvfsBrEFJ,36270509724,央视一句话定调：这不是互殴，是正当防卫,648.576,10:48.576,2026-04-12,2026-04-12 02:51:22,1775933482,1,25,16777215,0,ddb4dab,2087440362162859264,感谢龙哥“声张正义“
1064,BV1dvfsBrEFJ,36270509724,央视一句话定调：这不是互殴，是正当防卫,648.958,10:48.958,2026-04-01,2026-04-01 08:46:20,1775004380,1,25,16777215,0,fcabf4e5,2079646485917930496,一生的噩梦
1065,BV1dvfsBrEFJ,36270509724,央视一句话定调：这不是互殴，是正当防卫,649.798,10:49.798,2026-03-30,2026-03-30 16:33:31,1774859611,1,25,16777215,0,8ed53ddd,2078432080391682560,这才是正常法律该有的判决
1066,BV1dvfsBrEFJ,36270509724,央视一句话定调：这不是互殴，是正当防卫,650.612,10:50.612,2026-04-02,2026-04-02 12:44:07,1775105047,1,25,15772458,0,f6dd044e,2080490947548561408,还得是龙哥热心肠
1067,BV1dvfsBrEFJ,36270509724,央视一句话定调：这不是互殴，是正当防卫,651.139,10:51.139,2026-04-01,2026-04-01 05:45:08,1774993508,1,25,16777215,0,dba95c2f,2079555289904147200,太难了……
1068,BV1dvfsBrEFJ,36270509724,央视一句话定调：这不是互殴，是正当防卫,651.947,10:51.947,2026-03-28,2026-03-28 09:45:09,1774662309,1,25,16777215,0,9be4e1cc,2076776993160508672,于海明案不是正常程序的司法的公正，是人民的胜利。
1069,BV1dvfsBrEFJ,36270509724,央视一句话定调：这不是互殴，是正当防卫,652.961,10:52.961,2026-03-26,2026-03-26 18:08:44,1774519724,1,25,16777215,0,cafa3c04,2075580898849511168,没事拉龙哥出来溜溜
1070,BV1dvfsBrEFJ,36270509724,央视一句话定调：这不是互殴，是正当防卫,653.116,10:53.116,2026-02-25,2026-02-25 21:30:18,1772026218,1,25,16777215,0,3e6dd0d8,2054663854226672640,感谢龙哥
1071,BV1dvfsBrEFJ,36270509724,央视一句话定调：这不是互殴，是正当防卫,653.748,10:53.748,2026-04-02,2026-04-02 11:21:06,1775100066,1,25,16777215,0,e50e2a42,2080449164151605248,感谢龙哥的付出
1072,BV1dvfsBrEFJ,36270509724,央视一句话定调：这不是互殴，是正当防卫,653.773,10:53.773,2026-02-25,2026-02-25 22:42:42,1772030562,1,25,16777215,0,f66decd6,2054700291781673728,虽然龙哥早一凉透，但事迹还在发光发热
1073,BV1dvfsBrEFJ,36270509724,央视一句话定调：这不是互殴，是正当防卫,653.898,10:53.898,2026-02-25,2026-02-25 23:15:08,1772032508,1,25,16777215,0,b433e056,2054716616759511552,龙哥：我再表演一次，看好了！
1074,BV1dvfsBrEFJ,36270509724,央视一句话定调：这不是互殴，是正当防卫,653.945,10:53.945,2026-04-18,2026-04-18 22:33:28,1776522808,1,25,16777215,0,7db0be4a,2092383986004672000,文明
1075,BV1dvfsBrEFJ,36270509724,央视一句话定调：这不是互殴，是正当防卫,654.205,10:54.205,2026-03-31,2026-03-31 17:59:33,1774951173,1,25,16777215,0,39c1dc48,2079200157807095296,谁动手就干谁
1076,BV1dvfsBrEFJ,36270509724,央视一句话定调：这不是互殴，是正当防卫,654.654,10:54.654,2026-02-25,2026-02-25 19:27:59,1772018879,1,25,16777215,0,95f7461b,2054602291038041600,昆山的案子太重要了，这是一大进步
1077,BV1dvfsBrEFJ,36270509724,央视一句话定调：这不是互殴，是正当防卫,655.087,10:55.087,2026-02-25,2026-02-25 22:10:00,1772028600,1,25,16777215,0,a834e811,2054683837871092992,于海明要不是网络舆论发酵，高低得判个20年
1078,BV1dvfsBrEFJ,36270509724,央视一句话定调：这不是互殴，是正当防卫,655.994,10:55.994,2026-02-26,2026-02-26 00:10:36,1772035836,1,25,16777215,0,4a908b32,2054744537662465280,龙哥事件是舆情推动的判决
1079,BV1dvfsBrEFJ,36270509724,央视一句话定调：这不是互殴，是正当防卫,657.502,10:57.502,2026-02-25,2026-02-25 19:28:50,1772018930,1,25,16777215,0,6836eca7,2054602716458180096,江苏确实领先山东
1080,BV1dvfsBrEFJ,36270509724,央视一句话定调：这不是互殴，是正当防卫,659.571,10:59.571,2026-02-25,2026-02-25 23:28:19,1772033299,1,25,15138834,0,41a5500b,2054723253565568512,龙哥为第二十条做出了卓越的贡献，以生命捍卫了法律的神圣。
1081,BV1dvfsBrEFJ,36270509724,央视一句话定调：这不是互殴，是正当防卫,660.145,11:00.145,2026-02-25,2026-02-25 22:23:37,1772029417,1,25,16777215,0,39647d1a,2054690690272809216,喝醉的人是没有理性的 什么事都可能干得出来
1082,BV1dvfsBrEFJ,36270509724,央视一句话定调：这不是互殴，是正当防卫,660.627,11:00.627,2026-02-25,2026-02-25 22:45:15,1772030715,1,25,16777215,0,ed4fe5bb,2054701577117913344,昆山还是比南京领先太多了
1083,BV1dvfsBrEFJ,36270509724,央视一句话定调：这不是互殴，是正当防卫,660.674,11:00.674,2026-02-25,2026-02-25 22:43:56,1772030636,1,25,16777215,0,57f938dc,2054700913008603392,昆山案的关键是刀是龙哥的
1084,BV1dvfsBrEFJ,36270509724,央视一句话定调：这不是互殴，是正当防卫,661.351,11:01.351,2026-04-12,2026-04-12 16:57:10,1775984230,1,25,16777215,0,fc641f20,2087866065412746752,这个确定不是因为社会舆论压力吗？
1085,BV1dvfsBrEFJ,36270509724,央视一句话定调：这不是互殴，是正当防卫,662.673,11:02.673,2026-03-29,2026-03-29 22:19:02,1774793942,1,25,16777215,0,8172dd07,2077881210268974336,龙哥死了，但他还活着
1086,BV1dvfsBrEFJ,36270509724,央视一句话定调：这不是互殴，是正当防卫,662.702,11:02.702,2026-04-11,2026-04-11 11:26:39,1775877999,1,25,16777215,0,eb35b463,2086974939952983296,那叫昆山于海明案，什么龙哥，渣子配吗？
1087,BV1dvfsBrEFJ,36270509724,央视一句话定调：这不是互殴，是正当防卫,663.100,11:03.100,2026-04-08,2026-04-08 08:48:24,1775609304,1,25,16777215,0,eda166db,2084720959629728000,感谢张女士的坚持
1088,BV1dvfsBrEFJ,36270509724,央视一句话定调：这不是互殴，是正当防卫,663.825,11:03.825,2026-04-23,2026-04-23 17:28:21,1776936501,1,25,16777215,0,c298886,2095854298113843712,这才对嘛
1089,BV1dvfsBrEFJ,36270509724,央视一句话定调：这不是互殴，是正当防卫,664.168,11:04.168,2026-02-26,2026-02-26 00:18:17,1772036297,1,25,16777215,0,ff83911,2054748402679519488,龙哥的价值还在增加
1090,BV1dvfsBrEFJ,36270509724,央视一句话定调：这不是互殴，是正当防卫,665.827,11:05.827,2026-02-25,2026-02-25 21:10:52,1772025052,1,25,16777215,0,1e092b9,2054654078201556992,就是呀，人和人本来就有区别，战斗力肯定不一样啊。
1091,BV1dvfsBrEFJ,36270509724,央视一句话定调：这不是互殴，是正当防卫,666.055,11:06.055,2026-02-25,2026-02-25 21:57:20,1772027840,1,25,16777215,0,6357ae4e,2054677459987082752,法律表明，潘金莲，武大郎，西门庆都是同一类人
1092,BV1dvfsBrEFJ,36270509724,央视一句话定调：这不是互殴，是正当防卫,666.220,11:06.220,2026-04-08,2026-04-08 17:07:01,1775639221,1,25,16777215,0,a5838f36,2084971925003776768,龙哥为中国法治进步提供了巨大贡献
1093,BV1dvfsBrEFJ,36270509724,央视一句话定调：这不是互殴，是正当防卫,668.413,11:08.413,2026-02-25,2026-02-25 20:08:06,1772021286,1,25,16777215,0,69338699,2054622482584887808,应该感谢龙哥对社会做出的贡献。。。
1094,BV1dvfsBrEFJ,36270509724,央视一句话定调：这不是互殴，是正当防卫,668.778,11:08.778,2026-02-25,2026-02-25 17:00:32,1772010032,1,25,16777215,0,d9e1a50e,2054528080638219264,我觉得女士加啤酒瓶比一个强壮高大男人还差很多
1095,BV1dvfsBrEFJ,36270509724,央视一句话定调：这不是互殴，是正当防卫,669.280,11:09.280,2026-03-29,2026-03-29 19:16:07,1774782967,1,25,16777215,0,cff67bf2,2077789140136978432,本来就弱女子被男的打了，你告诉我怎么才能相当？
1096,BV1dvfsBrEFJ,36270509724,央视一句话定调：这不是互殴，是正当防卫,669.536,11:09.536,2026-02-25,2026-02-25 23:34:02,1772033642,1,25,16777215,0,9188a8d4,2054726135573180928,还是我龙哥出来证明呀，龙哥威武
1097,BV1dvfsBrEFJ,36270509724,央视一句话定调：这不是互殴，是正当防卫,669.722,11:09.722,2026-02-25,2026-02-25 23:00:09,1772031609,1,25,16777215,0,4803fce1,2054709080878611456,又不是回合制
1098,BV1dvfsBrEFJ,36270509724,央视一句话定调：这不是互殴，是正当防卫,669.747,11:09.747,2026-04-01,2026-04-01 11:05:11,1775012711,1,25,16777215,0,55747b22,2079716374951568640,捍卫每个人的自卫权
1099,BV1dvfsBrEFJ,36270509724,央视一句话定调：这不是互殴，是正当防卫,669.942,11:09.942,2026-03-29,2026-03-29 01:32:27,1774719147,1,25,16777215,0,96572d1b,2077253782991593216,为检查院的明察秋毫，公平公正点赞
1100,BV1dvfsBrEFJ,36270509724,央视一句话定调：这不是互殴，是正当防卫,672.913,11:12.913,2026-02-25,2026-02-25 22:50:41,1772031041,1,25,16777215,0,97b97f84,2054704314337076992,被压住殴打了  怎么能是互殴呢
1101,BV1dvfsBrEFJ,36270509724,央视一句话定调：这不是互殴，是正当防卫,674.196,11:14.196,2026-04-06,2026-04-06 13:50:38,1775454638,1,25,16777215,0,d0660d5e,2083423527385793536,这女的能和醉酒男的战斗力能齐平吗？搞笑哦
1102,BV1dvfsBrEFJ,36270509724,央视一句话定调：这不是互殴，是正当防卫,674.457,11:14.457,2026-04-12,2026-04-12 18:05:57,1775988357,1,25,41194,0,8f4a586a,2087900689157701888,还好有检察院
1103,BV1dvfsBrEFJ,36270509724,央视一句话定调：这不是互殴，是正当防卫,674.691,11:14.691,2026-03-31,2026-03-31 19:20:10,1774956010,1,25,16777215,0,e6d55796,2079240732002671360,这才合理
1104,BV1dvfsBrEFJ,36270509724,央视一句话定调：这不是互殴，是正当防卫,675.756,11:15.756,2026-02-25,2026-02-25 21:26:23,1772025983,1,25,16777215,0,5f99dc3b,2054661884238151424,终于听到人话了
1105,BV1dvfsBrEFJ,36270509724,央视一句话定调：这不是互殴，是正当防卫,676.127,11:16.127,2026-04-10,2026-04-10 07:21:53,1775776913,1,25,16777215,0,bb7969af,2086126965601024256,这话说的对
1106,BV1dvfsBrEFJ,36270509724,央视一句话定调：这不是互殴，是正当防卫,676.584,11:16.584,2026-04-01,2026-04-01 10:17:29,1775009849,1,25,16777215,0,f565f2e2,2079692367518397952,龙哥在某些方面也是推动了我国的司法进步啊
1107,BV1dvfsBrEFJ,36270509724,央视一句话定调：这不是互殴，是正当防卫,676.755,11:16.755,2026-04-15,2026-04-15 11:03:47,1776222227,1,25,16777215,0,a5f704f5,2089862533338590976,这才是正解！
1108,BV1dvfsBrEFJ,36270509724,央视一句话定调：这不是互殴，是正当防卫,676.756,11:16.756,2026-04-07,2026-04-07 23:59:46,1775577586,1,25,16777215,0,c39fe8b7,2084454886204446976,Man!
1109,BV1dvfsBrEFJ,36270509724,央视一句话定调：这不是互殴，是正当防卫,677.343,11:17.343,2026-02-26,2026-02-26 00:13:14,1772035994,5,25,104601,0,8ebb3ca5,2054745860034251008,罗老师专业性还在提升
1110,BV1dvfsBrEFJ,36270509724,央视一句话定调：这不是互殴，是正当防卫,677.599,11:17.599,2026-05-07,2026-05-07 22:49:33,1778165373,1,25,16777215,0,618808ef,2106162822395498240,啥时候说一下扶不扶的问题，敢不敢扶，能不能扶，什么情况下才能扶。扶之前要做那些准备工作等等！
1111,BV1dvfsBrEFJ,36270509724,央视一句话定调：这不是互殴，是正当防卫,677.684,11:17.684,2026-04-01,2026-04-01 11:50:45,1775015445,1,25,16777215,0,a5547e73,2079739307543044352,这才是正规法官，前面那些都是盗版的
1112,BV1dvfsBrEFJ,36270509724,央视一句话定调：这不是互殴，是正当防卫,677.803,11:17.803,2026-03-28,2026-03-28 09:46:26,1774662386,1,25,16777215,0,9be4e1cc,2076777632229908736,公正是一个很简单的逻辑，不要动不动把专家那套深奥的东西摆出来。
1113,BV1dvfsBrEFJ,36270509724,央视一句话定调：这不是互殴，是正当防卫,678.132,11:18.132,2026-02-25,2026-02-25 21:37:10,1772026630,1,25,16777215,0,d66ce001,2054667313437085440,社会你龙哥，人狠肠子多
1114,BV1dvfsBrEFJ,36270509724,央视一句话定调：这不是互殴，是正当防卫,678.451,11:18.451,2026-04-06,2026-04-06 21:25:29,1775481929,1,25,16777215,0,b53eddaf,2083652459284955648,看来还得重新加强检查机关权力，给刀把子上把锁
1115,BV1dvfsBrEFJ,36270509724,央视一句话定调：这不是互殴，是正当防卫,678.782,11:18.782,2026-04-06,2026-04-06 12:04:37,1775448277,1,25,16777215,0,971717d5,2083370166402041344,保护
1116,BV1dvfsBrEFJ,36270509724,央视一句话定调：这不是互殴，是正当防卫,679.227,11:19.227,2026-02-25,2026-02-25 15:32:47,1772004767,1,25,16777215,0,ec45e562,2054483911664641024,这是个明白人
1117,BV1dvfsBrEFJ,36270509724,央视一句话定调：这不是互殴，是正当防卫,680.779,11:20.779,2026-02-25,2026-02-25 22:42:53,1772030573,1,25,16776960,0,a0f9fda0,2054700384081652480,这样的人不多
1118,BV1dvfsBrEFJ,36270509724,央视一句话定调：这不是互殴，是正当防卫,681.056,11:21.056,2026-04-07,2026-04-07 11:57:19,1775534239,1,25,16777215,0,b7c10623,2084091268291577856,支持
1119,BV1dvfsBrEFJ,36270509724,央视一句话定调：这不是互殴，是正当防卫,681.145,11:21.145,2026-04-15,2026-04-15 01:19:50,1776187190,1,25,16777215,0,65e2e434,2089568616176887040,怎么早不带入呢。。。
1120,BV1dvfsBrEFJ,36270509724,央视一句话定调：这不是互殴，是正当防卫,683.077,11:23.077,2026-03-31,2026-03-31 20:10:41,1774959041,1,25,16777215,0,be1c3638,2079266157814876672,还特么碰到一个酒疯子
1121,BV1dvfsBrEFJ,36270509724,央视一句话定调：这不是互殴，是正当防卫,683.190,11:23.190,2026-02-25,2026-02-25 22:41:53,1772030513,1,25,16777215,0,ab25b9d3,2054699887450843648,点个赞！
1122,BV1dvfsBrEFJ,36270509724,央视一句话定调：这不是互殴，是正当防卫,683.861,11:23.861,2026-02-25,2026-02-25 22:48:26,1772030906,1,25,16777215,0,15dea367,2054703178712857088,那你们一审二审不这样说？
1123,BV1dvfsBrEFJ,36270509724,央视一句话定调：这不是互殴，是正当防卫,684.180,11:24.180,2026-02-25,2026-02-25 23:20:56,1772032856,1,25,16777215,0,94fa261f,2054719541372097536,说人话就是用常识
1124,BV1dvfsBrEFJ,36270509724,央视一句话定调：这不是互殴，是正当防卫,684.349,11:24.349,2026-02-25,2026-02-25 17:54:42,1772013282,1,25,16777215,0,b31d026b,2054555340905420800,这才是称职的
1125,BV1dvfsBrEFJ,36270509724,央视一句话定调：这不是互殴，是正当防卫,685.271,11:25.271,2026-03-30,2026-03-30 11:25:10,1774841110,1,25,16777215,0,55c395ae,2078276885011422720,明白人出现了
1126,BV1dvfsBrEFJ,36270509724,央视一句话定调：这不是互殴，是正当防卫,685.543,11:25.543,2026-03-30,2026-03-30 18:55:13,1774868113,1,25,16777215,0,1b59868a,2078503399296482048,就是啊，这个人从坐下到暴起打人才几秒啊，骨子里就是个危险分子，要是从事后看我还建议他坐牢去呢
1127,BV1dvfsBrEFJ,36270509724,央视一句话定调：这不是互殴，是正当防卫,686.532,11:26.532,2026-02-25,2026-02-25 17:49:37,1772012977,1,25,16777215,0,7d26d5d1,2054552786062450688,这才是正常人的想法
1128,BV1dvfsBrEFJ,36270509724,央视一句话定调：这不是互殴，是正当防卫,686.542,11:26.542,2026-02-25,2026-02-25 21:10:28,1772025028,1,25,16777215,0,9278a838,2054653869971750656,这才对嘛
1129,BV1dvfsBrEFJ,36270509724,央视一句话定调：这不是互殴，是正当防卫,687.940,11:27.940,2026-02-25,2026-02-25 18:35:02,1772015702,1,25,16777215,0,8bbfbcce,2054575637829842688,对
1130,BV1dvfsBrEFJ,36270509724,央视一句话定调：这不是互殴，是正当防卫,688.062,11:28.062,2026-03-26,2026-03-26 14:18:57,1774505937,1,25,16777215,0,f7c95b2,2075465248441390848,对！
1131,BV1dvfsBrEFJ,36270509724,央视一句话定调：这不是互殴，是正当防卫,688.613,11:28.613,2026-02-25,2026-02-25 22:41:12,1772030472,1,25,16777215,0,8bfc69fb,2054699538224644864,龙哥永远好在刑法里
1132,BV1dvfsBrEFJ,36270509724,央视一句话定调：这不是互殴，是正当防卫,689.340,11:29.340,2026-03-30,2026-03-30 06:19:53,1774822793,1,25,16777215,0,295f0c28,2078123231198022400,对呀，这才有道理啊。
1133,BV1dvfsBrEFJ,36270509724,央视一句话定调：这不是互殴，是正当防卫,689.343,11:29.343,2026-04-17,2026-04-17 12:57:35,1776401855,1,25,16777215,0,d5dda3c1,2091369361704102912,罗老师专业性不容置疑
1134,BV1dvfsBrEFJ,36270509724,央视一句话定调：这不是互殴，是正当防卫,689.824,11:29.824,2026-04-14,2026-04-14 13:35:26,1776144926,5,25,16707842,0,859a56f4,2089214085878666240,而且对方醉酒，属于无法用理智控制行为的状态
1135,BV1dvfsBrEFJ,36270509724,央视一句话定调：这不是互殴，是正当防卫,690.329,11:30.329,2026-04-13,2026-04-13 20:06:54,1776082014,1,25,16777215,0,57ca72d2,2088686341579049216,龙哥不容易啊 牺牲自己来推动法制观念进步！
1136,BV1dvfsBrEFJ,36270509724,央视一句话定调：这不是互殴，是正当防卫,691.904,11:31.904,2026-02-25,2026-02-25 20:35:08,1772022908,1,25,16777215,0,f677e390,2054636088001457408,这才是正常人
1137,BV1dvfsBrEFJ,36270509724,央视一句话定调：这不是互殴，是正当防卫,692.961,11:32.961,2026-04-08,2026-04-08 18:17:13,1775643433,1,25,14811775,0,f3c69197,2085007250497405952,对
1138,BV1dvfsBrEFJ,36270509724,央视一句话定调：这不是互殴，是正当防卫,693.578,11:33.578,2026-03-30,2026-03-30 16:34:19,1774859659,1,25,16777215,0,8ed53ddd,2078432484059886592,说的好
1139,BV1dvfsBrEFJ,36270509724,央视一句话定调：这不是互殴，是正当防卫,693.958,11:33.958,2026-02-25,2026-02-25 21:44:39,1772027079,1,25,16777215,0,e6cfec22,2054671079468776448,建议所有参与该案的公职人员，都清除出公职队伍
1140,BV1dvfsBrEFJ,36270509724,央视一句话定调：这不是互殴，是正当防卫,694.082,11:34.082,2026-02-25,2026-02-25 17:17:57,1772011077,1,25,16777215,0,b0781504,2054536842967459840,“大多数”“普通群众”好
1141,BV1dvfsBrEFJ,36270509724,央视一句话定调：这不是互殴，是正当防卫,694.267,11:34.267,2026-02-25,2026-02-25 22:24:29,1772029469,1,25,16777215,0,d40a30c,2054691123326925312,对
1142,BV1dvfsBrEFJ,36270509724,央视一句话定调：这不是互殴，是正当防卫,694.642,11:34.642,2026-05-09,2026-05-09 08:21:57,1778286117,1,25,16777215,0,5b99e4b0,2107175696144391680,可以被打
1143,BV1dvfsBrEFJ,36270509724,央视一句话定调：这不是互殴，是正当防卫,695.030,11:35.030,2026-02-25,2026-02-25 21:43:12,1772026992,1,25,16777215,0,96af5685,2054670348921921024,吸毒入刑比较合适
1144,BV1dvfsBrEFJ,36270509724,央视一句话定调：这不是互殴，是正当防卫,695.084,11:35.084,2026-02-25,2026-02-25 23:24:02,1772033042,1,25,16777215,0,42f8ac54,2054721103322240000,龙哥又一次拯救了一颗善良的心
1145,BV1dvfsBrEFJ,36270509724,央视一句话定调：这不是互殴，是正当防卫,695.501,11:35.501,2026-03-29,2026-03-29 15:50:03,1774770603,1,25,15138834,0,4f63a9a9,2077685426441291008,这检察官也没说对，一对方饮酒缺乏理智具有攻击性，二对方男性在体形上有武力优势，三我处于被对方压制且持续伤害状态，后颈脑部被压近至金属暖气片，生命安全受到极大威胁。反击使用啤酒瓶并非预谋
1146,BV1dvfsBrEFJ,36270509724,央视一句话定调：这不是互殴，是正当防卫,696.288,11:36.288,2026-04-06,2026-04-06 09:00:30,1775437230,1,25,16777215,0,a0b00d7a,2083277501802963200,说得好
1147,BV1dvfsBrEFJ,36270509724,央视一句话定调：这不是互殴，是正当防卫,696.502,11:36.502,2026-02-25,2026-02-25 22:45:08,1772030708,1,25,16777215,0,b964a55d,2054701522994553600,尽职尽责 这才是人民需要的法系
1148,BV1dvfsBrEFJ,36270509724,央视一句话定调：这不是互殴，是正当防卫,696.775,11:36.775,2026-02-25,2026-02-25 22:05:59,1772028359,1,25,16777215,0,d6b21887,2054681811653218560,对
1149,BV1dvfsBrEFJ,36270509724,央视一句话定调：这不是互殴，是正当防卫,696.861,11:36.861,2026-04-08,2026-04-08 18:17:20,1775643440,1,25,14811775,0,f3c69197,2085007317220568576,正义的光
1150,BV1dvfsBrEFJ,36270509724,央视一句话定调：这不是互殴，是正当防卫,700.203,11:40.203,2026-04-16,2026-04-16 09:21:38,1776302498,1,25,16777215,0,30ef7cab,2090535892296673280,检察官棒棒哒
1151,BV1dvfsBrEFJ,36270509724,央视一句话定调：这不是互殴，是正当防卫,700.522,11:40.522,2026-02-25,2026-02-25 19:19:18,1772018358,1,25,16777215,0,81c3bc24,2054597923450399488,这一瓶子才让这男的才清醒了，要没这瓶子没准这喝酒的一上头真把这女的给打死怎么办？
1152,BV1dvfsBrEFJ,36270509724,央视一句话定调：这不是互殴，是正当防卫,700.712,11:40.712,2026-04-01,2026-04-01 22:26:56,1775053616,1,25,16777215,0,82017c67,2080059507941206784,这才是人说的话啊……
1153,BV1dvfsBrEFJ,36270509724,央视一句话定调：这不是互殴，是正当防卫,701.341,11:41.341,2026-03-29,2026-03-29 23:56:32,1774799792,1,25,16777215,0,865861ec,2077930278131400448,这才是人说的话
1154,BV1dvfsBrEFJ,36270509724,央视一句话定调：这不是互殴，是正当防卫,701.820,11:41.820,2026-02-25,2026-02-25 17:40:43,1772012443,1,25,16777215,0,76411240,2054548302912951040,嗨
1155,BV1dvfsBrEFJ,36270509724,央视一句话定调：这不是互殴，是正当防卫,701.974,11:41.974,2026-04-06,2026-04-06 09:00:47,1775437247,1,25,16777215,0,a0b00d7a,2083277640457928192,终于心里不那么堵了
1156,BV1dvfsBrEFJ,36270509724,央视一句话定调：这不是互殴，是正当防卫,703.088,11:43.088,2026-04-12,2026-04-12 15:31:17,1775979077,1,25,16777215,0,1da53fa3,2087822842993107968,法律需要符合常识
1157,BV1dvfsBrEFJ,36270509724,央视一句话定调：这不是互殴，是正当防卫,703.295,11:43.295,2026-04-01,2026-04-01 15:10:33,1775027433,1,25,16777215,0,dbc2143b,2079839875914082560,说得好！
1158,BV1dvfsBrEFJ,36270509724,央视一句话定调：这不是互殴，是正当防卫,703.319,11:43.319,2026-02-25,2026-02-25 23:05:06,1772031906,1,25,16777215,0,728c409e,2054711572093858304,给你鼓掌
1159,BV1dvfsBrEFJ,36270509724,央视一句话定调：这不是互殴，是正当防卫,703.552,11:43.552,2026-04-14,2026-04-14 23:39:44,1776181184,1,25,16777215,0,cb5fc6d0,2089518237594841600,反正不管遇到什么，你离远点报警是最好的
1160,BV1dvfsBrEFJ,36270509724,央视一句话定调：这不是互殴，是正当防卫,703.709,11:43.709,2026-04-07,2026-04-07 09:10:35,1775524235,1,25,16777215,0,6ee6beda,2084007352164087296,法和理很多时候是不一致甚至是冲突的
1161,BV1dvfsBrEFJ,36270509724,央视一句话定调：这不是互殴，是正当防卫,704.403,11:44.403,2026-04-19,2026-04-19 08:18:25,1776557905,1,25,16777215,0,f4fc64d,2092678402439633152,终于有人说了公道话了
1162,BV1dvfsBrEFJ,36270509724,央视一句话定调：这不是互殴，是正当防卫,706.563,11:46.563,2026-02-26,2026-02-26 01:20:09,1772040009,1,25,16777215,0,1b5af92d,2054779540018396672,这不是一巴掌吗？？？？？？
1163,BV1dvfsBrEFJ,36270509724,央视一句话定调：这不是互殴，是正当防卫,707.116,11:47.116,2026-02-25,2026-02-25 21:36:03,1772026563,1,25,16777215,0,5dcb55e3,2054666751786548480,好法官！
1164,BV1dvfsBrEFJ,36270509724,央视一句话定调：这不是互殴，是正当防卫,707.768,11:47.768,2026-02-25,2026-02-25 20:29:09,1772022549,1,25,16777215,0,eb694121,2054633075434606080,是意图十分明确的“侵害人身安全”
1165,BV1dvfsBrEFJ,36270509724,央视一句话定调：这不是互殴，是正当防卫,708.370,11:48.370,2026-02-25,2026-02-25 23:22:30,1772032950,1,25,16777215,0,b1a4bd5d,2054720327879271936,这才是设身处地为他人着想接地气的好法官！
1166,BV1dvfsBrEFJ,36270509724,央视一句话定调：这不是互殴，是正当防卫,709.858,11:49.858,2026-02-25,2026-02-25 21:02:24,1772024544,1,25,16777215,0,6e6cd10,2054649809071755776,这个是好法官。
1167,BV1dvfsBrEFJ,36270509724,央视一句话定调：这不是互殴，是正当防卫,710.000,11:50.000,2026-03-26,2026-03-26 15:56:02,1774511762,1,25,16777215,0,c01e39fa,2075514111571828736,帮凶！
1168,BV1dvfsBrEFJ,36270509724,央视一句话定调：这不是互殴，是正当防卫,711.078,11:51.078,2026-02-25,2026-02-25 23:34:44,1772033684,1,25,16777215,0,9188a8d4,2054726484354572032,龙哥救了好多老实人
1169,BV1dvfsBrEFJ,36270509724,央视一句话定调：这不是互殴，是正当防卫,711.305,11:51.305,2026-02-25,2026-02-25 15:26:08,1772004368,1,25,16777215,0,354ce2e4,2054480568074463744,强弱与防卫有必然联系吗？
1170,BV1dvfsBrEFJ,36270509724,央视一句话定调：这不是互殴，是正当防卫,712.701,11:52.701,2026-03-29,2026-03-29 23:57:05,1774799825,1,25,16777215,0,865861ec,2077930553604598528,这种醉酒滋事的，侵害了个人安全
1171,BV1dvfsBrEFJ,36270509724,央视一句话定调：这不是互殴，是正当防卫,712.796,11:52.796,2026-02-26,2026-02-26 00:02:32,1772035352,1,25,16777215,0,f38b0383,2054740478482067200,干得漂亮，
1172,BV1dvfsBrEFJ,36270509724,央视一句话定调：这不是互殴，是正当防卫,712.924,11:52.924,2026-02-26,2026-02-26 00:53:26,1772038406,1,25,16777215,0,4b44f7a1,2054766091888307200,这男的好野蛮啊
1173,BV1dvfsBrEFJ,36270509724,央视一句话定调：这不是互殴，是正当防卫,713.114,11:53.114,2026-02-25,2026-02-25 22:02:18,1772028138,1,25,16777215,0,13b855ad,2054679961394698240,只是业内比较权威把
1174,BV1dvfsBrEFJ,36270509724,央视一句话定调：这不是互殴，是正当防卫,713.382,11:53.382,2026-04-07,2026-04-07 09:26:48,1775525208,1,25,16777215,0,30041b69,2084015512165422336,还要保护小孩呀
1175,BV1dvfsBrEFJ,36270509724,央视一句话定调：这不是互殴，是正当防卫,714.285,11:54.285,2026-02-25,2026-02-25 22:09:44,1772028584,1,25,16777215,0,196171a,2054683699433482752,前面的兄弟，这是检察院抗诉，哈哈哈
1176,BV1dvfsBrEFJ,36270509724,央视一句话定调：这不是互殴，是正当防卫,714.327,11:54.327,2026-02-25,2026-02-25 19:28:19,1772018899,1,25,16777215,0,ed657992,2054602457518596864,前面的，和强弱当然有关系了，如果一个生气的小孩来揍你，你还能正当防卫打回去吗？
1177,BV1dvfsBrEFJ,36270509724,央视一句话定调：这不是互殴，是正当防卫,715.745,11:55.745,2026-04-12,2026-04-12 02:52:34,1775933554,1,25,16777215,0,ddb4dab,2087440964825314304,正常人！
1178,BV1dvfsBrEFJ,36270509724,央视一句话定调：这不是互殴，是正当防卫,716.161,11:56.161,2026-04-02,2026-04-02 16:52:58,1775119978,1,25,16777215,0,e53e80a8,2080616192300757248,醉酒滋事者理性降低很多，施暴时下手不知轻重危害更大
1179,BV1dvfsBrEFJ,36270509724,央视一句话定调：这不是互殴，是正当防卫,717.517,11:57.517,2026-02-25,2026-02-25 20:12:34,1772021554,1,25,16777215,0,63872d1d,2054624728811267072,这才是法治精神
1180,BV1dvfsBrEFJ,36270509724,央视一句话定调：这不是互殴，是正当防卫,717.850,11:57.850,2026-03-30,2026-03-30 10:52:30,1774839150,1,25,16777215,0,ffc566f4,2078260437082083840,合格的法官
1181,BV1dvfsBrEFJ,36270509724,央视一句话定调：这不是互殴，是正当防卫,720.706,12:00.706,2026-02-25,2026-02-25 23:47:16,1772034436,1,25,16777215,0,a80585d7,2054732795321971712,不让报警 就代表要继续侵害 可能杀人   所以反抗应可无上限自卫
1182,BV1dvfsBrEFJ,36270509724,央视一句话定调：这不是互殴，是正当防卫,720.740,12:00.740,2026-04-08,2026-04-08 18:18:44,1775643524,1,25,14811775,0,f3c69197,2085008017677836288,张女士被推脚一滑，后脑碰暖气片都可能当场挂掉，醉汉太吓人了
1183,BV1dvfsBrEFJ,36270509724,央视一句话定调：这不是互殴，是正当防卫,721.000,12:01.000,2026-04-05,2026-04-05 11:38:25,1775360305,1,25,16777215,0,f3d85042,2082632202436930048,明白了。。不要去淄博。。
1184,BV1dvfsBrEFJ,36270509724,央视一句话定调：这不是互殴，是正当防卫,721.500,12:01.500,2026-02-25,2026-02-25 19:12:29,1772017949,1,25,16777215,0,7065bc90,2054594493726540032,那肯定有强弱区别，比如对面是个小孩动手，你反手一啤酒瓶那肯定是你问题，又或者别人对你吐口水，你反手一瓶子。。。
1185,BV1dvfsBrEFJ,36270509724,央视一句话定调：这不是互殴，是正当防卫,721.897,12:01.897,2026-02-25,2026-02-25 17:49:02,1772012942,1,25,16777215,0,abda01d5,2054552489810238976,当然有了，弱才需要武器去反击啊，所以她拿酒瓶击打只是为了自保，而不是两人力量相当还没怎么样呢，一方就掏家伙直接给对面来一下子，那能一样吗
1186,BV1dvfsBrEFJ,36270509724,央视一句话定调：这不是互殴，是正当防卫,723.144,12:03.144,2026-02-25,2026-02-25 22:26:55,1772029615,1,25,16777215,0,f209aba2,2054692350000870144,这是检察官
1187,BV1dvfsBrEFJ,36270509724,央视一句话定调：这不是互殴，是正当防卫,724.370,12:04.370,2026-03-30,2026-03-30 18:04:20,1774865060,1,25,16777215,0,8f19c040,2078477784682578432,就该强弱对比后分析判断
1188,BV1dvfsBrEFJ,36270509724,央视一句话定调：这不是互殴，是正当防卫,724.666,12:04.666,2026-04-05,2026-04-05 12:47:04,1775364424,1,25,16777215,0,68a67a6b,2082666760498923008,好检察官，点赞
1189,BV1dvfsBrEFJ,36270509724,央视一句话定调：这不是互殴，是正当防卫,725.077,12:05.077,2026-04-14,2026-04-14 23:40:28,1776181228,1,25,16777215,0,cb5fc6d0,2089518604135122176,我在问一句谁逼他喝酒了？他自己造成不确定因素出了事自己该担着
1190,BV1dvfsBrEFJ,36270509724,央视一句话定调：这不是互殴，是正当防卫,725.940,12:05.940,2026-02-26,2026-02-26 13:20:06,1772083206,1,25,16777215,0,60d6ddfb,2055141901988597248,为检察院点赞
1191,BV1dvfsBrEFJ,36270509724,央视一句话定调：这不是互殴，是正当防卫,726.048,12:06.048,2026-04-04,2026-04-04 10:00:11,1775268011,1,25,16777215,0,1c91e200,2081857989417590528,这是检察官
1192,BV1dvfsBrEFJ,36270509724,央视一句话定调：这不是互殴，是正当防卫,728.829,12:08.829,2026-03-31,2026-03-31 18:44:23,1774953863,1,25,16777215,0,a48d9c60,2079222721820260352,这种都得算是万里挑一的案件了，另外的案子怎么办
1193,BV1dvfsBrEFJ,36270509724,央视一句话定调：这不是互殴，是正当防卫,731.551,12:11.551,2026-04-03,2026-04-03 15:34:11,1775201651,1,25,16777215,0,699f6289,2081301317464721152,每个互相动手打架的案件中，双方都说自己是正当防卫，那么是不是该怎么认定，都上高院高检吗
1194,BV1dvfsBrEFJ,36270509724,央视一句话定调：这不是互殴，是正当防卫,732.360,12:12.360,2026-02-25,2026-02-25 23:50:03,1772034603,1,25,16777215,0,c255f7b1,2054734192754929920,还是靠暖气片233333333
1195,BV1dvfsBrEFJ,36270509724,央视一句话定调：这不是互殴，是正当防卫,735.508,12:15.508,2026-04-06,2026-04-06 20:56:21,1775480181,1,25,16777215,0,b380c026,2083637795016720384,他那个朋友也没有第一时间制止，让一个小朋友裹挟在打架的现场，人心啊，经不得推敲！
1196,BV1dvfsBrEFJ,36270509724,央视一句话定调：这不是互殴，是正当防卫,735.815,12:15.815,2026-02-25,2026-02-25 17:23:02,1772011382,1,25,16777215,0,c1726040,2054539400117555456,这个阶段是最难的
1197,BV1dvfsBrEFJ,36270509724,央视一句话定调：这不是互殴，是正当防卫,736.198,12:16.198,2026-02-26,2026-02-26 00:02:55,1772035375,1,25,16777215,0,f38b0383,2054740673198620928,以牙还牙，以血还血
1198,BV1dvfsBrEFJ,36270509724,央视一句话定调：这不是互殴，是正当防卫,737.324,12:17.324,2026-02-25,2026-02-25 18:41:11,1772016071,1,25,16777215,0,1c59e80d,2054578737219565056,这些逼肯定不想承认自己错了
1199,BV1dvfsBrEFJ,36270509724,央视一句话定调：这不是互殴，是正当防卫,739.208,12:19.208,2026-04-13,2026-04-13 01:14:20,1776014060,1,25,16777215,0,71ab6e72,2088116296717481984,这就是司法进步的过程
1200,BV1dvfsBrEFJ,36270509724,央视一句话定调：这不是互殴，是正当防卫,739.602,12:19.602,2026-02-25,2026-02-25 20:47:18,1772023638,1,25,16777215,0,518f1375,2054642215460496640,两年多啊
1201,BV1dvfsBrEFJ,36270509724,央视一句话定调：这不是互殴，是正当防卫,740.330,12:20.330,2026-04-06,2026-04-06 12:41:02,1775450462,1,25,16777215,0,e357e0a,2083388493363065600,这是百里挑一没受冤屈，普遍的案子还是没办法，
1202,BV1dvfsBrEFJ,36270509724,央视一句话定调：这不是互殴，是正当防卫,740.402,12:20.402,2026-02-26,2026-02-26 00:09:27,1772035767,1,25,16777215,0,b86d5b4b,2054743960903173120,暖气片是个台阶哈哈
1203,BV1dvfsBrEFJ,36270509724,央视一句话定调：这不是互殴，是正当防卫,740.737,12:20.737,2026-03-29,2026-03-29 22:47:59,1774795679,1,25,16777215,0,fe937059,2077895775962372608,法律应该惩恶扬善，不能让互殴条款助长犯罪
1204,BV1dvfsBrEFJ,36270509724,央视一句话定调：这不是互殴，是正当防卫,741.455,12:21.455,2026-02-25,2026-02-25 23:47:37,1772034457,1,25,16777215,0,a80585d7,2054732968949427712,制止他人报警   就可无上限防卫
1205,BV1dvfsBrEFJ,36270509724,央视一句话定调：这不是互殴，是正当防卫,742.023,12:22.023,2026-02-25,2026-02-25 23:17:41,1772032661,1,25,16777215,0,b433e056,2054717904142355456,赶紧起诉，民事赔偿啊
1206,BV1dvfsBrEFJ,36270509724,央视一句话定调：这不是互殴，是正当防卫,742.167,12:22.167,2026-04-14,2026-04-14 13:06:26,1776143186,1,25,16777215,0,d8c99ca6,2089199487813359872,人民检察官
1207,BV1dvfsBrEFJ,36270509724,央视一句话定调：这不是互殴，是正当防卫,743.400,12:23.400,2026-04-15,2026-04-15 19:12:13,1776251533,1,25,16777215,0,5ce8752,2090108371041788160,检察官点赞
1208,BV1dvfsBrEFJ,36270509724,央视一句话定调：这不是互殴，是正当防卫,744.960,12:24.960,2026-03-30,2026-03-30 06:21:44,1774822904,1,25,16777215,0,295f0c28,2078124158768316416,我认为跟暖气片没什么问题你跑到人家的饭店这样动手打人家就是绝对不对！
1209,BV1dvfsBrEFJ,36270509724,央视一句话定调：这不是互殴，是正当防卫,745.209,12:25.209,2026-02-25,2026-02-25 21:22:22,1772025742,1,25,16777215,0,222997b9,2054659860225678848,这才是正常的法律。不知道之前是谁写的
1210,BV1dvfsBrEFJ,36270509724,央视一句话定调：这不是互殴，是正当防卫,745.964,12:25.964,2026-03-30,2026-03-30 16:51:04,1774860664,1,25,16777215,0,45d135dc,2078440909821311744,这位同志是一个合格的司法人员
1211,BV1dvfsBrEFJ,36270509724,央视一句话定调：这不是互殴，是正当防卫,746.367,12:26.367,2026-04-05,2026-04-05 20:43:43,1775393023,1,25,16777215,0,bdbafbb7,2082906662481869312,真是浪费资源
1212,BV1dvfsBrEFJ,36270509724,央视一句话定调：这不是互殴，是正当防卫,747.000,12:27.000,2026-02-25,2026-02-25 21:40:36,1772026836,1,25,16777215,0,65b90807,2054669042522149632,法院应该追责
1213,BV1dvfsBrEFJ,36270509724,央视一句话定调：这不是互殴，是正当防卫,749.555,12:29.555,2026-03-31,2026-03-31 08:30:49,1774917049,1,25,16777215,0,f3fb399a,2078913903521976832,终于顺了一口气
1214,BV1dvfsBrEFJ,36270509724,央视一句话定调：这不是互殴，是正当防卫,750.140,12:30.140,2026-04-18,2026-04-18 23:10:14,1776525014,1,25,16777215,0,e034da68,2092402489311394560,21年到24年 我的天啊
1215,BV1dvfsBrEFJ,36270509724,央视一句话定调：这不是互殴，是正当防卫,750.884,12:30.884,2026-02-25,2026-02-25 18:59:46,1772017186,1,25,16777215,0,c0af83ad,2054588092437789440,不知道为什么，我一边看一边流泪
1216,BV1dvfsBrEFJ,36270509724,央视一句话定调：这不是互殴，是正当防卫,750.990,12:30.990,2026-02-25,2026-02-25 17:51:47,1772013107,1,25,16777215,0,77f653f1,2054553870575344896,3年
1217,BV1dvfsBrEFJ,36270509724,央视一句话定调：这不是互殴，是正当防卫,752.371,12:32.371,2026-02-25,2026-02-25 19:01:09,1772017269,1,25,16777215,0,d40696e1,2054588785874471168,主要一开始她认了“啤酒瓶打伤”
1218,BV1dvfsBrEFJ,36270509724,央视一句话定调：这不是互殴，是正当防卫,753.042,12:33.042,2026-04-15,2026-04-15 21:29:27,1776259767,1,25,16777215,0,551d8262,2090177441817116416,血压终于降下来了
1219,BV1dvfsBrEFJ,36270509724,央视一句话定调：这不是互殴，是正当防卫,753.471,12:33.471,2026-04-03,2026-04-03 12:05:24,1775189124,1,25,16777215,0,bdcc018b,2081196233237660416,老子宁可法院见，也不愿在医院或者停尸房见
1220,BV1dvfsBrEFJ,36270509724,央视一句话定调：这不是互殴，是正当防卫,755.355,12:35.355,2026-02-25,2026-02-25 22:25:30,1772029530,1,25,16777215,0,d40a30c,2054691635979766784,要浪费多少时间，多少钱
1221,BV1dvfsBrEFJ,36270509724,央视一句话定调：这不是互殴，是正当防卫,757.047,12:37.047,2026-02-25,2026-02-25 23:06:21,1772031981,1,25,16777215,0,728c409e,2054712202204140800,那前面的法院要不要追责啊！
1222,BV1dvfsBrEFJ,36270509724,央视一句话定调：这不是互殴，是正当防卫,758.114,12:38.114,2026-02-25,2026-02-25 22:34:37,1772030077,1,25,16777215,0,ba7350b0,2054696226888306944,谁写的不重要，关键是谁下的结论谁判的结果
1223,BV1dvfsBrEFJ,36270509724,央视一句话定调：这不是互殴，是正当防卫,762.881,12:42.881,2026-03-29,2026-03-29 22:49:08,1774795748,1,25,16777215,0,fe937059,2077896353450676992,如果没监控肯定翻不了案，打人者可能讹诈钱财成功了
1224,BV1dvfsBrEFJ,36270509724,央视一句话定调：这不是互殴，是正当防卫,765.001,12:45.001,2026-02-25,2026-02-25 23:04:59,1772031899,1,25,16777215,0,f4aaa3f3,2054711509950491136,就算酒瓶打伤也是被动行为
1225,BV1dvfsBrEFJ,36270509724,央视一句话定调：这不是互殴，是正当防卫,765.720,12:45.720,2026-02-25,2026-02-25 17:42:21,1772012541,1,25,16777215,0,76411240,2054549122304046848,么安怎么错了？
1226,BV1dvfsBrEFJ,36270509724,央视一句话定调：这不是互殴，是正当防卫,765.792,12:45.792,2026-02-26,2026-02-26 02:13:46,1772043226,1,25,16777215,0,7b2be03f,2054806530582119424,感谢暖气片
1227,BV1dvfsBrEFJ,36270509724,央视一句话定调：这不是互殴，是正当防卫,772.911,12:52.911,2026-04-23,2026-04-23 21:40:32,1776951632,1,25,16777215,0,d3821415,2095981226711466496,可以追责法官吗
1228,BV1dvfsBrEFJ,36270509724,央视一句话定调：这不是互殴，是正当防卫,774.104,12:54.104,2026-02-25,2026-02-25 19:54:55,1772020495,1,25,16777215,0,59db7c47,2054615851222673152,怎么说都行哈
1229,BV1dvfsBrEFJ,36270509724,央视一句话定调：这不是互殴，是正当防卫,774.200,12:54.200,2026-02-25,2026-02-25 23:30:36,1772033436,1,25,16777215,0,86de3ec6,2054724401420774912,不特ME证据充足吗
1230,BV1dvfsBrEFJ,36270509724,央视一句话定调：这不是互殴，是正当防卫,775.677,12:55.677,2026-02-25,2026-02-25 18:01:39,1772013699,1,25,16777215,0,2d685642,2054558842905940224,先动手就应该全责，特别是持续动手
1231,BV1dvfsBrEFJ,36270509724,央视一句话定调：这不是互殴，是正当防卫,775.743,12:55.743,2026-02-25,2026-02-25 22:14:12,1772028852,1,25,16777215,0,f14fcd92,2054685947488004864,追责各级法院
1232,BV1dvfsBrEFJ,36270509724,央视一句话定调：这不是互殴，是正当防卫,776.262,12:56.262,2026-03-31,2026-03-31 19:23:35,1774956215,1,25,16777215,0,e6d55796,2079242452934011392,明显是被打了一下之后，才从旁边找物品。被打了第二下之后才动手
1233,BV1dvfsBrEFJ,36270509724,央视一句话定调：这不是互殴，是正当防卫,783.138,13:03.138,2026-04-13,2026-04-13 21:53:04,1776088384,1,25,16777215,0,14f1317b,2088739776307354624,怎么脑子清醒了？
1234,BV1dvfsBrEFJ,36270509724,央视一句话定调：这不是互殴，是正当防卫,783.167,13:03.167,2026-03-31,2026-03-31 18:17:41,1774952261,1,25,16777215,0,4117d5e1,2079209281618255616,压根不是啤酒瓶或暖气片的事！当你生命受到侵害的时候，你还需要考虑正当防卫时加害者是否会受伤吗？
1235,BV1dvfsBrEFJ,36270509724,央视一句话定调：这不是互殴，是正当防卫,783.611,13:03.611,2026-02-25,2026-02-25 21:52:05,1772027525,1,25,16777215,0,3d00a77,2054674819362606592,那个酒鬼才判5日拘留也太轻了
1236,BV1dvfsBrEFJ,36270509724,央视一句话定调：这不是互殴，是正当防卫,785.198,13:05.198,2026-02-25,2026-02-25 20:30:50,1772022650,1,25,16777215,0,eb694121,2054633922843435264,是制止“违法侵害人身安全”
1237,BV1dvfsBrEFJ,36270509724,央视一句话定调：这不是互殴，是正当防卫,785.551,13:05.551,2026-04-15,2026-04-15 00:19:27,1776183567,1,25,16777215,0,be54091a,2089538223906014208,最好规定清楚一点，被打一下马上还手为互殴，被打第三次还手算正当防卫
1238,BV1dvfsBrEFJ,36270509724,央视一句话定调：这不是互殴，是正当防卫,785.594,13:05.594,2026-02-25,2026-02-25 19:37:06,1772019426,1,25,16777215,0,77fc19f3,2054606881586505472,啤酒瓶明显没打到他
1239,BV1dvfsBrEFJ,36270509724,央视一句话定调：这不是互殴，是正当防卫,785.975,13:05.975,2026-02-25,2026-02-25 19:20:44,1772018444,1,25,16777215,0,81c3bc24,2054598640399561472,我正当防卫我认为只是一方面，这男的只拘留就不合理，应该判刑才对， 要不那男的下次只不定还会侵害别人
1240,BV1dvfsBrEFJ,36270509724,央视一句话定调：这不是互殴，是正当防卫,786.569,13:06.569,2026-02-25,2026-02-25 20:51:14,1772023874,1,25,16777215,0,20f28518,2054644194836526336,接下来，就该全面发起相关的追责赔偿了
1241,BV1dvfsBrEFJ,36270509724,央视一句话定调：这不是互殴，是正当防卫,786.867,13:06.867,2026-02-25,2026-02-25 17:06:52,1772010412,1,25,16777215,0,e37e1063,2054531264560253184,就推那一下如果撞到暖气片头不得开个口，那时候真是受了气还受伤，谁他妈咽得下这口气
1242,BV1dvfsBrEFJ,36270509724,央视一句话定调：这不是互殴，是正当防卫,787.981,13:07.981,2026-04-11,2026-04-11 08:42:31,1775868151,5,25,15138834,0,11d4f056,2086892324310913536,这才是正规法院～！
1243,BV1dvfsBrEFJ,36270509724,央视一句话定调：这不是互殴，是正当防卫,788.666,13:08.666,2026-02-25,2026-02-25 20:16:56,1772021816,1,25,16777215,0,d045d53c,2054626928044492032,不管有木有打到，随手拿起物品制止对方侵害自己
1244,BV1dvfsBrEFJ,36270509724,央视一句话定调：这不是互殴，是正当防卫,789.644,13:09.644,2026-02-26,2026-02-26 03:15:16,1772046916,1,25,16777215,0,1b028e95,2054837486441878272,请问打人的受到什么惩罚？
1245,BV1dvfsBrEFJ,36270509724,央视一句话定调：这不是互殴，是正当防卫,790.828,13:10.828,2026-04-08,2026-04-08 18:20:33,1775643633,1,25,14811775,0,f3c69197,2085008936196847104,在这种情况下摸到什么算什么，并不是蓄意摸啤酒瓶
1246,BV1dvfsBrEFJ,36270509724,央视一句话定调：这不是互殴，是正当防卫,790.844,13:10.844,2026-02-25,2026-02-25 22:46:46,1772030806,1,25,16776960,0,a0f9fda0,2054702343517882112,假如她拿的是刀，绝对不会是这种情况
1247,BV1dvfsBrEFJ,36270509724,央视一句话定调：这不是互殴，是正当防卫,791.509,13:11.509,2026-04-11,2026-04-11 12:55:19,1775883319,1,25,16777215,0,c542028c,2087019568035060480,别人要杀我，墓志铭写对方责任吗？
1248,BV1dvfsBrEFJ,36270509724,央视一句话定调：这不是互殴，是正当防卫,792.079,13:12.079,2026-02-25,2026-02-25 21:47:21,1772027241,1,25,16777215,0,4c9e81ea,2054672440026025216,最终解释权，在我！
1249,BV1dvfsBrEFJ,36270509724,央视一句话定调：这不是互殴，是正当防卫,792.375,13:12.375,2026-02-25,2026-02-25 21:59:23,1772027963,1,25,16777215,0,e1ee4787,2054678494394670080,基层面可不是“个别”哦，蛮常见的
1250,BV1dvfsBrEFJ,36270509724,央视一句话定调：这不是互殴，是正当防卫,793.700,13:13.700,2026-03-27,2026-03-27 04:29:30,1774556970,1,25,16777215,0,3a16192d,2075893340364506368,应该判刑
1251,BV1dvfsBrEFJ,36270509724,央视一句话定调：这不是互殴，是正当防卫,794.352,13:14.352,2026-02-25,2026-02-25 23:59:41,1772035181,1,25,16777215,0,e7453a3f,2054739042872614656,所以能不能用酒瓶？
1252,BV1dvfsBrEFJ,36270509724,央视一句话定调：这不是互殴，是正当防卫,794.779,13:14.779,2026-04-07,2026-04-07 09:00:42,1775523642,1,25,16777215,0,556c40ed,2084002374816993024,你要笑死我，个别？？？？？
1253,BV1dvfsBrEFJ,36270509724,央视一句话定调：这不是互殴，是正当防卫,794.800,13:14.800,2026-02-25,2026-02-25 17:45:04,1772012704,1,25,16777215,0,76411240,2054550490997657088,是非
1254,BV1dvfsBrEFJ,36270509724,央视一句话定调：这不是互殴，是正当防卫,795.138,13:15.138,2026-02-26,2026-02-26 00:03:57,1772035437,1,25,16777215,0,49a428bc,2054741193434381312,这可不是个别，是普遍！！！！
1255,BV1dvfsBrEFJ,36270509724,央视一句话定调：这不是互殴，是正当防卫,796.457,13:16.457,2026-03-31,2026-03-31 17:46:10,1774950370,1,25,16777215,0,b63521d5,2079193423550414592,这TM是普遍现象
1256,BV1dvfsBrEFJ,36270509724,央视一句话定调：这不是互殴，是正当防卫,796.499,13:16.499,2026-02-25,2026-02-25 22:12:43,1772028763,1,25,16777215,0,a834e811,2054685202160772096,并非个别
1257,BV1dvfsBrEFJ,36270509724,央视一句话定调：这不是互殴，是正当防卫,796.696,13:16.696,2026-04-04,2026-04-04 00:44:17,1775234657,1,25,16777215,0,5f55e067,2081578196172349440,海量个例
1258,BV1dvfsBrEFJ,36270509724,央视一句话定调：这不是互殴，是正当防卫,796.897,13:16.897,2026-03-30,2026-03-30 09:08:48,1774832928,1,25,16777215,0,331786b5,2078208245772400640,并非个别
1259,BV1dvfsBrEFJ,36270509724,央视一句话定调：这不是互殴，是正当防卫,797.087,13:17.087,2026-04-06,2026-04-06 20:51:27,1775479887,1,25,16777215,0,937aaafe,2083635328044505344,海量个例
1260,BV1dvfsBrEFJ,36270509724,央视一句话定调：这不是互殴，是正当防卫,797.346,13:17.346,2026-05-07,2026-05-07 17:47:42,1778147262,1,25,16777215,0,2d900f5c,2106010892516534784,要是放弃抵抗，被乱拳打死了怎么办？
1261,BV1dvfsBrEFJ,36270509724,央视一句话定调：这不是互殴，是正当防卫,797.630,13:17.630,2026-05-05,2026-05-05 23:21:43,1777994503,1,25,16777215,0,a90fd7fb,2104729457113443072,海量个别
1262,BV1dvfsBrEFJ,36270509724,央视一句话定调：这不是互殴，是正当防卫,799.029,13:19.029,2026-04-03,2026-04-03 09:50:12,1775181012,1,25,16777215,0,38a6552a,2081128184086431232,是的
1263,BV1dvfsBrEFJ,36270509724,央视一句话定调：这不是互殴，是正当防卫,799.425,13:19.425,2026-04-03,2026-04-03 02:59:32,1775156372,1,25,16777215,0,1cb099ba,2080921487526782720,本来就是这么简单为什么弄这么麻烦呢？
1264,BV1dvfsBrEFJ,36270509724,央视一句话定调：这不是互殴，是正当防卫,799.524,13:19.524,2026-02-25,2026-02-25 22:52:44,1772031164,1,25,16777215,0,b7af7e1b,2054705345926369024,就是
1265,BV1dvfsBrEFJ,36270509724,央视一句话定调：这不是互殴，是正当防卫,800.423,13:20.423,2026-02-25,2026-02-25 22:31:51,1772029911,1,25,16777215,0,39b5dbf6,2054694838372969216,打人者应判罚半年以上刑罚
1266,BV1dvfsBrEFJ,36270509724,央视一句话定调：这不是互殴，是正当防卫,800.638,13:20.638,2026-02-25,2026-02-25 20:13:32,1772021612,1,25,16777215,0,f74c4cee,2054625218815222016,说得好
1267,BV1dvfsBrEFJ,36270509724,央视一句话定调：这不是互殴，是正当防卫,800.749,13:20.749,2026-03-30,2026-03-30 23:41:34,1774885294,1,25,16777215,0,1d6da7ea,2078647527100197376,海量个例
1268,BV1dvfsBrEFJ,36270509724,央视一句话定调：这不是互殴，是正当防卫,801.012,13:21.012,2026-02-25,2026-02-25 20:37:21,1772023041,1,25,16777215,0,3e9d15e5,2054637205456464640,个别
1269,BV1dvfsBrEFJ,36270509724,央视一句话定调：这不是互殴，是正当防卫,801.626,13:21.626,2026-04-09,2026-04-09 04:07:32,1775678852,1,25,16777215,0,8a125763,2085304370009976576,哪有这么简单，司法中的性质判断就是需要一群人反复研判，慎之又慎
1270,BV1dvfsBrEFJ,36270509724,央视一句话定调：这不是互殴，是正当防卫,801.674,13:21.674,2026-02-25,2026-02-25 20:32:46,1772022766,1,25,16777215,0,9050e6ec,2054634898950010880,并非个别
1271,BV1dvfsBrEFJ,36270509724,央视一句话定调：这不是互殴，是正当防卫,801.966,13:21.966,2026-04-24,2026-04-24 11:49:25,1777002565,1,25,16777215,0,30c7eca4,2096408475923233024,部分
1272,BV1dvfsBrEFJ,36270509724,央视一句话定调：这不是互殴，是正当防卫,803.163,13:23.163,2026-03-30,2026-03-30 11:28:00,1774841280,1,25,16777215,0,55c395ae,2078278303332365056,说得好
1273,BV1dvfsBrEFJ,36270509724,央视一句话定调：这不是互殴，是正当防卫,803.941,13:23.941,2026-03-29,2026-03-29 23:58:42,1774799922,1,25,16777215,0,865861ec,2077931370940419840,已经是常态了
1274,BV1dvfsBrEFJ,36270509724,央视一句话定调：这不是互殴，是正当防卫,804.140,13:24.140,2026-04-15,2026-04-15 20:38:00,1776256680,1,25,16777215,0,3561c04f,2090151540630265088,并非个别
1275,BV1dvfsBrEFJ,36270509724,央视一句话定调：这不是互殴，是正当防卫,804.332,13:24.332,2026-02-25,2026-02-25 20:32:05,1772022725,1,25,16777215,0,579df13f,2054634552374893056,时间太长了也不知道花多少钱
1276,BV1dvfsBrEFJ,36270509724,央视一句话定调：这不是互殴，是正当防卫,804.444,13:24.444,2026-02-25,2026-02-25 23:34:49,1772033689,1,25,16777215,0,93e64c2a,2054726525769272576,不是个别
1277,BV1dvfsBrEFJ,36270509724,央视一句话定调：这不是互殴，是正当防卫,804.450,13:24.450,2026-04-14,2026-04-14 08:17:19,1776125839,1,25,16777215,0,871f7b68,2089053970646860800,举一反三
1278,BV1dvfsBrEFJ,36270509724,央视一句话定调：这不是互殴，是正当防卫,804.712,13:24.712,2026-02-25,2026-02-25 19:14:27,1772018067,1,25,16777215,0,e9ba3e97,2054595478666093312,这个醉酒的渣男也应该重新追责，！
1279,BV1dvfsBrEFJ,36270509724,央视一句话定调：这不是互殴，是正当防卫,805.743,13:25.743,2026-02-25,2026-02-25 23:20:30,1772032830,1,25,16777215,0,b433e056,2054719320785479680,在店子打砸不赔钱？老板娘没软组织伤？不要赔钱？
1280,BV1dvfsBrEFJ,36270509724,央视一句话定调：这不是互殴，是正当防卫,805.843,13:25.843,2026-02-25,2026-02-25 23:22:16,1772032936,1,25,16777215,0,f234c2e1,2054720211042876416,影响太坏了。
1281,BV1dvfsBrEFJ,36270509724,央视一句话定调：这不是互殴，是正当防卫,805.899,13:25.899,2026-02-25,2026-02-25 19:51:57,1772020317,1,25,16777215,0,ad4f2518,2054614358184798208,好
1282,BV1dvfsBrEFJ,36270509724,央视一句话定调：这不是互殴，是正当防卫,805.900,13:25.900,2026-02-25,2026-02-25 23:30:42,1772033442,1,25,16777215,0,54ada577,2054724450939371776,就算失手打死了 也是正当防卫
1283,BV1dvfsBrEFJ,36270509724,央视一句话定调：这不是互殴，是正当防卫,805.982,13:25.982,2026-04-14,2026-04-14 15:37:13,1776152233,1,25,16777215,0,8b11e1a2,2089275378434350336,并非个别
1284,BV1dvfsBrEFJ,36270509724,央视一句话定调：这不是互殴，是正当防卫,806.937,13:26.937,2026-02-25,2026-02-25 21:44:39,1772027079,1,25,16777215,0,488ffd46,2054671076390884096,并非个别
1285,BV1dvfsBrEFJ,36270509724,央视一句话定调：这不是互殴，是正当防卫,807.271,13:27.271,2026-02-25,2026-02-25 22:07:49,1772028469,1,25,16777215,0,d6b21887,2054682738560697344,太对了
1286,BV1dvfsBrEFJ,36270509724,央视一句话定调：这不是互殴，是正当防卫,810.213,13:30.213,2026-02-25,2026-02-25 23:01:15,1772031675,1,25,16777215,0,765a4838,2054709629510110464,跟很多交通案件一样
1287,BV1dvfsBrEFJ,36270509724,央视一句话定调：这不是互殴，是正当防卫,810.302,13:30.302,2026-04-13,2026-04-13 09:15:09,1776042909,1,25,15138834,0,8cd28f0,2088358304341644032,帽子一点责任没有？
1288,BV1dvfsBrEFJ,36270509724,央视一句话定调：这不是互殴，是正当防卫,810.329,13:30.329,2026-02-25,2026-02-25 22:02:26,1772028146,1,25,16740868,0,3ff91019,2054680031338784512,弱者伸冤太tm难了!这么明显简单的案件要这么几番周折
1289,BV1dvfsBrEFJ,36270509724,央视一句话定调：这不是互殴，是正当防卫,810.666,13:30.666,2026-03-29,2026-03-29 15:31:30,1774769490,1,25,16777215,0,6fc0be85,2077676090180122624,这种判错的，不作为的都应该直接开除
1290,BV1dvfsBrEFJ,36270509724,央视一句话定调：这不是互殴，是正当防卫,811.222,13:31.222,2026-04-07,2026-04-07 08:24:15,1775521455,1,25,16777215,0,56c67afe,2083984029904077824,是不是应该举一反三了
1291,BV1dvfsBrEFJ,36270509724,央视一句话定调：这不是互殴，是正当防卫,811.581,13:31.581,2026-04-08,2026-04-08 07:15:58,1775603758,1,25,16777215,0,3efdad64,2084674436879686144,被关五天怎么补偿？最后还要感谢法院“公平公正”。
1292,BV1dvfsBrEFJ,36270509724,央视一句话定调：这不是互殴，是正当防卫,812.872,13:32.872,2026-03-31,2026-03-31 13:08:34,1774933714,1,25,16777215,0,1393ff09,2079053700244688640,难道不应该处罚那个先动手的吗？
1293,BV1dvfsBrEFJ,36270509724,央视一句话定调：这不是互殴，是正当防卫,812.884,13:32.884,2026-04-14,2026-04-14 17:57:36,1776160656,1,25,16777215,0,9004c182,2089346039101291264,看完后我一点都轻松不了
1294,BV1dvfsBrEFJ,36270509724,央视一句话定调：这不是互殴，是正当防卫,812.926,13:32.926,2026-04-01,2026-04-01 12:31:46,1775017906,1,25,16777215,0,3eb58d08,2079759956193721600,还来索赔4万块？不得定他个敲诈勒索？
1295,BV1dvfsBrEFJ,36270509724,央视一句话定调：这不是互殴，是正当防卫,814.015,13:34.015,2026-04-24,2026-04-24 14:37:55,1777012675,1,25,16777215,0,71290555,2096493292878941184,民营派出所啊
1296,BV1dvfsBrEFJ,36270509724,央视一句话定调：这不是互殴，是正当防卫,814.241,13:34.241,2026-04-18,2026-04-18 16:15:33,1776500133,1,25,16777215,0,daafa735,2092193772280127488,老板娘受委屈了
1297,BV1dvfsBrEFJ,36270509724,央视一句话定调：这不是互殴，是正当防卫,814.341,13:34.341,2026-02-25,2026-02-25 16:02:16,1772006536,1,25,16777215,0,be922f99,2054498749954557952,太难了
1298,BV1dvfsBrEFJ,36270509724,央视一句话定调：这不是互殴，是正当防卫,814.619,13:34.619,2026-02-25,2026-02-25 20:28:48,1772022528,1,25,16777215,0,ecd7c532,2054632902301776384,还有，张女士的坚持
1299,BV1dvfsBrEFJ,36270509724,央视一句话定调：这不是互殴，是正当防卫,814.671,13:34.671,2026-02-25,2026-02-25 22:05:05,1772028305,1,25,16646914,0,3e54321,2054681365990981888,退回来的钱。。请继续起诉派出所
1300,BV1dvfsBrEFJ,36270509724,央视一句话定调：这不是互殴，是正当防卫,815.620,13:35.620,2026-02-25,2026-02-25 23:23:20,1772033000,1,25,16777215,0,94fa261f,2054720749516391424,判的好
1301,BV1dvfsBrEFJ,36270509724,央视一句话定调：这不是互殴，是正当防卫,815.627,13:35.627,2026-02-26,2026-02-26 00:19:23,1772036363,1,25,16777215,0,923c9108,2054748958341021440,白拘留5日
1302,BV1dvfsBrEFJ,36270509724,央视一句话定调：这不是互殴，是正当防卫,815.694,13:35.694,2026-02-25,2026-02-25 17:21:03,1772011263,1,25,16777215,0,a24f45cf,2054538402392916480,3年时间啊！太难了
1303,BV1dvfsBrEFJ,36270509724,央视一句话定调：这不是互殴，是正当防卫,815.945,13:35.945,2026-04-13,2026-04-13 09:37:44,1776044264,1,25,16777215,0,4248d92e,2088369667894127616,太不容易了
1304,BV1dvfsBrEFJ,36270509724,央视一句话定调：这不是互殴，是正当防卫,816.562,13:36.562,2026-03-31,2026-03-31 16:13:36,1774944816,1,25,16777215,0,707e6a5,2079146834160943872,饭馆损失，精神损害呢？
1305,BV1dvfsBrEFJ,36270509724,央视一句话定调：这不是互殴，是正当防卫,817.265,13:37.265,2026-02-25,2026-02-25 21:43:32,1772027012,1,25,16777215,0,fc3eafd3,2054670518749452800,要赔偿的吧
1306,BV1dvfsBrEFJ,36270509724,央视一句话定调：这不是互殴，是正当防卫,817.700,13:37.700,2026-02-25,2026-02-25 18:37:17,1772015837,1,25,16777215,0,8bbfbcce,2054576770929385728,大快人心
1307,BV1dvfsBrEFJ,36270509724,央视一句话定调：这不是互殴，是正当防卫,818.186,13:38.186,2026-04-11,2026-04-11 11:29:57,1775878197,1,25,16777215,0,eb35b463,2086976596032163072,这200块钱应该送博物馆裱起来展出
1308,BV1dvfsBrEFJ,36270509724,央视一句话定调：这不是互殴，是正当防卫,819.000,13:39.000,2026-04-10,2026-04-10 22:15:46,1775830546,1,25,16777215,0,e390c191,2086576873391363072,淄博真是个好地方
1309,BV1dvfsBrEFJ,36270509724,央视一句话定调：这不是互殴，是正当防卫,819.644,13:39.644,2026-02-25,2026-02-25 21:39:38,1772026778,1,25,16777215,0,d66ce001,2054668554338416640,5天拘留呢
1310,BV1dvfsBrEFJ,36270509724,央视一句话定调：这不是互殴，是正当防卫,819.958,13:39.958,2026-02-25,2026-02-25 23:47:30,1772034450,1,25,16777215,0,4cfc24c3,2054732910472998144,没有赔偿啊，还拘留了5日
1311,BV1dvfsBrEFJ,36270509724,央视一句话定调：这不是互殴，是正当防卫,820.067,13:40.067,2026-02-26,2026-02-26 00:08:21,1772035701,1,25,16777215,0,504b10c0,2054743405921366528,但是浪费了很多时间啊
1312,BV1dvfsBrEFJ,36270509724,央视一句话定调：这不是互殴，是正当防卫,820.496,13:40.496,2026-02-25,2026-02-25 20:41:03,1772023263,1,25,16777215,0,f203cef3,2054639063272743424,拘留那几天 也得补偿
1313,BV1dvfsBrEFJ,36270509724,央视一句话定调：这不是互殴，是正当防卫,821.080,13:41.080,2026-04-26,2026-04-26 09:42:30,1777167750,1,25,16777215,0,2a369ab6,2097794148891177216,时间不要钱？
1314,BV1dvfsBrEFJ,36270509724,央视一句话定调：这不是互殴，是正当防卫,821.234,13:41.234,2026-02-25,2026-02-25 22:42:29,1772030549,1,25,16777215,0,19edd66c,2054700183207902976,桓台的啊
1315,BV1dvfsBrEFJ,36270509724,央视一句话定调：这不是互殴，是正当防卫,821.293,13:41.293,2026-02-25,2026-02-25 22:52:24,1772031144,1,25,16777215,0,71e3d185,2054705174949946880,张女士这声音是南方人口音 ，难怪之前被山东法院判罚
1316,BV1dvfsBrEFJ,36270509724,央视一句话定调：这不是互殴，是正当防卫,821.319,13:41.319,2026-03-29,2026-03-29 09:16:53,1774747013,1,25,16777215,0,8f31119a,2077487541107665152,法律一定要保护人民
1317,BV1dvfsBrEFJ,36270509724,央视一句话定调：这不是互殴，是正当防卫,821.438,13:41.438,2026-02-25,2026-02-25 23:53:06,1772034786,1,25,16777215,0,ee0d937b,2054735728130412800,拘留5天呢，不能退的得赔偿吧
1318,BV1dvfsBrEFJ,36270509724,央视一句话定调：这不是互殴，是正当防卫,821.481,13:41.481,2026-02-25,2026-02-25 22:31:53,1772029913,1,25,16777215,0,59a0246c,2054694850225384192,赔偿呢？退了就完事了？
1319,BV1dvfsBrEFJ,36270509724,央视一句话定调：这不是互殴，是正当防卫,822.116,13:42.116,2026-04-27,2026-04-27 17:31:41,1777282301,1,25,16777215,0,933b54e3,2098755072502317056,三年啊
1320,BV1dvfsBrEFJ,36270509724,央视一句话定调：这不是互殴，是正当防卫,822.231,13:42.231,2026-04-14,2026-04-14 23:42:08,1776181328,1,25,16777215,0,cb5fc6d0,2089519448179981568,想知道这男的判了多久
1321,BV1dvfsBrEFJ,36270509724,央视一句话定调：这不是互殴，是正当防卫,822.240,13:42.240,2026-03-29,2026-03-29 20:17:02,1774786622,1,25,16777215,0,359d449,2077819802462529792,律师费呢？
1322,BV1dvfsBrEFJ,36270509724,央视一句话定调：这不是互殴，是正当防卫,822.703,13:42.703,2026-02-25,2026-02-25 20:13:53,1772021633,1,25,16777215,0,8cbb3210,2054625392962779136,赔钱，还关了老板5天呢
1323,BV1dvfsBrEFJ,36270509724,央视一句话定调：这不是互殴，是正当防卫,822.753,13:42.753,2026-04-14,2026-04-14 20:31:40,1776169900,1,25,16777215,0,4dea41f9,2089423581648969216,太难了！
1324,BV1dvfsBrEFJ,36270509724,央视一句话定调：这不是互殴，是正当防卫,822.910,13:42.910,2026-04-15,2026-04-15 13:14:59,1776230099,1,25,16777215,0,c4a5fe97,2089928567798184704,5天拘留应该补偿误工费
1325,BV1dvfsBrEFJ,36270509724,央视一句话定调：这不是互殴，是正当防卫,823.124,13:43.124,2026-02-27,2026-02-27 12:15:29,1772165729,1,25,16777215,0,4ac26d95,2055834162677788672,没赔偿吗
1326,BV1dvfsBrEFJ,36270509724,央视一句话定调：这不是互殴，是正当防卫,823.127,13:43.127,2026-02-25,2026-02-25 23:07:57,1772032077,1,25,16777215,0,728c409e,2054713003635178752,拘留的几天国家赔偿不》
1327,BV1dvfsBrEFJ,36270509724,央视一句话定调：这不是互殴，是正当防卫,823.510,13:43.510,2026-02-26,2026-02-26 00:03:22,1772035402,1,25,16777215,0,db8ffc22,2054740892568938752,被打的钱呢  影响生意的误工费呢  损坏店内物品的钱呢
1328,BV1dvfsBrEFJ,36270509724,央视一句话定调：这不是互殴，是正当防卫,824.595,13:44.595,2026-02-25,2026-02-25 19:21:35,1772018495,1,25,16777215,0,822a50ed,2054599066516239616,赞
1329,BV1dvfsBrEFJ,36270509724,央视一句话定调：这不是互殴，是正当防卫,824.741,13:44.741,2026-03-29,2026-03-29 23:59:09,1774799949,1,25,16777215,0,865861ec,2077931596501498880,真的大快人心
1330,BV1dvfsBrEFJ,36270509724,央视一句话定调：这不是互殴，是正当防卫,825.190,13:45.190,2026-04-15,2026-04-15 20:38:22,1776256702,1,25,16777215,0,3561c04f,2090151730750139392,大快人心
1331,BV1dvfsBrEFJ,36270509724,央视一句话定调：这不是互殴，是正当防卫,826.571,13:46.571,2026-03-31,2026-03-31 09:10:51,1774919451,1,25,16777215,0,4ead3474,2078934051439960320,拘留的补偿呢？
1332,BV1dvfsBrEFJ,36270509724,央视一句话定调：这不是互殴，是正当防卫,827.827,13:47.827,2026-02-25,2026-02-25 23:25:16,1772033116,1,25,16777215,0,300de7ee,2054721722267062272,要赔偿自己再去起诉啊
1333,BV1dvfsBrEFJ,36270509724,央视一句话定调：这不是互殴，是正当防卫,828.052,13:48.052,2026-04-14,2026-04-14 07:40:14,1776123614,1,25,16777215,0,6b59b7e3,2089035305809779200,还有拘留补偿
1334,BV1dvfsBrEFJ,36270509724,央视一句话定调：这不是互殴，是正当防卫,828.125,13:48.125,2026-03-30,2026-03-30 08:58:06,1774832286,1,25,16777215,0,d877c35c,2078202856032506112,诉讼费和律师费怎么也得上万了
1335,BV1dvfsBrEFJ,36270509724,央视一句话定调：这不是互殴，是正当防卫,828.126,13:48.126,2026-02-25,2026-02-25 23:22:48,1772032968,1,25,16777215,0,8768d53b,2054720476081320192,那白拘留了吗
1336,BV1dvfsBrEFJ,36270509724,央视一句话定调：这不是互殴，是正当防卫,828.317,13:48.317,2026-04-15,2026-04-15 00:22:26,1776183746,1,25,16777215,0,be54091a,2089539724493910272,还要啥自行车？
1337,BV1dvfsBrEFJ,36270509724,央视一句话定调：这不是互殴，是正当防卫,830.252,13:50.252,2026-02-25,2026-02-25 23:41:19,1772034079,1,25,16777215,0,be9366a0,2054729800697828352,被打了不用赔啦？
1338,BV1dvfsBrEFJ,36270509724,央视一句话定调：这不是互殴，是正当防卫,831.495,13:51.495,2026-02-25,2026-02-25 19:24:02,1772018642,1,25,16777215,0,1b70d5df,2054600300320420352,别慌，管你5天怎么算的？
1339,BV1dvfsBrEFJ,36270509724,央视一句话定调：这不是互殴，是正当防卫,831.891,13:51.891,2026-04-13,2026-04-13 01:16:01,1776014161,1,25,16777215,0,71ab6e72,2088117145417963008,这个案例很有意义
1340,BV1dvfsBrEFJ,36270509724,央视一句话定调：这不是互殴，是正当防卫,832.232,13:52.232,2026-02-25,2026-02-25 22:33:34,1772030014,1,25,16777215,0,f35f4444,2054695700889674752,非常常见的各打50大板
1341,BV1dvfsBrEFJ,36270509724,央视一句话定调：这不是互殴，是正当防卫,832.373,13:52.373,2026-02-25,2026-02-25 19:55:56,1772020556,1,25,16777215,0,59db7c47,2054616357433415936,付出的时间和收益找谁要去？
1342,BV1dvfsBrEFJ,36270509724,央视一句话定调：这不是互殴，是正当防卫,832.544,13:52.544,2026-02-25,2026-02-25 19:43:41,1772019821,1,25,16777215,0,77bf5fd6,2054610196512479488,参考？？？？
1343,BV1dvfsBrEFJ,36270509724,央视一句话定调：这不是互殴，是正当防卫,833.182,13:53.182,2026-02-25,2026-02-25 23:51:50,1772034710,1,25,16777215,0,c255f7b1,2054735089723787776,记住，暖气片
1344,BV1dvfsBrEFJ,36270509724,央视一句话定调：这不是互殴，是正当防卫,833.506,13:53.506,2026-02-25,2026-02-25 23:36:49,1772033809,1,25,16777215,0,9188a8d4,2054727537015867392,叫坏人赔钱
1345,BV1dvfsBrEFJ,36270509724,央视一句话定调：这不是互殴，是正当防卫,833.514,13:53.514,2026-02-25,2026-02-25 22:36:19,1772030179,1,25,16777215,0,7aaacf3c,2054697079162701312,那拘留的5天呢
1346,BV1dvfsBrEFJ,36270509724,央视一句话定调：这不是互殴，是正当防卫,833.811,13:53.811,2026-03-30,2026-03-30 17:47:29,1774864049,1,25,16777215,0,775cfc57,2078469305518917376,应该让派出所承担部分责任，让一二审法官下岗
1347,BV1dvfsBrEFJ,36270509724,央视一句话定调：这不是互殴，是正当防卫,834.751,13:54.751,2026-02-25,2026-02-25 20:38:54,1772023134,1,25,16707842,0,c3646d3c,2054637989161705728,明确！你们付得起代价吗！？可悲的受害者们
1348,BV1dvfsBrEFJ,36270509724,央视一句话定调：这不是互殴，是正当防卫,835.201,13:55.201,2026-04-07,2026-04-07 07:28:40,1775518120,1,25,16777215,0,d5120b52,2083956052201914880,事实上就是认定了互殴，张女士是因为暖气片才能告赢的
1349,BV1dvfsBrEFJ,36270509724,央视一句话定调：这不是互殴，是正当防卫,836.514,13:56.514,2026-02-25,2026-02-25 20:37:56,1772023076,1,25,16777215,0,3e9d15e5,2054637500987256576,个别。。。
1350,BV1dvfsBrEFJ,36270509724,央视一句话定调：这不是互殴，是正当防卫,837.156,13:57.156,2026-02-25,2026-02-25 22:50:11,1772031011,1,25,16776960,0,a0f9fda0,2054704066353223936,关她5天，那属于工作失误，口头说说，下次别这么做了
1351,BV1dvfsBrEFJ,36270509724,央视一句话定调：这不是互殴，是正当防卫,837.331,13:57.331,2026-03-30,2026-03-30 16:37:12,1774859832,1,25,16777215,0,8ed53ddd,2078433935154871808,当初就应该按正当防卫来处理
1352,BV1dvfsBrEFJ,36270509724,央视一句话定调：这不是互殴，是正当防卫,839.044,13:59.044,2026-02-25,2026-02-25 18:17:41,1772014661,1,25,16777215,0,cc84b27f,2054566907402990336,弘扬社会正气，维护法律尊严，保遵纪守法公民安全，严厉打击犯罪行为。
1353,BV1dvfsBrEFJ,36270509724,央视一句话定调：这不是互殴，是正当防卫,840.294,14:00.294,2026-03-30,2026-03-30 07:08:23,1774825703,1,25,16777215,0,22e31e45,2078147634354251264,还是不爽
1354,BV1dvfsBrEFJ,36270509724,央视一句话定调：这不是互殴，是正当防卫,841.026,14:01.026,2026-02-25,2026-02-25 20:14:13,1772021653,1,25,16777215,0,f74c4cee,2054625557782268672,要分对错先后
1355,BV1dvfsBrEFJ,36270509724,央视一句话定调：这不是互殴，是正当防卫,841.197,14:01.197,2026-04-02,2026-04-02 22:36:21,1775140581,1,25,16777215,0,154c79b,2080789022464756992,鼓励正当防卫才是对施暴者的最大震慑，让他动手前考虑清楚
1356,BV1dvfsBrEFJ,36270509724,央视一句话定调：这不是互殴，是正当防卫,841.839,14:01.839,2026-02-25,2026-02-25 20:04:57,1772021097,1,25,16777215,0,2412721b,2054620894613735936,拘留5天，必须要赔偿的
1357,BV1dvfsBrEFJ,36270509724,央视一句话定调：这不是互殴，是正当防卫,841.840,14:01.840,2026-04-13,2026-04-13 21:54:14,1776088454,1,25,16777215,0,14f1317b,2088740358090620672,赔钱 关了5天 
1358,BV1dvfsBrEFJ,36270509724,央视一句话定调：这不是互殴，是正当防卫,843.416,14:03.416,2026-02-25,2026-02-25 21:25:46,1772025946,1,25,16777215,0,13ee3089,2054661576904715520,心理伤害怎么算？三年啊！拘留五天怎么算？退钱就行了？？？？
1359,BV1dvfsBrEFJ,36270509724,央视一句话定调：这不是互殴，是正当防卫,847.128,14:07.128,2026-02-25,2026-02-25 21:47:12,1772027232,1,25,16777215,0,e6cfec22,2054672363748168960,必须国家赔偿
1360,BV1dvfsBrEFJ,36270509724,央视一句话定调：这不是互殴，是正当防卫,847.301,14:07.301,2026-02-25,2026-02-25 22:26:24,1772029584,1,25,16777215,0,9c4b715,2054692089526155520,赔偿
1361,BV1dvfsBrEFJ,36270509724,央视一句话定调：这不是互殴，是正当防卫,849.105,14:09.105,2026-04-15,2026-04-15 20:38:48,1776256728,1,25,16777215,0,3561c04f,2090151942981829632,鼓励正当防卫才是对施暴者的最大震慑，让他动手前考虑清楚
1362,BV1dvfsBrEFJ,36270509724,央视一句话定调：这不是互殴，是正当防卫,849.984,14:09.984,2026-02-25,2026-02-25 22:13:41,1772028821,1,25,16777215,0,a834e811,2054685690881120000,别信
1363,BV1dvfsBrEFJ,36270509724,央视一句话定调：这不是互殴，是正当防卫,850.146,14:10.146,2026-02-25,2026-02-25 23:23:20,1772033000,1,25,16777215,0,b433e056,2054720746655840000,什么时候研究下机动车无责也要出钱给全责行人？！
1364,BV1dvfsBrEFJ,36270509724,央视一句话定调：这不是互殴，是正当防卫,850.667,14:10.667,2026-02-25,2026-02-25 21:55:36,1772027736,1,25,16777215,0,296714a0,2054676592194281216,真tm可笑
1365,BV1dvfsBrEFJ,36270509724,央视一句话定调：这不是互殴，是正当防卫,851.041,14:11.041,2026-02-25,2026-02-25 23:50:52,1772034652,1,25,16777215,0,6e24cf83,2054734605584137472,你咋知道人家赔没赔   或许是女老板不追索了呢
1366,BV1dvfsBrEFJ,36270509724,央视一句话定调：这不是互殴，是正当防卫,851.699,14:11.699,2026-02-25,2026-02-25 23:49:55,1772034595,1,25,16777215,0,4b1479b5,2054734125294491136,呵呵 难
1367,BV1dvfsBrEFJ,36270509724,央视一句话定调：这不是互殴，是正当防卫,851.988,14:11.988,2026-04-04,2026-04-04 23:29:40,1775316580,1,25,16777215,0,3b18862c,2082265412070557696,还我大同兄弟公正！
1368,BV1dvfsBrEFJ,36270509724,央视一句话定调：这不是互殴，是正当防卫,852.286,14:12.286,2026-04-15,2026-04-15 06:20:24,1776205224,1,25,16777215,0,c2f570ab,2089719898405759232,我觉得应该审判那些乱拘留人的派出所领导
1369,BV1dvfsBrEFJ,36270509724,央视一句话定调：这不是互殴，是正当防卫,852.921,14:12.921,2026-02-25,2026-02-25 22:27:40,1772029660,1,25,16777215,0,d40a30c,2054692733125742080,并不会
1370,BV1dvfsBrEFJ,36270509724,央视一句话定调：这不是互殴，是正当防卫,856.127,14:16.127,2026-03-31,2026-03-31 18:01:34,1774951294,1,25,16777215,0,6f41d684,2079201167787358720,错审错判必须追究责任，开除公职，因为他不合格
1371,BV1dvfsBrEFJ,36270509724,央视一句话定调：这不是互殴，是正当防卫,862.194,14:22.194,2026-02-25,2026-02-25 22:54:26,1772031266,1,25,16777215,0,49da0a33,2054706199215090944,拘留五天的赔偿还是要的
1372,BV1dvfsBrEFJ,36270509724,央视一句话定调：这不是互殴，是正当防卫,863.232,14:23.232,2026-02-25,2026-02-25 21:59:27,1772027967,1,25,16777215,0,75866e61,2054678524132268800,太难了，太难了。
1373,BV1dvfsBrEFJ,36270509724,央视一句话定调：这不是互殴，是正当防卫,863.447,14:23.447,2026-02-26,2026-02-26 00:03:53,1772035433,1,25,16777215,0,774fc993,2054741155770064384,好
1374,BV1dvfsBrEFJ,36270509724,央视一句话定调：这不是互殴，是正当防卫,864.001,14:24.001,2026-02-25,2026-02-25 20:14:35,1772021675,1,25,16777215,0,f74c4cee,2054625750308895744,国家间也要区分谁先开枪，而不是互殴
1375,BV1dvfsBrEFJ,36270509724,央视一句话定调：这不是互殴，是正当防卫,864.777,14:24.777,2026-04-07,2026-04-07 09:02:21,1775523741,1,25,16777215,0,556c40ed,2084003208686778880,搞笑
